Packet Length Min,Fwd Packet Length Min,Avg Fwd Segment Size,Packet Length Max,Fwd Packets Length Total,Avg Packet Size,Fwd Packet Length Mean,Fwd Packet Length Max,Packet Length Mean,Flow Bytes/s,Subflow Fwd Bytes,Bwd Packets/s,Fwd Act Data Packets,Flow Packets/s,Flow IAT Std,Fwd Packets/s,Flow IAT Max,ACK Flag Count,Fwd IAT Max,Flow IAT Mean,Flow Duration,Fwd IAT Std,Init Fwd Win Bytes,Fwd IAT Mean,Total Fwd Packets,Idle Std,Bwd IAT Max,Fwd IAT Total,Packet Length Variance,Idle Max,label
0.0543478260869565,0.0375410605349601,0.1260243404587458,0.0115911485774499,0.0002986948606667,0.1034996460493951,0.1260243404587458,0.0136986301369863,0.0955816635400386,0.0292247744052502,0.0002986948606667,0.0,0.0005861664712778,0.0566037655848278,1.8130193951898265e-07,0.0566037714374805,3.417965066146169e-07,0.0,3.501330038570652e-07,8.759488550303982e-08,4.333378797699219e-07,1.817747899580933e-07,0.0,9.410531552639113e-08,0.0001269255177984,0.0,0.0,4.416712894928301e-07,0.0004174825582183,0.0,DrDoS_NTP
0.0040760869565217,0.002815579540122,0.0019898580072433,0.0001580611169652,4.716234642105914e-06,0.001596851670128,0.0019898580072433,0.0001867995018679,0.0014910739421238,4.81107218635418e-10,4.716234642105914e-06,1.686166226863861e-08,0.0005861664712778,5.0535736887908466e-08,0.0921860984004683,4.8464966342154386e-08,0.1394452801091147,1.0,0.1394452872831293,0.0891019398315782,0.4942229518891369,0.0958355280395389,0.0891265869140625,0.1053023022001687,0.0001269255177984,0.0453230659385528,8.480096670388411e-09,0.4942229395334338,0.0,0.1403049442067539,Syn
0.2989130434782608,0.2064758329422806,0.1459229205311793,0.0115911485774499,0.0048420008992287,0.1099461984771118,0.1459229205311793,0.0136986301369863,0.1093454224224127,0.0073719012484362,0.0048420008992287,0.0,0.0088990727912181,0.0123311718945985,1.570950283153675e-06,0.0123311785701842,9.578638685370605e-06,0.0,9.586975105610116e-06,3.918343627259468e-07,2.837529770416508e-05,1.5750474512985993e-06,0.0,3.98344790768568e-07,0.0019269601338487,0.0,0.0,2.838363041533168e-05,0.0,0.0,DrDoS_NTP
0.3505434782608695,0.2421398404504927,0.1711277886229285,0.0135932560590094,0.000135198726407,0.1602174559960227,0.1711277886229285,0.0160647571606475,0.1282323590226476,2.3376749671790437e-07,0.000135198726407,0.0,0.0001598635830757,3.2495572966778424e-07,0.0254324531254002,3.3131578378769774e-07,0.0250017808848469,0.0,0.0250017890129197,0.0195252826055782,0.0249925705470526,0.025498783064616,0.0,0.0195252889888908,3.461605030865978e-05,0.0,0.0,0.0249925782556524,0.0,0.0,TFTP
0.0543478260869565,0.0375410605349601,0.1061257603863122,0.0115911485774499,0.0001257662571228,0.0977036707828194,0.1061257603863122,0.0136986301369863,0.0837841537597196,0.0123051681706316,0.0001257662571228,0.0,0.0002664393051262,0.0283018785523727,2.669414878325074e-07,0.02830188465873,3.50133006775949e-07,0.0,3.5846950394890004e-07,2.005212648699085e-07,4.333378797699219e-07,2.676376932899522e-07,0.0,2.0703169415806045e-07,5.7693417181099634e-05,0.0,0.0,4.416712894928301e-07,0.0007048406473632,0.0,DrDoS_NTP
0.0230978260869565,0.015954950727358,0.0112758620410456,0.0020811380400421,4.454221606433364e-06,0.0161459451778937,0.0112758620410456,0.0010585305105853,0.0129226408317396,3.6862571115402687e-06,4.454221606433364e-06,4.801920700073242e-05,5.328786102525844e-05,4.801072800784824e-05,0.0001765472758273,2.400748353069606e-05,0.0001735659333589,0.0,2.5009500275504656e-08,0.0001355732003449,0.0001735351540063,0.0,0.0,5.859387359645212e-08,1.1538683436219929e-05,0.0,8.480096670388411e-09,2.5000261669405472e-08,1.3876550370438796e-05,0.0,Benign
0.0040760869565217,0.002815579540122,0.0019898580072433,0.0001580611169652,3.1441564280706093e-06,0.0016766943069351,0.0019898580072433,0.0001867995018679,0.0014910739421238,4.0266343500805186e-10,3.1441564280706093e-06,0.0,0.0003730150271768,4.091329934801917e-08,0.1066196433267382,4.727336145714945e-08,0.1206090663690869,1.0,0.1206090737001295,0.1129780645694723,0.3374306568766417,0.1068977161664366,0.0891265869140625,0.1129780703443671,8.077078405353949e-05,0.0199673075212546,0.0,0.3374306651076281,0.0,0.1213526085106517,Syn
0.218070652173913,0.1506335053965274,0.1200879327613247,0.0105637513171759,0.0004743746010851,0.0939321395457461,0.1200879327613247,0.0124844333748443,0.0894999372045275,2.491846507562265e-06,0.0004743746010851,0.0,0.0010124693594799,5.056416479618129e-06,0.0008264788723907,5.062776573723811e-06,0.0009236341988746,0.0,0.0009236425276748,0.0010147849128747,0.0082266363111259,0.0008286343975812,0.0,0.0010147914166986,0.0002192349852881,0.0,0.0,0.0082266444388784,2.1533861036504905e-05,0.0,UDP
0.0040760869565217,0.002815579540122,0.0019898580072433,0.0001580611169652,3.1441564280706093e-06,0.0016145945177893,0.0019898580072433,0.0001867995018679,0.0014910739421238,4.4824989220825274e-10,3.1441564280706093e-06,3.665687888860702e-08,0.0003730150271768,4.650523814533057e-08,0.1457419398883667,3.45368583953177e-08,0.2536842599749246,1.0,0.2536846330025899,0.0968752277633398,0.454671570262558,0.1731964256850782,0.0891265869140625,0.1522325086154478,8.077078405353949e-05,0.1647042699327365,0.0653191233371039,0.4546715588956498,0.0,0.2552481873594986,Syn
0.3505434782608695,0.2421398404504927,0.1711277886229285,0.0135932560590094,0.000135198726407,0.1602174559960227,0.1711277886229285,0.0160647571606475,0.1282323590226476,2.337103759275965e-07,0.000135198726407,0.0,0.0001598635830757,3.248742550514605e-07,0.0254386826606517,3.312343042381171e-07,0.0250078998759653,0.0,0.0250079080039871,0.0195300543441903,0.0249986789444732,0.0255050288470102,0.0,0.0195300607274718,3.461605030865978e-05,0.0,0.0,0.0249986866529203,0.0,0.0,TFTP
0.2010869565217391,0.1389019239793524,0.1434094151472434,0.0115911485774499,0.0010763495505428,0.1102892255228435,0.1434094151472434,0.0136986301369863,0.1075102550770291,0.0011250799716046,0.0010763495505428,0.0,0.0019716508579345,0.0019149280408933,2.3046553509886045e-06,0.0019149344074766,4.143240580182063e-06,0.0,4.151577045733773e-06,2.612266305807172e-06,4.133376699343871e-05,2.310666082575949e-06,0.0,2.6187767193938243e-06,0.0004269312871401,0.0,0.0,4.134209938064018e-05,2.3650684371727307e-05,0.0,DrDoS_NTP
0.0,0.0,0.0426312007970443,0.0866438356164383,9.26216081102467e-05,0.1636122495230172,0.0426312007970443,0.0112702366127023,0.1562464810266665,6.100930864434932e-06,9.26216081102467e-05,6.49260425567627e-06,0.000213151444101,6.80875446357338e-06,0.0020814916608022,3.568812375305111e-06,0.0053030061461264,1.0,0.0057618720764727,0.0007520527285456,0.0064176173315018,0.003188721798737,0.1250152587890625,0.00150411846816,0.0001153868343621,0.0,0.0053943590939674,0.0064176255044802,0.0227197390011606,0.0,Benign
0.2989130434782608,0.2064758329422806,0.1459229205311793,0.0115911485774499,0.0057066439169481,0.1098476287068161,0.1459229205311793,0.0136986301369863,0.1093454224224127,0.0088599973965113,0.0057066439169481,0.0,0.0104977086219759,0.0148203509270325,3.767314913616669e-07,0.0148203572863988,8.253135159718798e-07,0.0,8.336500091834885e-07,3.246292384852918e-07,2.782529193368787e-05,3.777140382201825e-07,0.0,3.311396669654474e-07,0.0022731206369353,0.0,0.0,2.783362465860476e-05,0.0,0.0,DrDoS_NTP
0.0543478260869565,0.0375410605349601,0.137394954751296,0.0115911485774499,0.0007598378034503,0.1068116373306818,0.137394954751296,0.0136986301369863,0.1031754638977604,0.015512666894899,0.0007598378034503,0.0,0.0014387722476819,0.0275590468717308,5.411484623833718e-07,0.0275590526259051,1.5672620303304385e-06,0.0,1.5755985173567934e-06,1.7722839095888734e-07,2.1083554534959663e-06,5.425598222879648e-07,0.0,1.8373882039868598e-07,0.0003115444527779,0.0,0.0,2.1166888213429967e-06,0.0001968692754946,0.0,DrDoS_NTP
0.0543478260869565,0.0375410605349601,0.1428615989629678,0.0115911485774499,0.0022009094996494,0.1084039374783689,0.1428615989629678,0.0136986301369863,0.1070805004586799,0.0074937908590025,0.0022009094996494,0.0,0.0041031652989449,0.0128036685818752,4.828936261554611e-07,0.0128036746649359,1.1587735224251645e-06,0.0,1.167110012856884e-06,3.798032887332721e-07,1.2683466404035024e-05,4.841530526336176e-07,0.0,3.863137168542208e-07,0.0008884786245889,0.0,0.0,1.2691799507501511e-05,7.398424990582505e-05,0.0,DrDoS_NTP
0.0169836956521739,0.011731581417175,0.0082910750301806,0.0022655426765015,3.275162945906885e-06,0.015338647918999,0.0082910750301806,0.0007783312577833,0.0122765091693524,1.6898820943381702e-06,3.275162945906885e-06,2.240996742248535e-05,5.328786102525844e-05,2.240148806135237e-05,0.0003783440612949,1.120286371442647e-05,0.0003719496276981,0.0,1.667300018366977e-08,0.0002905084208245,0.0003718539013671,0.0,0.0,3.906258239763474e-08,1.1538683436219929e-05,0.0,2.5440290011165232e-08,1.6666841112936986e-08,2.549859070960784e-05,0.0,Benign
0.3498641304347826,0.2416705771938057,0.1707961456217213,0.0135669125395152,6.746835668568183e-05,0.1918883484603528,0.1707961456217213,0.0160336239103362,0.1279838466989603,0.1749320652173913,6.746835668568183e-05,0.0,5.328786102525844e-05,0.2499999936399381,0.0,0.2499999984099845,8.336500161332119e-09,0.0,1.667300018366977e-08,3.255215201593153e-08,8.33342076480619e-09,0.0,0.0,3.906258239763474e-08,1.1538683436219929e-05,0.0,0.0,1.6666841112936986e-08,0.0,0.0,MSSQL
0.0,0.0,0.0,0.0,0.0,0.0,0.0,0.0,0.0,0.0,0.0,0.0,0.0,5.398037022157163e-08,0.0967705516425498,6.034043187960631e-08,0.1047069005338402,1.0,0.1047069079974513,0.0938095474485865,0.2001287246838698,0.0970229372373126,0.0891265869140625,0.0938095533482765,5.7693417181099634e-05,0.011223251330795,0.0,0.2001287280140198,0.0,0.1053524086103804,UDP-lag
0.3505434782608695,0.2421398404504927,0.1711277886229285,0.0135932560590094,0.000135198726407,0.1602174559960227,0.1711277886229285,0.0160647571606475,0.1282323590226476,2.333465657116085e-07,0.000135198726407,0.0,0.0001598635830757,3.243553319482864e-07,0.0254783438514865,3.307153861996024e-07,0.0250468896872199,0.0,0.0250468978149166,0.0195605036273675,0.0250376543533902,0.0255447934775079,0.0,0.0195605100104508,3.461605030865978e-05,0.0,0.0,0.0250376620608629,0.0,0.0,TFTP
0.3505434782608695,0.2421398404504927,0.1711277886229285,0.0135932560590094,0.000135198726407,0.1602174559960227,0.1711277886229285,0.0160647571606475,0.1282323590226476,2.336876288986542e-07,0.000135198726407,0.0,0.0001598635830757,3.248418096765699e-07,0.0254411704355605,3.312018793112905e-07,0.0250103424705126,0.0,0.025010350598514,0.0195319549829774,0.0250011123033365,0.0255075231102416,0.0,0.0195319613662466,3.461605030865978e-05,0.0,0.0,0.0250011200117227,0.0,0.0,TFTP
0.0040760869565217,0.002815579540122,0.0019898580072433,0.0001580611169652,3.930195535088262e-07,0.0019871932526638,0.0019898580072433,0.0001867995018679,0.0014910739421238,2.416270326739887e-07,3.930195535088262e-07,3.9519443511962886e-05,0.0,2.9631102843590216e-05,0.0002627648561361,9.877740878365228e-06,0.0002109217905818,0.0,0.0,0.0002471033874255,0.0002108605456118,0.0,0.0039215087890625,0.0,0.0,0.0,1.6960193340776826e-08,0.0,0.0,0.0,Benign
0.186820652173913,0.1290473955889254,0.1033897056263526,0.0091938883034773,0.0003267302554836,0.0817077975685143,0.1033897056263526,0.010865504358655,0.0769364895086057,6.143864373430286e-05,0.0003267302554836,0.0,0.0007993179153788,0.0001450399310543,2.9952512629042446e-05,0.0001450462964246,3.616373769985873e-05,0.0,3.617207389847157e-05,3.590111778806994e-05,0.0002298024110102,3.003063125693295e-05,0.0,3.590762798493183e-05,0.0001730802515432,0.0,0.0,0.0002298107386857,2.6088653048111635e-05,0.0,DrDoS_UDP
0.1521739130434782,0.1051149694978883,0.1356893636195076,0.0115911485774499,0.000375202667083,0.109437574520505,0.1356893636195076,0.0136986301369863,0.1021882705338161,0.0003384331490542,0.000375202667083,0.0,0.0006927421933283,0.0006087930557812,1.458888889827032e-05,0.0006087993949419,2.6901886020618743e-05,0.0,2.691022229644301e-05,8.63082764821958e-06,4.790050255610599e-05,1.4626937925986105e-05,0.0,8.637338022622807e-06,0.0001500028846708,0.0,0.0,4.790883477913736e-05,0.0001319461678301,0.0,DrDoS_NTP
0.342391304347826,0.2365086813702487,0.1671480726084418,0.013277133825079,6.60272849894828e-05,0.1877897623767336,0.1671480726084418,0.0156911581569115,0.1252502111384,0.0684782608695652,6.60272849894828e-05,0.0,5.328786102525844e-05,0.0999999923679258,0.0,0.0999999980919814,3.3346000645328475e-08,0.0,4.1682500459174426e-08,9.1146025993855e-08,3.333368305922476e-08,0.0,0.0,9.765645599408687e-08,1.1538683436219929e-05,0.0,0.0,4.1667102782342465e-08,0.0,0.0,DrDoS_MSSQL
0.0543478260869565,0.0375410605349601,0.1061257603863122,0.0115911485774499,0.0001257662571228,0.0977036707828194,0.1061257603863122,0.0136986301369863,0.0837841537597196,0.000445778477815,0.0001257662571228,0.0,0.0002664393051262,0.0010252820275868,6.213693508509303e-06,0.0010252884094968,7.736272149716207e-06,0.0,7.744608585314609e-06,5.70834553055366e-06,1.2183461158146651e-05,6.229899334612393e-06,0.0,5.714855923983504e-06,5.7693417181099634e-05,0.0,0.0,1.2191794274113403e-05,0.0007048406473632,0.0,DrDoS_NTP
0.2241847826086956,0.1548568747067104,0.1192256589339977,0.0102476290832455,9.4193686324282e-05,0.1097924272096775,0.1192256589339977,0.0121108343711083,0.0878739591726287,4.576125754939823e-06,9.4193686324282e-05,0.0,0.0001598635830757,9.360166883345276e-06,0.0009050814287834,9.366526620994825e-06,0.0008897713352192,0.0,0.0008897796643018,0.0006949103499484,0.0008894926655938,0.0009074419559359,0.0,0.0006949168558548,3.461605030865978e-05,0.0,0.0,0.0008895009767768,2.3853962517555835e-05,0.0,UDP
0.0543478260869565,0.0375410605349601,0.1430802618975712,0.0115911485774499,0.0023738381031933,0.1084676291810547,0.1430802618975712,0.0136986301369863,0.1072403786415306,0.0342890880465059,0.0023738381031933,0.0,0.0044228924650964,0.0584958137429864,1.5766299763033367e-07,0.0584958183164917,3.334600064532848e-07,0.0,3.417965037652303e-07,7.796828659464965e-08,2.9833646338006164e-06,1.580741957557304e-07,0.0,8.447871668067426e-08,0.0009577107252062,0.0,0.0,2.9916979797721883e-06,6.88256141991756e-05,0.0,DrDoS_NTP
0.2010869565217391,0.1389019239793524,0.1363716061447877,0.0115911485774499,0.0002693494006713,0.1130712991087892,0.1363716061447877,0.0136986301369863,0.1028389165687825,0.0030430046414701,0.0002693494006713,0.0,0.0004795907492273,0.0054466146597872,1.9486901492827936e-06,0.0054466209384013,3.351273064855512e-06,0.0,3.3596095370094586e-06,9.895854269886815e-07,3.816706710281235e-06,1.9537724942109483e-06,0.0,9.96095851139686e-07,0.0001038481509259,0.0,0.0,3.825040035419038e-06,7.750683992227922e-05,0.0,DrDoS_NTP
0.0,0.0,0.0122707910446673,0.0033192834562697,9.69448231988438e-06,0.0196235333700554,0.0122707910446673,0.0023038605230386,0.0168278347605399,1.2542076157091813e-06,9.69448231988438e-06,9.230968475341796e-06,5.328786102525844e-05,1.3837972112416583e-05,0.0004356198287697,9.228848474340638e-06,0.0004527136412611,0.0,0.0009030597089481,0.0004231623384373,0.0009027594714514,0.0009209902461753,0.00390625,0.0007052814101883,3.461605030865978e-05,0.0,1.3568154672621458e-07,0.0009027677823027,6.122977103219345e-05,0.0,Benign
0.0,0.0,0.0,0.0,0.0,0.0,0.0,0.0,0.0,0.0,0.0,1.7876935958862303e-05,0.0,1.78684552473991e-05,0.0,8.936347977809886e-06,0.0002331552365121,0.0,0.0,0.0005462641766655,0.00023306911195,0.0,0.003875732421875,0.0,0.0,0.0,0.0,0.0,0.0,0.0,Benign
0.3505434782608695,0.2421398404504927,0.1711277886229285,0.0135932560590094,0.000135198726407,0.1602174559960227,0.1711277886229285,0.0160647571606475,0.1282323590226476,2.3362213907415106e-07,0.000135198726407,0.0,0.0001598635830757,3.247483978330757e-07,0.0254482904289897,3.31108449030407e-07,0.0250173451306481,0.0,0.0250173532585911,0.0195374310687829,0.0250081207101997,0.0255146616732019,0.0,0.0195374374520165,3.461605030865978e-05,0.0,0.0,0.0250081284184107,0.0,0.0,TFTP
0.3947010869565217,0.2726419521351478,0.1926845837013982,0.0153055848261327,7.6114786862876e-05,0.2164798649620679,0.1926845837013982,0.0180884184308841,0.1443856600623222,0.3947010869565217,7.6114786862876e-05,0.0,5.328786102525844e-05,0.4999999957599588,0.0,0.4999999989399897,0.0,0.0,8.336500091834885e-09,1.3020860689957046e-08,0.0,0.0,0.0,1.953129119881737e-08,1.1538683436219929e-05,0.0,0.0,8.333420556468491e-09,0.0,0.0,MSSQL
0.0040760869565217,0.002815579540122,0.0019898580072433,0.0001580611169652,4.716234642105914e-06,0.0015731946978408,0.0019898580072433,0.0001867995018679,0.0014910739421238,5.875003778889467e-10,4.716234642105914e-06,4.804447665810585e-08,0.0005861664712778,6.358663120034732e-08,0.0925982281490596,4.5924456188958474e-08,0.1551392251798318,1.0,0.1551392322230138,0.0717397400092153,0.5203566427417768,0.1052513919866431,0.0891265869140625,0.1108705170706219,0.0001269255177984,0.0664038326530298,0.0899683899308553,0.5203566463995657,0.0,0.1560956396979795,Syn
0.3505434782608695,0.2421398404504927,0.1711277886229285,0.0135932560590094,0.000135198726407,0.1602174559960227,0.1711277886229285,0.0160647571606475,0.1282323590226476,2.336895762449307e-07,0.000135198726407,0.0,0.0001598635830757,3.2484458728678625e-07,0.0254404764289808,3.3120465092727845e-07,0.0250098172710024,0.0,0.0250098253990082,0.0195317926291183,0.0250009039678174,0.0255068272936353,0.0,0.0195317990123885,3.461605030865978e-05,0.0,0.0,0.0250009116762088,0.0,0.0,TFTP
0.0,0.0,0.0101980222871221,0.0012118018967334,8.056900846930936e-06,0.0104948643656309,0.0101980222871221,0.0014321295143212,0.0083997163510309,2.6243650316801395e-05,8.056900846930936e-06,0.0,0.0001065757220505,0.0006281322287618,1.343674208812854e-05,0.0006281385673462,1.322168925587274e-05,0.0,1.3230025645741965e-05,1.0358095230379583e-05,1.325847243680665e-05,1.3471786221762437e-05,0.252349853515625,1.0364605593537554e-05,3.461605030865978e-05,0.0,0.0,1.3266805525897836e-05,9.11854992143317e-06,0.0,Benign
0.2989130434782608,0.2064758329422806,0.1459229205311793,0.0115911485774499,0.0025939290531582,0.1105100239308572,0.1459229205311793,0.0136986301369863,0.1093454224224127,0.004936178699641,0.0025939290531582,0.0,0.004742619631248,0.0082568723238815,1.4395632588195995e-06,0.0082568787568591,4.226605581795384e-06,0.0,4.2349420466521215e-06,5.914982007429355e-07,2.2700238163332063e-05,1.443317758748648e-06,0.0,5.980086274856592e-07,0.0010269428258235,0.0,0.0,2.270857101637664e-05,0.0,0.0,DrDoS_NTP
0.0,0.0,0.0294199440635821,0.0257112750263435,0.0001801339620248,0.0262533415781315,0.0294199440635821,0.0201743462017434,0.0259005064136322,2.286629956267505e-07,0.0001801339620248,1.79420006275177e-06,0.0010657572205051,1.5838724763101882e-06,0.0054228269603798,6.931325186303029e-07,0.0146095831487319,1.0,0.0270564445080537,0.0031102201021907,0.092892874601076,0.0116156743418649,0.4455718994140625,0.0072571954839279,0.0003461605030865,0.0,0.0148612422134056,0.0928928806121504,0.0011845957422243,0.0,DrDoS_NTP
0.0040760869565217,0.002815579540122,0.0019898580072433,0.0001580611169652,6.288312856141219e-06,0.0015436233640359,0.0019898580072433,0.0001867995018679,0.0014910739421238,9.00176627205292e-10,6.288312856141219e-06,9.46471393108368e-08,0.0007993179153788,1.0194158477507213e-07,0.0700455773582475,6.097807492018465e-08,0.1399943887017414,1.0,0.1399952461941876,0.0458575514564075,0.5282835009077304,0.0855284813273159,0.0891265869140625,0.0825436018497851,0.0001730802515432,0.0555199301508558,0.1920743252658442,0.5282834960339252,0.0,0.1408574379576057,Syn
0.2241847826086956,0.1548568747067104,0.1159092289219254,0.0097207586933614,9.15735559675565e-05,0.1073084356438477,0.1159092289219254,0.0114881693648816,0.0858858605831302,4.444295919762491e-06,9.15735559675565e-05,0.0,0.0001598635830757,9.350609544702815e-06,0.0009060566296627,9.356969850649856e-06,0.0008907133597375,0.0,0.0008907216888121,0.0006956199614352,0.0008904010084572,0.0009084197002196,0.0,0.000695626467337,3.461605030865978e-05,0.0,0.0,0.0008904093196175,1.0422830888295866e-05,0.0,DrDoS_UDP
0.2989130434782608,0.2064758329422806,0.1459229205311793,0.0115911485774499,0.0033432863351817,0.1102378294571198,0.1459229205311793,0.0136986301369863,0.1093454224224127,0.0098842397501363,0.0033432863351817,0.0,0.0061281040179047,0.0165336290603522,5.144352997657412e-07,0.016533634633781,2.4259215469476464e-06,0.0,2.4342580268157865e-06,2.9138423048435424e-07,1.4608486600705254e-05,5.157769895349385e-07,0.0,2.978946591809492e-07,0.0013269485951652,0.0,0.0,1.4616819656045734e-05,0.0,0.0,DrDoS_NTP
0.3505434782608695,0.2421398404504927,0.1711277886229285,0.0135932560590094,0.000135198726407,0.1602174559960227,0.1711277886229285,0.0160647571606475,0.1282323590226476,2.3379977100526739e-07,0.000135198726407,0.0,0.0001598635830757,3.2500176431061493e-07,0.0254283698697564,3.313618283758844e-07,0.0249979544312729,0.0,0.0249979625593775,0.0195225872873752,0.024989120510856,0.0254946891595042,0.0,0.0195225936707054,3.461605030865978e-05,0.0,0.0,0.024989128219542,0.0,0.0,TFTP
0.3505434782608695,0.2421398404504927,0.1711277886229285,0.0135932560590094,0.000135198726407,0.1602174559960227,0.1711277886229285,0.0160647571606475,0.1282323590226476,2.337016505162763e-07,0.000135198726407,0.0,0.0001598635830757,3.248618095034253e-07,0.0254396447226829,3.312218766696551e-07,0.0250088419004836,0.0,0.0250088500284974,0.0195307831054979,0.0249996122875989,0.0255059934181786,0.0,0.0195307894887747,3.461605030865978e-05,0.0,0.0,0.0249996199960226,0.0,0.0,TFTP
0.2989130434782608,0.2064758329422806,0.1459229205311793,0.0115911485774499,0.0018445717711347,0.1110033730980196,0.1459229205311793,0.0136986301369863,0.1093454224224127,0.0208847541294854,0.0018445717711347,0.0,0.0033571352445912,0.0349344896327588,2.636085338378481e-07,0.0349344940477912,8.503230164558762e-07,0.0,8.586595094589932e-07,1.3547895562055178e-07,3.8083732895164286e-06,2.642960466758753e-07,0.0,1.419893853321572e-07,0.0007269370564818,0.0,0.0,3.816706614862569e-06,0.0,0.0,DrDoS_NTP
0.2010869565217391,0.1389019239793524,0.1399533465094493,0.0115911485774499,0.0004422780042152,0.1116554208840499,0.1399533465094493,0.0136986301369863,0.1051353348606486,0.00270138782199,0.0004422780042152,0.0,0.0007993179153788,0.0047114167659956,2.6449522790949103e-06,0.0047114231829364,5.868896113577812e-06,0.0,5.877232564743594e-06,1.0989606286117531e-06,7.06674080855565e-06,2.65185053318924e-06,0.0,1.105471052050678e-06,0.0001730802515432,0.0,0.0,7.075074052441749e-06,5.2241131134397486e-05,0.0,DrDoS_NTP
0.3505434782608695,0.2421398404504927,0.1711277886229285,0.0135932560590094,0.000135198726407,0.1602174559960227,0.1711277886229285,0.0160647571606475,0.1282323590226476,2.3359201518317682e-07,0.000135198726407,0.0,0.0001598635830757,3.2470543042232935e-07,0.0254515585023017,3.310655038837553e-07,0.0250205630197104,0.0,0.0250205711476266,0.019539950605364,0.0250113457440357,0.0255179382699192,0.0,0.0195399569885811,3.461605030865978e-05,0.0,0.0,0.0250113534521661,0.0,0.0,TFTP
0.0040760869565217,0.002815579540122,0.0019898580072433,0.0001580611169652,3.1441564280706093e-06,0.0016394344097584,0.0019898580072433,0.0001867995018679,0.0014910739421238,4.354592589677523e-10,3.1441564280706093e-06,2.1366534754633904e-08,0.0003730150271768,4.49362537878574e-08,0.1274115443448613,4.061304902886013e-08,0.1914322119781918,1.0,0.1914322187188173,0.1015673958945549,0.3900221003152024,0.138725185044511,0.0891265869140625,0.1305866621749905,8.077078405353949e-05,0.1090327288076322,8.480096670388411e-09,0.3900220822311274,0.0,0.1926123663984755,Syn
0.3505434782608695,0.2421398404504927,0.1711277886229285,0.0135932560590094,0.000135198726407,0.1602174559960227,0.1711277886229285,0.0160647571606475,0.1282323590226476,2.3388751790109798e-07,0.000135198726407,0.0,0.0001598635830757,3.251269226747214e-07,0.0254194157160808,3.314869683278556e-07,0.0249889593475988,0.0,0.0249889674757784,0.019515263053128,0.0249797454124956,0.0254857116526558,0.0,0.0195152694365058,3.461605030865978e-05,0.0,0.0,0.024979753121416,0.0,0.0,TFTP
0.25,0.1726888784608165,0.1339837724877192,0.0115911485774499,0.0001058532664117,0.1276771664836522,0.1339837724877192,0.0136986301369863,0.1021882705338161,0.0001048744828961,0.0001058532664117,0.0,0.0001598635830757,0.0001910499854277,4.434669986326271e-05,0.0001910563368053,4.359989584376698e-05,0.0,4.360823198038828e-05,3.40690817080172e-05,4.36087908622308e-05,4.44623597208411e-05,0.0,3.407559191680643e-05,3.461605030865978e-05,0.0,0.0,4.361712319255608e-05,3.552396783298845e-05,0.0,DrDoS_NTP
0.3505434782608695,0.2421398404504927,0.1711277886229285,0.0135932560590094,0.0002027980896105,0.1495362922629545,0.1711277886229285,0.0160647571606475,0.1282323590226476,1.751065844368801e-07,0.0002027980896105,0.0,0.0002664393051262,2.412843502008141e-07,0.024157541006462,2.4764440750118946e-07,0.0250353352979963,0.0,0.0250353434257893,0.0234596476196969,0.0500476750835244,0.0242205458695265,0.0,0.0234596539773951,5.7693417181099634e-05,0.0,0.0,0.05004768216574,0.0,0.0,TFTP
0.0040760869565217,0.002815579540122,0.0019898580072433,0.0001580611169652,3.1441564280706093e-06,0.0016766943069351,0.0019898580072433,0.0001867995018679,0.0014910739421238,4.4938240800458444e-10,3.1441564280706093e-06,0.0,0.0003730150271768,4.664416008419199e-08,0.095152848009122,5.3004221404582644e-08,0.1065984607569467,1.0,0.1065984682047887,0.1012325709673537,0.3023504804937911,0.0954010144991392,0.0891265869140625,0.1012325768187167,8.077078405353949e-05,0.0105315758646562,0.0,0.3023504979352117,0.0,0.1072556299707074,Syn
0.0040760869565217,0.002815579540122,0.0061353955223336,0.0008166491043203,2.4236205799710947e-06,0.0084455713238213,0.0061353955223336,0.0009651307596513,0.0056329458455789,0.0125679347826086,2.4236205799710947e-06,0.0,5.328786102525844e-05,0.4999999957599588,0.0,0.4999999989399897,0.0,0.0,8.336500091834885e-09,1.3020860689957046e-08,0.0,0.0,0.248291015625,1.953129119881737e-08,1.1538683436219929e-05,0.0,0.0,8.333420556468491e-09,4.758762013599392e-06,0.0,Benign
0.3505434782608695,0.2421398404504927,0.1711277886229285,0.0135932560590094,0.000135198726407,0.1602174559960227,0.1711277886229285,0.0160647571606475,0.1282323590226476,2.335738045058958e-07,0.000135198726407,0.0,0.0001598635830757,3.2467945550257657e-07,0.0254535560662138,3.310395162585781e-07,0.0250225220972483,0.0,0.0250225302251481,0.0195414740460874,0.0250132957644947,0.025519941043643,0.0,0.0195414804292946,3.461605030865978e-05,0.0,0.0,0.0250133034725763,0.0,0.0,TFTP
0.2989130434782608,0.2064758329422806,0.1459229205311793,0.0115911485774499,0.0057642867847961,0.1098421100732104,0.1459229205311793,0.0136986301369863,0.1093454224224127,0.006618977933531,0.0057642867847961,0.0,0.0106042843440264,0.0110717365208042,4.5321674828949044e-07,0.0110717430206392,1.4922335288784491e-06,0.0,1.5005700165302794e-06,4.3672230590210497e-07,3.762539475309995e-05,4.543987750179941e-07,0.0,4.432327336524864e-07,0.0022961980038077,0.0,0.0,3.763372723301171e-05,0.0,0.0,DrDoS_NTP
0.25,0.1726888784608165,0.1399533465094493,0.0115911485774499,0.0002211390021076,0.1184863976900819,0.1399533465094493,0.0136986301369863,0.1053692252434158,0.001777890124705,0.0002211390021076,0.0,0.0003730150271768,0.0031007667400108,1.896103155825964e-06,0.0031007730330375,2.4842770480769714e-06,0.0,2.4926135274586308e-06,1.7931586196910296e-06,5.366722972535186e-06,1.901048349529959e-06,0.0,1.7996690386104262e-06,8.077078405353949e-05,0.0,0.0,5.3750562589221766e-06,2.302479468872808e-05,0.0,DrDoS_NTP
0.2989130434782608,0.2064758329422806,0.1459229205311793,0.0115911485774499,0.0024786433174623,0.1105665065393685,0.1459229205311793,0.0136986301369863,0.1093454224224127,0.0005273132664437,0.0024786433174623,0.0,0.0045294681871469,0.0008820428094487,1.9078061078528563e-05,0.0008820491513806,6.965145884792985e-05,0.0,6.965979476737231e-05,5.594374652082869e-06,0.0002031187977213,1.912781823822744e-05,0.0,5.600885046254712e-06,0.0009807880920786,0.0,0.0,0.0002031271260639,0.0,0.0,DrDoS_NTP
0.2241847826086956,0.1548568747067104,0.1159092289219254,0.0097207586933614,9.15735559675565e-05,0.1073084356438477,0.1159092289219254,0.0114881693648816,0.0858858605831302,4.381392947489275e-06,9.15735559675565e-05,0.0,0.0001598635830757,9.21814434302703e-06,0.0009190651220413,9.224504487820197e-06,0.000903501550985,0.0,0.000903509879953,0.0007056069363019,0.0009031844759104,0.0009214621198212,0.0,0.0007056134421387,3.461605030865978e-05,0.0,0.0,0.0009031927867511,1.0422830888295866e-05,0.0,UDP
0.3505434782608695,0.2421398404504927,0.1711277886229285,0.0135932560590094,0.000135198726407,0.1602174559960227,0.1711277886229285,0.0160647571606475,0.1282323590226476,2.3380538483452874e-07,0.000135198726407,0.0,0.0001598635830757,3.250097716330401e-07,0.025428344165809,3.313698452006236e-07,0.0249977376822687,0.0,0.0249977458103751,0.0195221185363834,0.0249885205045609,0.0254946633885187,0.0,0.0195221249197166,3.461605030865978e-05,0.0,0.0,0.0249885282132619,0.0,0.0,TFTP
0.3505434782608695,0.2421398404504927,0.1711277886229285,0.0135932560590094,0.000135198726407,0.1602174559960227,0.1711277886229285,0.0160647571606475,0.1282323590226476,2.3370593523506339e-07,0.000135198726407,0.0,0.0001598635830757,3.248679210403517e-07,0.0254391526756898,3.3122798614575746e-07,0.0250083667199744,0.0,0.0250083748479922,0.0195304254387255,0.0249991539494568,0.0255055000878864,0.0,0.0195304318220046,3.461605030865978e-05,0.0,0.0,0.024999161657892,0.0,0.0,TFTP
0.0,0.0,0.0405552009290214,0.0112750263435194,5.607078963392586e-05,0.0260245892878227,0.0405552009290214,0.0133250311332503,0.0241766986478648,8.095257477212504e-06,5.607078963392586e-05,5.249435806274414e-05,0.0001065757220505,5.686040699451209e-05,0.0001540415765094,3.061958796060741e-05,0.0002331719095124,1.0,0.0002400328471442,9.300963372278588e-05,0.0004762383298671,0.0002164220318753,0.9802398681640624,0.0001860322870956,6.923210061731956e-05,0.0,0.0002268934665129,0.0004762466513816,0.0006358576315299,0.0,Benign
0.0285326086956521,0.019709056780854,0.0139290060507034,0.0015279241306638,5.502273749123566e-06,0.0150281489732703,0.0139290060507034,0.0013075965130759,0.0120279968456651,3.253269926668693e-06,5.502273749123566e-06,4.788813400268555e-05,5.328786102525844e-05,4.787965364422665e-05,0.0001770179219891,2.394194703153368e-05,0.0001740327773679,0.0,2.5009500275504656e-08,0.0001359442948801,0.0001740101589899,0.0,0.0,5.859387359645212e-08,1.1538683436219929e-05,0.0,1.6960193340776826e-08,2.5000261669405472e-08,1.7542701412305688e-06,0.0,Benign
0.3505434782608695,0.2421398404504927,0.1711277886229285,0.0135932560590094,0.000135198726407,0.1602174559960227,0.1711277886229285,0.0160647571606475,0.1282323590226476,2.3343171871062425e-07,0.000135198726407,0.0,0.0001598635830757,3.2447679049054813e-07,0.0254690243345585,3.308368604659122e-07,0.0250377362100427,0.0,0.0250377443378157,0.0195533686025049,0.025028520924232,0.0255354496545097,0.0,0.0195533749856347,3.461605030865978e-05,0.0,0.0,0.025028528631933,0.0,0.0,TFTP
0.0,0.0,0.005140466518712,0.0008166491043203,2.0306010264622684e-06,0.0077003738540724,0.005140466518712,0.0009651307596513,0.0051359211982043,0.0105298913043478,2.0306010264622684e-06,0.0,0.0,0.4999999957599588,0.0,0.4999999989399897,0.0,0.0,8.336500091834885e-09,1.3020860689957046e-08,0.0,0.0,0.014739990234375,1.953129119881737e-08,1.1538683436219929e-05,0.0,0.0,8.333420556468491e-09,7.317072883111327e-06,0.0,Benign
0.2010869565217391,0.1389019239793524,0.1453739910433718,0.0115911485774499,0.0049960645642041,0.1095126218731103,0.1453739910433718,0.0136986301369863,0.1089364403643229,0.0344974816187112,0.0049960645642041,0.0,0.0092187999573697,0.0579227616515867,1.6181930080063426e-07,0.0579227675340268,4.334980083892702e-07,0.0,4.41834504867249e-07,7.827569820052648e-08,6.250065573604643e-06,1.622413389081314e-07,0.0,8.47861282845497e-08,0.001996192234466,0.0,0.0,6.258398837907837e-06,5.382065862401294e-06,0.0,DrDoS_NTP
0.0040760869565217,0.002815579540122,0.0019898580072433,0.0001580611169652,4.716234642105914e-06,0.001596851670128,0.0019898580072433,0.0001867995018679,0.0014910739421238,4.755411560348909e-10,4.716234642105914e-06,1.66665855795145e-08,0.0005861664712778,4.985296653645386e-08,0.0911567434350062,4.7879734410896216e-08,0.1215049900414253,1.0,0.121504997364999,0.0901448521945113,0.5000076792472348,0.094507460803362,0.0891265869140625,0.1065348340969156,0.0001269255177984,0.0314143203386719,8.480096670388411e-09,0.500007666746912,0.0,0.1222540553953915,Syn
0.3505434782608695,0.2421398404504927,0.1711277886229285,0.0135932560590094,0.000135198726407,0.1602174559960227,0.1711277886229285,0.0160647571606475,0.1282323590226476,2.338657505297984e-07,0.000135198726407,0.0,0.0001598635830757,3.250958746409766e-07,0.0254217676272677,3.314559441101842e-07,0.0249912768946436,0.0,0.0249912850228039,0.0195170794632213,0.024982070436889,0.0254880696978215,0.0,0.0195170858465873,3.461605030865978e-05,0.0,0.0,0.0249820781457512,0.0,0.0,TFTP
0.3505434782608695,0.2421398404504927,0.1711277886229285,0.0135932560590094,0.000135198726407,0.1602174559960227,0.1711277886229285,0.0160647571606475,0.1282323590226476,2.3323206457356238e-07,0.000135198726407,0.0,0.0001598635830757,3.241920124941844e-07,0.0254908635098655,3.305520694725716e-07,0.025059194361458,0.0,0.0250592024890521,0.0195701069191713,0.0250499461490183,0.0255573457881904,0.0,0.0195701133021921,3.461605030865978e-05,0.0,0.0,0.0250499538561836,0.0,0.0,TFTP
0.2989130434782608,0.2064758329422806,0.1459229205311793,0.0115911485774499,0.0033432863351817,0.1102378294571198,0.1459229205311793,0.0136986301369863,0.1093454224224127,0.0007997120034014,0.0033432863351817,0.0,0.0061281040179047,0.0013376916096782,1.3289928728420545e-05,0.0013376979560575,5.53626975714066e-05,0.0,5.537103360996731e-05,3.6753927947057376e-06,0.0001806518953394,1.3324589960681244e-05,0.0,3.68190320137098e-06,0.0013269485951652,0.0,0.0,0.0001806602242436,0.0,0.0,DrDoS_NTP
0.0217391304347826,0.015016424213984,0.0106125760386312,0.0012644889357218,4.1922085707608124e-06,0.011923159515983,0.0106125760386312,0.0009962640099626,0.009542873608792,1.0965845339471869e-06,4.1922085707608124e-06,2.0177154541015625e-05,5.328786102525844e-05,2.0168675513300347e-05,0.0004202442495477,1.00864572713248e-05,0.0004131319384951,0.0,1.667300018366977e-08,0.0003226569454205,0.0004130043331037,0.0,0.0,3.906258239763474e-08,1.1538683436219929e-05,0.0,8.480096670388411e-09,1.6666841112936986e-08,1.7542701412305688e-06,0.0,Benign
0.0217391304347826,0.015016424213984,0.0106125760386312,0.0012644889357218,4.1922085707608124e-06,0.011923159515983,0.0106125760386312,0.0009962640099626,0.009542873608792,2.558267091270784e-06,4.1922085707608124e-06,4.7072113037109376e-05,5.328786102525844e-05,4.7063634796126e-05,0.0001801004305872,2.353393654788061e-05,0.0001770589269265,0.0,8.336500091834885e-09,0.0001383010770579,0.0001770268573067,0.0,0.0,1.953129119881737e-08,1.1538683436219929e-05,0.0,2.5440290011165232e-08,8.333420556468491e-09,1.7542701412305688e-06,0.0,Benign
0.3505434782608695,0.2421398404504927,0.1711277886229285,0.0135932560590094,0.0002027980896105,0.1495362922629545,0.1711277886229285,0.0160647571606475,0.1282323590226476,1.752189106288802e-07,0.0002027980896105,0.0,0.0002664393051262,2.414445674062659e-07,0.024142056214151,2.478046247866854e-07,0.0250268153948314,0.0,0.0250268235226954,0.0234446085253759,0.0500155914135799,0.0242050206915978,0.0,0.023444614883172,5.7693417181099634e-05,0.0,0.0,0.0500155984965976,0.0,0.0,TFTP
0.0040760869565217,0.002815579540122,0.0019898580072433,0.0001580611169652,3.1441564280706093e-06,0.0016145945177893,0.0019898580072433,0.0001867995018679,0.0014910739421238,4.293800232911297e-10,3.1441564280706093e-06,3.5113744437694545e-08,0.0003730150271768,4.419053420520124e-08,0.1406735914765593,3.2993723941133753e-08,0.2319320301799646,1.0,0.2319320365829633,0.1011325805214104,0.4746529215669021,0.1645082607347493,0.0891265869140625,0.1589226399149435,8.077078405353949e-05,0.116177754643231,0.3372554119637746,0.4746529013670343,0.0,0.2333618588806081,Syn
0.0217391304347826,0.015016424213984,0.0106125760386312,0.0012644889357218,4.1922085707608124e-06,0.011923159515983,0.0106125760386312,0.0009962640099626,0.009542873608792,9.83475255369185e-07,4.1922085707608124e-06,1.8095945358276367e-05,5.328786102525844e-05,1.808746476981628e-05,0.0004685553924307,9.045852677749069e-06,0.0004606333164144,0.0,2.5009500275504656e-08,0.0003597663989399,0.0004605048314631,0.0,0.0,5.859387359645212e-08,1.1538683436219929e-05,0.0,1.6960193340776826e-08,2.5000261669405472e-08,1.7542701412305688e-06,0.0,Benign
0.2989130434782608,0.2064758329422806,0.1459229205311793,0.0115911485774499,0.0057642867847961,0.1098421100732104,0.1459229205311793,0.0136986301369863,0.1093454224224127,0.0066454656175691,0.0057642867847961,0.0,0.0106042843440264,0.0111160431926619,4.243437631265269e-07,0.0111160496613581,9.003420174238689e-07,0.0,9.086785100100024e-07,4.349556577458403e-07,3.747539317933344e-05,4.2545048672397203e-07,0.0,4.414660855077234e-07,0.0022961980038077,0.0,0.0,3.748372566299528e-05,0.0,0.0,DrDoS_NTP
0.2241847826086956,0.1548568747067104,0.1159092289219254,0.0097207586933614,9.15735559675565e-05,0.1073084356438477,0.1159092289219254,0.0114881693648816,0.0858858605831302,4.533179292571885e-06,9.15735559675565e-05,0.0,0.0001598635830757,9.537785976583976e-06,0.0008882908415197,9.544145601779093e-06,0.0008732483918995,0.0,0.0008732567211197,0.0006819806350906,0.0008729424919549,0.0008906075774332,0.0,0.0006819871410812,3.461605030865978e-05,0.0,0.0,0.0008729508035517,1.0422830888295866e-05,0.0,DrDoS_UDP
0.0183423913043478,0.012670107930549,0.008954361032595,0.0011327713382507,3.5371759815794355e-06,0.0103706647873394,0.008954361032595,0.0008405977584059,0.0083003119903555,7.75523864154454e-07,3.5371759815794355e-06,1.630815887451172e-05,5.328786102525844e-05,1.6299679027796364e-05,0.0005199151210124,8.151959433971673e-06,0.0005111274978915,0.0,2.5009500275504656e-08,0.0003992065611261,0.0005109886944563,0.0,0.0,5.859387359645212e-08,1.1538683436219929e-05,0.0,2.5440290011165232e-08,2.5000261669405472e-08,1.7542701412305688e-06,0.0,Benign
0.2989130434782608,0.2064758329422806,0.1459229205311793,0.0115911485774499,0.0009799287534153,0.112510202649684,0.1459229205311793,0.0136986301369863,0.1093454224224127,0.0011044385436058,0.0009799287534153,0.0,0.0017584994138335,0.0018474160085245,4.635387137870534e-06,0.0018474223223725,1.125427521779836e-05,0.0,1.126261162406893e-05,2.716625020900024e-06,3.833373551810848e-05,4.6474766105447096e-06,0.0,2.7231354338072566e-06,0.0003807765533952,0.0,0.0,3.834206798031153e-05,0.0,0.0,DrDoS_NTP
0.0040760869565217,0.002815579540122,0.0019898580072433,0.0001580611169652,3.930195535088262e-07,0.0019871932526638,0.0019898580072433,0.0001867995018679,0.0014910739421238,3.3049353701527616e-05,3.930195535088262e-07,0.0054054052734374,0.0,0.0040540456083503,1.8590873917336424e-06,0.0013513492012036,1.5089065292011135e-06,0.0,0.0,1.800134017016623e-06,1.533349420724339e-06,0.0,0.0038299560546875,0.0,0.0,0.0,2.5440290011165232e-08,0.0,0.0,0.0,Benign
0.0244565217391304,0.016893477240732,0.0119391480434601,0.0017913593256059,4.716234642105914e-06,0.0151523485515618,0.0119391480434601,0.0011207970112079,0.0121274012063404,3.385183935271117e-06,4.716234642105914e-06,4.791337203979492e-05,5.328786102525844e-05,4.79048929461764e-05,0.0001769119218936,2.3954566050115124e-05,0.000173932739366,0.0,2.5009500275504656e-08,0.0001358726833241,0.0001739184913615,0.0,0.0,5.859387359645212e-08,1.1538683436219929e-05,0.0,2.5440290011165232e-08,2.5000261669405472e-08,7.017080564922275e-06,0.0,Benign
0.2989130434782608,0.2064758329422806,0.1459229205311793,0.0115911485774499,0.0057642867847961,0.1098421100732104,0.1459229205311793,0.0136986301369863,0.1093454224224127,0.0044801115629235,0.0057642867847961,0.0,0.0106042843440264,0.0074939963796304,1.2224198352758767e-06,0.0074940027786793,4.059875578568742e-06,0.0,4.068212044815424e-06,6.48327624490521e-07,5.55922499220221e-05,1.2256080072139227e-06,0.0,6.548380508632606e-07,0.0022961980038077,0.0,0.0,5.5600581952757776e-05,0.0,0.0,DrDoS_NTP
0.0,0.0,0.0,0.0,0.0,0.0,0.0,0.0,0.0,0.0,0.0,2.725885009765625e-05,0.0,1.81640867649928e-05,0.000444280710733,4.541021830948979e-06,0.0004439519795915,0.0,0.0,0.0003582494432155,0.0004585631444249,0.0,0.0039215087890625,0.0,0.0,0.0,1.5026731299928264e-05,0.0,0.0,0.0,Benign
0.342391304347826,0.2365086813702487,0.1671480726084418,0.013277133825079,6.60272849894828e-05,0.1877897623767336,0.1671480726084418,0.0156911581569115,0.1252502111384,0.171195652173913,6.60272849894828e-05,0.0,5.328786102525844e-05,0.2499999936399381,0.0,0.2499999984099845,8.336500161332119e-09,0.0,1.667300018366977e-08,3.255215201593153e-08,8.33342076480619e-09,0.0,0.0,3.906258239763474e-08,1.1538683436219929e-05,0.0,0.0,1.6666841112936986e-08,0.0,0.0,DrDoS_MSSQL
0.0040760869565217,0.002815579540122,0.0019898580072433,0.0001580611169652,3.930195535088261e-06,0.0016394344097584,0.0019898580072433,0.0001867995018679,0.0014910739421238,3.2001445942410303e-10,3.930195535088261e-06,0.0,0.0004795907492273,3.0775024923748043e-08,0.1276275015669126,3.713508819652036e-08,0.1608907767171387,1.0,0.1608907837123728,0.1382077077962565,0.5307220681590318,0.1279603646367651,0.0891265869140625,0.1382077134068954,0.0001038481509259,0.0529136270013639,0.0,0.5307220548908412,0.0,0.1618826485423754,Syn
0.2989130434782608,0.2064758329422806,0.1459229205311793,0.0115911485774499,0.0005764286784796,0.1147604103413372,0.1459229205311793,0.0136986301369863,0.1093454224224127,0.0166062801932367,0.0005764286784796,0.0,0.0010124693594799,0.0277777695332531,2.3695621997264578e-07,0.0277777752826188,4.084885079052738e-07,0.0,4.168250045917443e-07,1.7852285757073993e-07,1.491682316900308e-06,2.375742213738516e-07,0.0,1.85033287002111e-07,0.0002192349852881,0.0,0.0,1.5000157001643284e-06,0.0,0.0,DrDoS_NTP
0.2241847826086956,0.1548568747067104,0.1159092289219254,0.0097207586933614,9.15735559675565e-05,0.1073084356438477,0.1159092289219254,0.0114881693648816,0.0858858605831302,4.4904409497378974e-06,9.15735559675565e-05,0.0,0.0001598635830757,9.447784773171789e-06,0.0008967327522437,9.454144495326082e-06,0.0008815515460602,0.0,0.0008815598752112,0.0006884715088099,0.0008812509124574,0.0008990715053579,0.0,0.0006884780147583,3.461605030865978e-05,0.0,0.0,0.0008812592238465,1.0422830888295866e-05,0.0,UDP
0.2989130434782608,0.2064758329422806,0.1459229205311793,0.0115911485774499,0.0010375716212633,0.1123316202726459,0.1459229205311793,0.0136986301369863,0.1093454224224127,0.0358695652173913,0.0010375716212633,0.0,0.001865075135884,0.0599999920287225,1.7530162779327766e-07,0.0599999980071806,3.50133006775949e-07,0.0,3.5846950394890004e-07,7.719510095723167e-08,1.2416796939561224e-06,1.757588289236063e-07,0.0,8.370553104829005e-08,0.0004038539202676,0.0,0.0,1.2500130834702738e-06,0.0,0.0,DrDoS_NTP
0.2989130434782608,0.2064758329422806,0.1459229205311793,0.0115911485774499,0.0027092147888541,0.1104583473851289,0.1459229205311793,0.0136986301369863,0.1093454224224127,0.0358390638864241,0.0027092147888541,0.0,0.004955771075349,0.0599489716201265,1.5533495854082205e-07,0.0599489784758225,4.001520077439417e-07,0.0,4.0848850449990937e-07,7.581500836669419e-08,3.2583675190392206e-06,1.5574008494790925e-07,0.0,8.232543846673758e-08,0.0010730975595684,0.0,0.0,3.2667008581356484e-06,0.0,0.0,DrDoS_NTP
0.3505434782608695,0.2421398404504927,0.1711277886229285,0.0135932560590094,0.000135198726407,0.1602174559960227,0.1711277886229285,0.0160647571606475,0.1282323590226476,2.3371279111192797e-07,0.000135198726407,0.0,0.0001598635830757,3.248776999655748e-07,0.0254378344303876,3.3123776130752137e-07,0.0250072579654529,0.0,0.02500726609348,0.0195298529277485,0.0249984206084295,0.0255041784044914,0.0,0.0195298593110313,3.461605030865978e-05,0.0,0.0,0.024998428316883,0.0,0.0,TFTP
0.0,0.0,0.0653336712378234,0.0278187565858798,0.0003355076921787,0.0297085387482974,0.0653336712378234,0.0328767123287671,0.0292348265510178,8.642403407181118e-07,0.0003355076921787,6.027522563934326e-06,0.0012789086646062,5.309922059395501e-06,0.0040654726431565,2.3025209926919585e-06,0.0177450909164118,1.0,0.01774509910498,0.0009336540649416,0.0235035382579555,0.0062376470462975,0.1250152587890625,0.0021404975265865,0.0002884670859054,0.0,0.0193844918570041,0.0228321639766496,0.0012009730518362,0.0,Benign
0.25,0.1726888784608165,0.1449677870683519,0.0115911485774499,0.0014316392269148,0.1107661552389207,0.1449677870683519,0.0136986301369863,0.1086437436901167,0.0063999250374812,0.0014316392269148,0.0,0.0026111051902376,0.0107758536802632,8.743218281634949e-07,0.0107758602075119,2.876092555659581e-06,0.0,2.8844290317748702e-06,4.5586299971382614e-07,9.658434666410376e-06,8.766021317359111e-07,0.0,4.623734273395934e-07,0.0005653954883747,0.0,0.0,9.66676784550345e-06,4.550783079818395e-06,0.0,DrDoS_NTP
0.2989130434782608,0.2064758329422806,0.1459229205311793,0.0115911485774499,0.0003458572070877,0.118403595444374,0.1459229205311793,0.0136986301369863,0.1093454224224127,0.0087915601023017,0.0003458572070877,0.0,0.0005861664712778,0.0147058739975658,6.609705257655827e-07,0.0147058807236562,1.2254655237158215e-06,0.0,1.233802013591563e-06,3.55706234703969e-07,1.6916844152556567e-06,6.626943915122849e-07,0.0,3.622166629817999e-07,0.0001269255177984,0.0,0.0,1.7000177935195722e-06,0.0,0.0,DrDoS_NTP
0.9245923913043478,0.6386672923510089,0.4513661246430344,0.0358535300316122,0.0001782998707751,0.5071068781641557,0.4513661246430344,0.0423723536737235,0.3382252725384175,0.924592391304348,0.0001782998707751,0.0,5.328786102525844e-05,0.4999999957599588,0.0,0.4999999989399897,0.0,0.0,8.336500091834885e-09,1.3020860689957046e-08,0.0,0.0,0.0,1.953129119881737e-08,1.1538683436219929e-05,0.0,0.0,8.333420556468491e-09,0.0,0.0,DrDoS_SNMP
0.2900815217391304,0.2003754106053495,0.1416115615154854,0.0112486828240252,5.593978311608959e-05,0.1590996597913993,0.1416115615154854,0.0132938978829389,0.1061147622144778,0.2900815217391304,5.593978311608959e-05,0.0,5.328786102525844e-05,0.4999999957599588,0.0,0.4999999989399897,0.0,0.0,8.336500091834885e-09,1.3020860689957046e-08,0.0,0.0,0.0,1.953129119881737e-08,1.1538683436219929e-05,0.0,0.0,8.333420556468491e-09,0.0,0.0,DrDoS_MSSQL
0.2241847826086956,0.1548568747067104,0.1159092289219254,0.0097207586933614,9.15735559675565e-05,0.1073084356438477,0.1159092289219254,0.0114881693648816,0.0858858605831302,4.4804843179202965e-06,9.15735559675565e-05,0.0,0.0001598635830757,9.426817445332313e-06,0.0008987382912644,9.433177011761122e-06,0.0008835189600983,0.0,0.0008835272892329,0.0006900014345324,0.0008832092663372,0.0009010822749901,0.0,0.0006900079404708,3.461605030865978e-05,0.0,0.0,0.0008832175776773,1.0422830888295866e-05,0.0,UDP
0.2241847826086956,0.1548568747067104,0.1159092289219254,0.0097207586933614,9.15735559675565e-05,0.1073084356438477,0.1159092289219254,0.0114881693648816,0.0858858605831302,4.405783251700493e-06,9.15735559675565e-05,0.0,0.0001598635830757,9.269507044176349e-06,0.0009139770600788,9.275867479262096e-06,0.0008984996508882,0.0,0.0008985079798979,0.0007017006780367,0.0008981844234515,0.0009163607877727,0.0,0.0007017071838989,3.461605030865978e-05,0.0,0.0,0.0008981927344172,1.0422830888295866e-05,0.0,UDP
0.3505434782608695,0.2421398404504927,0.1711277886229285,0.0135932560590094,0.000135198726407,0.1602174559960227,0.1711277886229285,0.0160647571606475,0.1282323590226476,2.338596657528277e-07,0.000135198726407,0.0,0.0001598635830757,3.250871955791774e-07,0.025422443273885,3.3144724183202857e-07,0.0249919354781564,0.0,0.0249919436063112,0.0195175872767958,0.0249827204437086,0.025488747106581,0.0,0.0195175936601585,3.461605030865978e-05,0.0,0.0,0.0249827281525546,0.0,0.0,TFTP
0.3505434782608695,0.2421398404504927,0.1711277886229285,0.0135932560590094,0.000135198726407,0.1602174559960227,0.1711277886229285,0.0160647571606475,0.1282323590226476,2.3337359661059042e-07,0.000135198726407,0.0,0.0001598635830757,3.243938876494868e-07,0.0254753915695282,3.307539504048538e-07,0.0250439885851637,0.0,0.0250439967128846,0.0195582379975737,0.0250347543229641,0.0255418334957543,0.0,0.0195582443806717,3.461605030865978e-05,0.0,0.0,0.0250347620305092,0.0,0.0,TFTP
0.2241847826086956,0.1548568747067104,0.1192256589339977,0.0102476290832455,9.4193686324282e-05,0.1097924272096775,0.1192256589339977,0.0121108343711083,0.0878739591726287,4.526131757042586e-06,9.4193686324282e-05,0.0,0.0001598635830757,9.257814775516635e-06,0.0009151176153697,9.264174478443849e-06,0.0008996250784099,0.0,0.0008996334074103,0.0007025861474395,0.0008993177686755,0.0009175043177261,0.0,0.000702592653296,3.461605030865978e-05,0.0,0.0,0.0008993260796129,2.3853962517555835e-05,0.0,DrDoS_UDP
0.0,0.0,0.0,0.0,0.0,0.0,0.0,0.0,0.0,0.0,0.0,1.2231817245483398e-05,0.0,1.2223337424724791e-05,0.0,6.113788615136548e-06,0.0003407627805946,0.0,0.0,0.0007983740851012,0.0003406369071822,0.0,0.0039520263671875,0.0,0.0,0.0,0.0,0.0,0.0,0.0,Benign
0.0,0.0,0.009380759448101,0.0769230769230769,5.187858106316505e-05,0.1880773832507287,0.009380759448101,0.0123287671232876,0.1849188785638706,8.752231687263426e-06,5.187858106316505e-05,8.656917572021483e-06,0.0001065757220505,8.499180765099054e-06,0.0020091602938257,4.177081591224781e-06,0.0072295463239097,1.0,0.007232030540668,0.0005841747564527,0.0139581464442197,0.0029418893713004,0.1250152587890625,0.0012116352462227,0.0003115444527779,0.0,0.0073555764912182,0.013958154428683,0.0201589229919295,0.0,Benign
0.1032608695652173,0.0713280150164242,0.1403045026852881,0.0115911485774499,0.0009421988762784,0.1083020322701797,0.1403045026852881,0.0136986301369863,0.1052556170095036,0.0008544717672643,0.0009421988762784,0.0,0.0017584994138335,0.001486525285584,3.5531632764308318e-06,0.0014865316966074,8.411528662784108e-06,0.0,8.419865092753235e-06,3.377729549108356e-06,4.764216651239699e-05,3.562430219851016e-06,0.0,3.3842399577115133e-06,0.0003807765533952,0.0,0.0,4.765049874188683e-05,0.0001050793010269,0.0,DrDoS_NTP
0.2989130434782608,0.2064758329422806,0.1459229205311793,0.0115911485774499,0.0055913581812522,0.1098590070983576,0.1459229205311793,0.0136986301369863,0.1093454224224127,0.003051738260961,0.0055913581812522,0.0,0.0102845571778748,0.0051047173815409,2.4619566599365134e-06,0.005104723476739,1.8798807863803925e-05,0.0,1.88071442071795e-05,9.54975544240275e-07,7.916749726565881e-05,2.468377646335285e-06,0.0,9.614859686166046e-07,0.0022269659031904,0.0,0.0,7.917582870700714e-05,0.0,0.0,DrDoS_NTP
0.2989130434782608,0.2064758329422806,0.1459229205311793,0.0115911485774499,0.0023921790156903,0.1106124446158118,0.1459229205311793,0.0136986301369863,0.1093454224224127,0.036919319358178,0.0023921790156903,0.0,0.0043696046040711,0.0617559444245655,1.722604648579726e-07,0.0617559511359033,4.585075088732665e-07,0.0,4.668440051427536e-07,7.352022468734233e-08,2.791695956210074e-06,1.727097343840769e-07,0.0,8.003065480232574e-08,0.00094617204177,0.0,0.0,2.800029306973413e-06,0.0,0.0,DrDoS_NTP
0.0,0.0,0.001193914772718,0.0001580611169652,1.1790586605264784e-06,0.0006387406798958,0.001193914772718,0.0001867995018679,0.0005591527282964,1.1073492690152226e-09,1.1790586605264784e-06,1.8111312389373777e-07,0.0001598635830757,3.084678888096068e-07,0.032712088263889,2.24271384776124e-07,0.0455684019633624,1.0,0.0455684099199816,0.0179733750250446,0.0460122327450085,0.0401140482442271,0.1250152587890625,0.0269600715173383,4.615473374487971e-05,0.0,1.6960193340776826e-08,0.0460122399281112,2.202627136286297e-07,0.0,Benign
0.0040760869565217,0.002815579540122,0.0019898580072433,0.0001580611169652,2.358117321052957e-06,0.0016394344097584,0.0019898580072433,0.0001867995018679,0.0014910739421238,3.564849844068029e-10,2.358117321052957e-06,3.4983061254024505e-08,0.0002664393051262,3.524874269289671e-08,0.2475029569821086,2.4117273562494173e-08,0.4247580799756307,1.0,0.4247580847711351,0.1240682442850219,0.4764260568367129,0.3277257338045113,0.0891265869140625,0.2233224241957385,5.7693417181099634e-05,0.4543755723703029,0.4848110274905738,0.4764251532499373,0.0,0.4273766474744959,Syn
0.2989130434782608,0.2064758329422806,0.1459229205311793,0.0115911485774499,0.00282450052455,0.1104108932005522,0.1459229205311793,0.0136986301369863,0.1093454224224127,0.0371744647980578,0.00282450052455,0.0,0.00516892251945,0.0621827331639836,1.6394002830268274e-07,0.0621827401993081,3.751425072599453e-07,0.0,3.8347900422440473e-07,7.282285818114839e-08,3.275034360568833e-06,1.6436759744273938e-07,0.0,7.933328830067196e-08,0.0011192522933133,0.0,0.0,3.2833676992485856e-06,0.0,0.0,DrDoS_NTP
0.2989130434782608,0.2064758329422806,0.1459229205311793,0.0115911485774499,0.0057642867847961,0.1098421100732104,0.1459229205311793,0.0136986301369863,0.1093454224224127,0.0019730233892954,0.0057642867847961,0.0,0.0106042843440264,0.0033003215809079,1.974349944915477e-06,0.0033003279651011,1.1696109726348964e-05,0.0,1.170444612893618e-05,1.4804195393918689e-06,0.000126242991166,1.979499212710892e-06,0.0,1.4869299603473315e-06,0.0022961980038077,0.0,0.0,0.0001262513214304,0.0,0.0,DrDoS_NTP
0.3505434782608695,0.2421398404504927,0.1711277886229285,0.0135932560590094,0.000135198726407,0.1602174559960227,0.1711277886229285,0.0160647571606475,0.1282323590226476,2.3376788645082637e-07,0.000135198726407,0.0,0.0001598635830757,3.249562855659103e-07,0.0254324237494603,3.313163500318243e-07,0.0250017475388463,0.0,0.0250017556669193,0.0195252496465241,0.0249925288799488,0.0254987536120613,0.0,0.0195252560298369,3.461605030865978e-05,0.0,0.0,0.0249925365885496,0.0,0.0,TFTP
0.2989130434782608,0.2064758329422806,0.1459229205311793,0.0115911485774499,0.0009222858855673,0.1127111172995276,0.1459229205311793,0.0136986301369863,0.1093454224224127,0.0162122328666175,0.0009222858855673,0.0,0.001651923691783,0.0271186358176825,2.862426448665875e-07,0.0271186424687215,5.168630100025914e-07,0.0,5.251995057855977e-07,1.7935186680139669e-07,2.45002570485302e-06,2.869891893364176e-07,0.0,1.8586229622737053e-07,0.0003576991865228,0.0,0.0,2.4583590641582048e-06,0.0,0.0,DrDoS_NTP
0.0,0.0,0.0256194218432581,0.0769230769230769,0.000202405070057,0.0913770197668359,0.0256194218432581,0.0160958904109589,0.0903914736489569,9.33296025540666e-08,0.000202405070057,2.0370370149612425e-07,0.0020249387189598,1.782483170949832e-07,0.1301296413103737,8.2756524382516e-08,0.491064101308818,1.0,0.4910641055515622,0.0264498932045264,0.9818284593502528,0.1933990521932257,0.4455718994140625,0.0590036205545121,0.0004500086540125,0.0025712475782896,0.499751601008331,0.9818284098040226,0.0111330307308828,0.4940914338070077,Benign
0.1032608695652173,0.0713280150164242,0.1385757548400364,0.0115911485774499,0.0007116274048866,0.1079963090650713,0.1385757548400364,0.0136986301369863,0.1040438236557522,0.0023341033468085,0.0007116274048866,0.0,0.0013321965256314,0.004111313502916,1.2576974317827177e-06,0.0041113196660392,2.967794057434234e-06,0.0,2.976130532785054e-06,1.2286484656012334e-06,1.3166804808393784e-05,1.260977610607415e-06,0.0,1.2351588881958344e-06,0.0002884670859054,0.0,0.0,1.3175137899776684e-05,0.0001349438533714,0.0,DrDoS_NTP
0.3505434782608695,0.2421398404504927,0.1711277886229285,0.0135932560590094,0.000135198726407,0.1602174559960227,0.1711277886229285,0.0160647571606475,0.1282323590226476,2.3347299675933693e-07,0.000135198726407,0.0,0.0001598635830757,3.245356677078158e-07,0.0254645463397226,3.3089572005275265e-07,0.0250333262014574,0.0,0.0250333343292672,0.0195499115639402,0.0250240958778059,0.0255309599806932,0.0,0.0195499179470925,3.461605030865978e-05,0.0,0.0,0.0250241035856175,0.0,0.0,TFTP
0.3505434782608695,0.2421398404504927,0.1711277886229285,0.0135932560590094,0.0002027980896105,0.1495362922629545,0.1711277886229285,0.0160647571606475,0.1282323590226476,1.7527948064082978e-07,0.0002027980896105,0.0,0.0002664393051262,2.415309618426476e-07,0.024133711611228,2.478910366206317e-07,0.0250102007500099,0.0,0.0250102088780124,0.0234365079222984,0.0499983078989137,0.0241966543252608,0.0,0.0234365142801473,5.7693417181099634e-05,0.0,0.0,0.0499983149823634,0.0,0.0,TFTP
0.0040760869565217,0.002815579540122,0.0019898580072433,0.0001580611169652,1.1790586605264784e-06,0.0019871932526638,0.0019898580072433,0.0001867995018679,0.0014910739421238,2.465375175315568e-05,1.1790586605264784e-06,0.0,0.0001065757220505,0.00302418509395,2.534175052183236e-06,0.0030241914899064,2.042442539526369e-06,0.0,2.0507790225913817e-06,2.4153696937848195e-06,2.058354928907129e-06,2.54078439011634e-06,0.004241943359375,2.421880108653354e-06,2.3077366872439854e-05,0.0,0.0,2.0666882980041858e-06,0.0,0.0,Benign
0.0040760869565217,0.002815579540122,0.010695486788933,0.0012118018967334,8.449920400439762e-06,0.0108674631005054,0.010695486788933,0.0014321295143212,0.0086979313290555,3.639363354037267e-05,8.449920400439762e-06,0.0,0.0001598635830757,0.0008305563110139,1.0159164268229806e-05,0.000830562640041,9.99546369343721e-06,0.0,1.0003800110201862e-05,7.832048020204314e-06,1.0025105180061847e-05,1.0185660208085577e-05,0.003936767578125,7.83855839980794e-06,3.461605030865978e-05,0.0,0.0,1.0033438349988064e-05,6.966827757998079e-06,0.0,Benign
0.2989130434782608,0.2064758329422806,0.1459229205311793,0.0115911485774499,0.0057642867847961,0.1098421100732104,0.1459229205311793,0.0136986301369863,0.1093454224224127,0.0018804293122688,0.0057642867847961,0.0,0.0106042843440264,0.0031454369416591,2.8912108781628965e-06,0.0031454431991478,1.9073912369127885e-05,0.0,1.908224871021005e-05,1.55363729489628e-06,0.0001324597230565,2.8987513950317613e-06,0.0,1.5601477153750635e-06,0.0022961980038077,0.0,0.0,0.0001324680531656,0.0,0.0,DrDoS_NTP
0.030570652173913,0.021116846550915,0.0149239350543251,0.0019230769230769,5.895293302632393e-06,0.0174500407499544,0.0149239350543251,0.0014009962640099,0.0139663927808262,3.77255604867339e-06,5.895293302632393e-06,4.706103897094727e-05,5.328786102525844e-05,4.705255848315161e-05,0.0001801301220889,2.352839951478781e-05,0.0001770922729271,0.0,1.667300018366977e-08,0.0001383336260312,0.0001770685244106,0.0,0.0,3.906258239763474e-08,1.1538683436219929e-05,0.0,2.5440290011165232e-08,1.6666841112936986e-08,5.372452024328121e-06,0.0,Benign
0.0278532608695652,0.019239793524167,0.0135973630494962,0.0015015806111696,5.371267231287291e-06,0.0147176500275416,0.0135973630494962,0.0012764632627646,0.0117794845219778,3.2401852804069564e-06,5.371267231287291e-06,4.866890716552735e-05,5.328786102525844e-05,4.866042576660124e-05,0.0001741643678601,2.433233361378221e-05,0.0001712317133137,0.0,2.5009500275504656e-08,0.0001337633038609,0.0001712184630337,0.0,0.0,5.859387359645212e-08,1.1538683436219929e-05,0.0,2.5440290011165232e-08,2.5000261669405472e-08,1.7542701412305688e-06,0.0,Benign
0.0543478260869565,0.0375410605349601,0.1399533465094493,0.0115911485774499,0.0011056950105381,0.1075568348004307,0.1399533465094493,0.0136986301369863,0.1049813039373671,0.008661171680021,0.0011056950105381,0.0,0.002078226579985,0.0151057318292843,8.231920110458953e-07,0.0151057381463789,2.442594547270311e-06,0.0,2.4509310269994563e-06,3.250207300711085e-07,5.508391125536891e-06,8.253389638304498e-07,0.0,3.315311585487153e-07,0.0004500086540125,0.0,0.0,5.516724408382141e-06,0.0001407962162164,0.0,DrDoS_NTP
0.0258152173913043,0.017832003754106,0.0126024340458745,0.0024762908324552,4.978247677778465e-06,0.018754136322015,0.0126024340458745,0.0011830635118306,0.0150101447299127,4.31788872512896e-06,4.978247677778465e-06,4.81510009765625e-05,5.328786102525844e-05,4.814252186672469e-05,0.0001760384610248,2.40733805187508e-05,0.0001730740798494,0.0,2.5009500275504656e-08,0.0001352021058097,0.0001730601490227,0.0,0.0,5.859387359645212e-08,1.1538683436219929e-05,0.0,2.5440290011165232e-08,2.5000261669405472e-08,2.1489808097312485e-05,0.0,Benign
0.0040760869565217,0.002815579540122,0.0019898580072433,0.0001580611169652,2.358117321052957e-06,0.0016766943069351,0.0019898580072433,0.0001867995018679,0.0014910739421238,5.331364620083127e-10,2.358117321052957e-06,3.2699037343263625e-08,0.0002664393051262,5.691799079577224e-08,0.1098827888248284,4.692853368523157e-08,0.1353622290600975,1.0,0.1353622362681504,0.085329246302116,0.254852173824057,0.123727708539403,0.0891265869140625,0.1194605254245458,5.7693417181099634e-05,0.0192267688763402,4.070446401786437e-07,0.2548512507764248,0.0,0.1361967218637013,Syn
0.218070652173913,0.1506335053965274,0.1154117644201146,0.0103530031612223,0.000136770804621,0.0997322613680668,0.1154117644201146,0.0122353673723536,0.0855237400255307,3.2917591302047378e-06,0.000136770804621,0.0,0.0002664393051262,6.953401355429312e-06,0.0008669627616669,6.959761154924412e-06,0.0009163647707339,0.0,0.0009163730995947,0.0008416320043888,0.0017955021711436,0.0008692238721858,0.0,0.00084163850934,5.7693417181099634e-05,0.0,0.0,0.0017955104596761,2.581478814643425e-05,0.0,DrDoS_UDP
0.3505434782608695,0.2421398404504927,0.1711277886229285,0.0135932560590094,0.000135198726407,0.1602174559960227,0.1711277886229285,0.0160647571606475,0.1282323590226476,2.3301400852763358e-07,0.000135198726407,0.0,0.0001598635830757,3.2388098681363294e-07,0.0255141586301928,3.302410524354742e-07,0.0250822781304047,0.0,0.0250822862578064,0.0195884199462008,0.0250733880616297,0.0255807016641164,0.0,0.0195884263291024,3.461605030865978e-05,0.0,0.0,0.025073395768209,0.0,0.0,TFTP
0.2989130434782608,0.2064758329422806,0.1459229205311793,0.0115911485774499,0.0010375716212633,0.1123316202726459,0.1459229205311793,0.0136986301369863,0.1093454224224127,0.0163043478260869,0.0010375716212633,0.0,0.001865075135884,0.0272727190239198,2.478152009239604e-07,0.0272727245002981,4.168250080666059e-07,0.0,4.251615046835791e-07,1.7764175004502516e-07,2.741695431621237e-06,2.484615234447568e-07,0.0,1.841521794821326e-07,0.0004038539202676,0.0,0.0,2.750028783634602e-06,0.0,0.0,DrDoS_NTP
0.0543478260869565,0.0375410605349601,0.1367389558265448,0.0115911485774499,0.0007021949356024,0.1066205622226242,0.1367389558265448,0.0136986301369863,0.1027184296520827,0.0028945185594801,0.0007021949356024,0.0,0.0013321965256314,0.0051669232012534,1.0811526768642652e-06,0.0051669295315584,2.4259215469476464e-06,0.0,2.4342580268157865e-06,9.76304142926542e-07,1.0475109901361382e-05,1.083972412380373e-06,0.0,9.82814567164013e-07,0.0002884670859054,0.0,0.0,1.0483443060037365e-05,0.0002108497750753,0.0,DrDoS_NTP
0.0258152173913043,0.017832003754106,0.0126024340458745,0.0020284510010537,4.978247677778465e-06,0.0166427434910597,0.0126024340458745,0.0011830635118306,0.0133202601704396,1.7306116119885697e-06,4.978247677778465e-06,2.215182876586914e-05,5.328786102525844e-05,2.21433487388712e-05,0.0003827536939583,1.1073794385844732e-05,0.000376284607782,0.0,1.667300018366977e-08,0.00029389385737,0.0003761872801648,0.0,0.0,3.906258239763474e-08,1.1538683436219929e-05,0.0,2.5440290011165232e-08,1.6666841112936986e-08,1.0422830888295866e-05,0.0,Benign
0.0,0.0,0.0,0.0,0.0,0.0,0.0,0.0,0.0,0.0,0.0,0.0061349692382812,0.0,0.0046012185528013,1.6721400775372472e-06,0.0015337401928013,1.342176525974471e-06,0.0,0.0,1.5852898124309036e-06,1.3500141638986029e-06,0.0,0.0037689208984375,0.0,0.0,0.0,8.480096670388411e-09,0.0,0.0,0.0,Benign
0.2934782608695652,0.2027217268887846,0.1497368150450624,0.0124077976817702,0.0001182988856061,0.1389793281081778,0.1497368150450624,0.0146637608966376,0.111234117599235,0.0120284526854219,0.0001182988856061,0.0,0.0001598635830757,0.0196078348234485,4.07044955876546e-07,0.0196078416715484,4.001520077439417e-07,0.0,4.0848850449990937e-07,3.255215219055489e-07,4.1667103824030964e-07,4.081065627552956e-07,0.0,3.320319503798953e-07,3.461605030865978e-05,0.0,0.0,4.2500444837989305e-07,1.0422830888295866e-05,0.0,DrDoS_UDP
0.0040760869565217,0.002815579540122,0.010695486788933,0.0012118018967334,8.449920400439762e-06,0.0108674631005054,0.010695486788933,0.0014321295143212,0.0086979313290555,0.0001526757309498,8.449920400439762e-06,0.0,0.0001598635830757,0.0034843121069561,2.3574687062868804e-06,0.0034843184440068,2.334220045172993e-06,0.0,2.342556525805603e-06,1.8619830565449e-06,2.383358338734571e-06,2.363617179468772e-06,0.0039215087890625,1.86849347501622e-06,3.461605030865978e-05,0.0,0.0,2.391691699706457e-06,6.966827757998079e-06,0.0,Benign
0.218070652173913,0.1506335053965274,0.1154117644201146,0.0103530031612223,0.000136770804621,0.0997322613680668,0.1154117644201146,0.0122353673723536,0.0855237400255307,3.25606406377155e-06,0.000136770804621,0.0,0.0002664393051262,6.877908340723532e-06,0.0008762290347038,6.884268295877648e-06,0.0009173067952521,0.0,0.0009173151241051,0.0008508585558935,0.00181518571099,0.0008785143124284,0.0,0.0008508650607846,5.7693417181099634e-05,0.0,0.0,0.0018151939990305,2.581478814643425e-05,0.0,DrDoS_UDP
0.0040760869565217,0.002815579540122,0.0019898580072433,0.0001580611169652,5.502273749123566e-06,0.0015581402178595,0.0019898580072433,0.0001867995018679,0.0014910739421238,8.854056372401916e-10,5.502273749123566e-06,7.898891717195512e-08,0.0006927421933283,1.0012967665732139e-07,0.0603928381282309,6.699528303230649e-08,0.1001329129903221,1.0,0.1001329204920642,0.0470983255661183,0.4220045608645177,0.0689392562263878,0.0891265869140625,0.0760819182977964,0.0001500028846708,0.0368176604759983,0.1608562909902432,0.4220045503142933,0.0,0.1007502232353902,Syn
0.3505434782608695,0.2421398404504927,0.1711277886229285,0.0135932560590094,0.000135198726407,0.1602174559960227,0.1711277886229285,0.0160647571606475,0.1282323590226476,2.344498774296041e-07,0.000135198726407,0.0,0.0001598635830757,3.25929047900478e-07,0.025358444116857,3.3228909783662093e-07,0.0249290199114388,0.0,0.0249290280401181,0.0194684526513481,0.0249198281171966,0.0254245810344632,0.0,0.0194684590350307,3.461605030865978e-05,0.0,0.0,0.0249198358276149,0.0,0.0,TFTP
0.0,0.0,0.0311981301763553,0.0909378292939936,8.626779199518735e-05,0.0943592802707211,0.0311981301763553,0.0160958904109589,0.0904688379743333,4.93814607431863e-07,8.626779199518735e-05,7.487760186195373e-07,0.0002664393051262,9.482892600763638e-07,0.0177992785504172,5.802612887424236e-07,0.0474800531518577,1.0,0.0474800610925403,0.0053354167660183,0.0500822504462776,0.0231743782388974,0.1250152587890625,0.0090291779814691,0.0001500028846708,0.0,0.0003369481611012,0.0500822575276287,0.015429070817964,0.0477727677450746,Benign
0.0040760869565217,0.002815579540122,0.0019898580072433,0.0001580611169652,3.930195535088262e-07,0.0019871932526638,0.0019898580072433,0.0001867995018679,0.0014910739421238,3.3779726159019935e-05,3.930195535088262e-07,0.0055248618164062,0.0,0.0041436379638958,1.8590873917336424e-06,0.0013812133370091,1.4922335288784491e-06,0.0,0.0,1.761071434364674e-06,1.5000157376651145e-06,0.0,0.0038299560546875,0.0,0.0,0.0,8.480096670388411e-09,0.0,0.0,0.0,Benign
0.0040760869565217,0.002815579540122,0.0019898580072433,0.0001580611169652,4.716234642105914e-06,0.001596851670128,0.0019898580072433,0.0001867995018679,0.0014910739421238,5.452415721137812e-10,4.716234642105914e-06,1.9109418615698813e-08,0.0005861664712778,5.8402884314635066e-08,0.0863763747058587,5.520823726027601e-08,0.1245922461461714,1.0,0.1245922534440082,0.0786212780072612,0.4360896919743516,0.0903839706002242,0.0891265869140625,0.0929160651354499,0.0001269255177984,0.0497532077731923,1.6960193340776826e-08,0.4360896977388363,0.0,0.1253603438928856,Syn
0.2989130434782608,0.2064758329422806,0.1459229205311793,0.0115911485774499,0.0008070001498714,0.1131990463801129,0.1459229205311793,0.0136986301369863,0.1093454224224127,0.0278985507246376,0.0008070001498714,0.0,0.0014387722476819,0.0466666585823214,2.05564314976768e-07,0.0466666659476637,3.834790074212775e-07,0.0,3.918155043162396e-07,1.0199673925795397e-07,1.2416796939561224e-06,2.061004436958547e-07,0.0,1.08507169187543e-07,0.0003115444527779,0.0,0.0,1.2500130834702738e-06,0.0,0.0,DrDoS_NTP
0.0,0.0,0.0,0.0,0.0,0.0,0.0,0.0,0.0,0.0,0.0,0.0083333330078124,0.0,0.0104166582749184,6.624257970794146e-07,0.0062499978932295,7.919675153265513e-07,0.0,8.336500091834885e-09,5.794283091432173e-07,9.916770710119367e-07,0.0,0.0266265869140625,1.953129119881737e-08,2.3077366872439854e-05,0.0,8.140892803572874e-07,1.6666841112936986e-08,0.0,0.0,Benign
0.0040760869565217,0.002815579540122,0.0019898580072433,0.0001580611169652,3.930195535088261e-06,0.0016145945177893,0.0019898580072433,0.0001867995018679,0.0014910739421238,4.265712449415808e-10,3.930195535088261e-06,1.7442023381590843e-08,0.0004795907492273,4.3845990724734834e-08,0.1185234424700418,4.1485038906740647e-08,0.185759773827416,1.0,0.1857597806153297,0.1017984998991695,0.4777782960239558,0.1259023820990671,0.0891265869140625,0.1244203894023838,0.0001038481509259,0.093911644872016,0.0,0.4777783007462144,0.0,0.1869049586607715,Syn
0.2989130434782608,0.2064758329422806,0.1459229205311793,0.0115911485774499,0.0057642867847961,0.1098421100732104,0.1459229205311793,0.0136986301369863,0.1093454224224127,0.0027183798060954,0.0057642867847961,0.0,0.0106042843440264,0.0045470995977644,1.4839454199462296e-06,0.0045471057997756,3.426301566307501e-06,0.0,3.4346380378359727e-06,1.0727161264461477e-06,9.162596130904406e-05,1.4878156722187614e-06,0.0,1.0792265500559352e-06,0.0022961980038077,0.0,0.0,9.163429243892754e-05,0.0,0.0,DrDoS_NTP
0.0040760869565217,0.002815579540122,0.0019898580072433,0.0001580611169652,7.860391070176523e-07,0.0022355924092468,0.0019898580072433,0.0001867995018679,0.0014910739421238,0.0040760869565217,7.860391070176523e-07,0.0,5.328786102525844e-05,0.4999999957599588,0.0,0.4999999989399897,0.0,0.0,8.336500091834885e-09,1.3020860689957046e-08,0.0,0.0,0.004302978515625,1.953129119881737e-08,1.1538683436219929e-05,0.0,0.0,8.333420556468491e-09,0.0,0.0,Benign
0.2989130434782608,0.2064758329422806,0.1459229205311793,0.0115911485774499,0.0057642867847961,0.1098421100732104,0.1459229205311793,0.0136986301369863,0.1093454224224127,0.000581090675502,0.0057642867847961,0.0,0.0106042843440264,0.000971997749,7.157140527974255e-06,0.000972004107626,3.7822701231963824e-05,0.0,3.783103741674671e-05,5.0421811533442845e-06,0.0004286628307208,7.175806941860438e-06,0.0,5.048691551111145e-06,0.0022961980038077,0.0,0.0,0.0004286711534247,0.0,0.0,DrDoS_NTP
0.3505434782608695,0.2421398404504927,0.1711277886229285,0.0135932560590094,0.000135198726407,0.1602174559960227,0.1711277886229285,0.0160647571606475,0.1282323590226476,2.336846689944703e-07,0.000135198726407,0.0,0.0001598635830757,3.248375877976982e-07,0.0254408821841504,3.311976473815025e-07,0.025010259105511,0.0,0.0250102672335131,0.0195322027862361,0.0250014289733256,0.025507234107048,0.0,0.0195322091695037,3.461605030865978e-05,0.0,0.0,0.0250014366817039,0.0,0.0,TFTP
0.0040760869565217,0.002815579540122,0.0019898580072433,0.0001580611169652,4.716234642105914e-06,0.0016145945177893,0.0019898580072433,0.0001867995018679,0.0014910739421238,3.68185525100462e-10,4.716234642105914e-06,0.0,0.0005861664712778,3.6684009030156734e-08,0.1049117482138841,4.304406917466183e-08,0.1500546936934334,1.0,0.1500547007790026,0.117941385618166,0.5535428992542514,0.105185366722006,0.0891265869140625,0.1179413913607474,0.0001269255177984,0.0385793241890455,0.0,0.5535428937489546,0.0,0.1509797629661899,Syn
0.3505434782608695,0.2421398404504927,0.1711277886229285,0.0135932560590094,0.000135198726407,0.1602174559960227,0.1711277886229285,0.0160647571606475,0.1282323590226476,2.3356617865554498e-07,0.000135198726407,0.0,0.0001598635830757,3.246685783205885e-07,0.0254543877725117,3.310286384108836e-07,0.0250233390742641,0.0,0.0250233472021571,0.0195421112544669,0.0250141124397296,0.0255207749190997,0.0,0.01954211763767,3.461605030865978e-05,0.0,0.0,0.0250141201477908,0.0,0.0,TFTP
0.0230978260869565,0.015954950727358,0.0112758620410456,0.0020811380400421,4.454221606433364e-06,0.0161459451778937,0.0112758620410456,0.0010585305105853,0.0129226408317396,3.6475484342785374e-06,4.454221606433364e-06,4.751496887207032e-05,5.328786102525844e-05,4.750648753517163e-05,0.0001784086604555,2.3755364465830507e-05,0.0001753999633944,0.0,2.5009500275504656e-08,0.0001370120118304,0.0001753768399953,0.0,0.0,5.859387359645212e-08,1.1538683436219929e-05,0.0,1.6960193340776826e-08,2.5000261669405472e-08,1.3876550370438796e-05,0.0,Benign
0.2989130434782608,0.2064758329422806,0.1459229205311793,0.0115911485774499,0.0003458572070877,0.118403595444374,0.1459229205311793,0.0136986301369863,0.1093454224224127,0.0025295885202673,0.0003458572070877,0.0,0.0005861664712778,0.0042313032624284,1.1116059646403644e-06,0.0042313094123873,1.69230953275042e-06,0.0,1.7006460187343165e-06,1.2523700468268971e-06,5.900061901482783e-06,1.1145051248473248e-06,0.0,1.2588804692670605e-06,0.0001269255177984,0.0,0.0,5.9083951745361605e-06,0.0,0.0,DrDoS_NTP
0.2989130434782608,0.2064758329422806,0.1459229205311793,0.0115911485774499,0.0004035000749357,0.1171024562831735,0.1459229205311793,0.0136986301369863,0.1093454224224127,7.90625847099122e-05,0.0004035000749357,0.0,0.0006927421933283,0.0001322416627356,7.96478837222233e-05,0.0001322480175889,0.0001659630452117,0.0,0.0001659713803283,3.975469258836859e-05,0.0002205356471198,7.985561198421655e-05,0.0,3.976120276014205e-05,0.0001500028846708,0.0,0.0,0.0002205439750269,0.0,0.0,DrDoS_NTP
0.0040760869565217,0.002815579540122,0.0019898580072433,0.0001580611169652,3.930195535088261e-06,0.0015835446232165,0.0019898580072433,0.0001867995018679,0.0014910739421238,9.058023098125567e-10,3.930195535088261e-06,8.33338126540184e-08,0.0004795907492273,1.0263166851408195e-07,0.0658275155263592,6.732482221280708e-08,0.1203111115168207,1.0,0.1203111188503472,0.0468748241166524,0.3000014141815038,0.0778659721440093,0.0891265869140625,0.0781247155755719,0.0001038481509259,0.0548228364158348,0.0753508063350799,0.3000014066813899,0.0,0.1210528168189472,Syn
0.0237771739130434,0.016424213984045,0.0116075050422529,0.0034773445732349,4.585228124269638e-06,0.0229148221947799,0.0116075050422529,0.0010896637608966,0.0183402102465222,5.372500211039529e-06,4.585228124269638e-06,4.73552131652832e-05,5.328786102525844e-05,4.734673176016335e-05,0.0001790361838901,2.367548661226761e-05,0.0001760085279062,0.0,8.336500091834885e-09,0.0001374742492128,0.0001759685128696,0.0,0.0,1.953129119881737e-08,1.1538683436219929e-05,0.0,1.6960193340776826e-08,8.333420556468491e-09,6.447627663057062e-05,0.0,Benign
0.6976902173913043,0.4819333646175504,0.3405973622398209,0.0270547945205479,0.0001345436938178,0.3826589007160821,0.3405973622398209,0.0319738480697384,0.2552221564268587,0.6976902173913043,0.0001345436938178,0.0,5.328786102525844e-05,0.4999999957599588,0.0,0.4999999989399897,0.0,0.0,8.336500091834885e-09,1.3020860689957046e-08,0.0,0.0,0.0,1.953129119881737e-08,1.1538683436219929e-05,0.0,0.0,8.333420556468491e-09,0.0,0.0,MSSQL
0.2989130434782608,0.2064758329422806,0.1459229205311793,0.0115911485774499,0.0002882143392398,0.1202251917861627,0.1459229205311793,0.0136986301369863,0.1093454224224127,0.0154078888390856,0.0002882143392398,0.0,0.0004795907492273,0.025773187614765,4.363821509049504e-07,0.0257731932471191,7.419485143585586e-07,0.0,7.502850082651397e-07,2.0399348491876417e-07,8.000083934213944e-07,4.3752027161244484e-07,0.0,2.105039141843105e-07,0.0001038481509259,0.0,0.0,8.083417939774437e-07,0.0,0.0,DrDoS_NTP
0.0,0.0,0.0,0.0,0.0,0.0,0.0,0.0,0.0,0.0,0.0,1.6092952728271483e-05,0.0,1.6084472949964613e-05,0.0005268306877349,8.044356360623435e-06,0.0005179384185234,0.0,5.83555006428442e-08,0.0004045451268042,0.0005178220994835,0.0,0.0053253173828125,1.367190383917216e-07,1.1538683436219929e-05,0.0,1.6960193340776826e-08,5.8333943895279444e-08,0.0,0.0,Benign
0.234375,0.1618958235570154,0.124200303952106,0.0106427818756585,9.812388185937029e-05,0.1144499113956084,0.124200303952106,0.0125778331257783,0.0916016440279382,5.0354430652066345e-06,9.812388185937029e-05,0.0,0.0001598635830757,9.887611045525444e-06,0.0008563802514486,9.893971461590557e-06,0.0008420448717956,0.0,0.000842053201276,0.0006578724603012,0.0008420838348629,0.0008586137619064,0.0,0.0006578789664487,3.461605030865978e-05,0.0,0.0,0.0008420921472311,2.3853962517555835e-05,0.0,DrDoS_UDP
0.2989130434782608,0.2064758329422806,0.1459229205311793,0.0115911485774499,0.0016716431675908,0.1111800375982688,0.1459229205311793,0.0136986301369863,0.1093454224224127,0.0254955242966751,0.0016716431675908,0.0,0.0030374080784397,0.0426470507050975,2.0346501901045045e-07,0.042647056564142,3.668060070986132e-07,0.0,3.7514250413256985e-07,1.099920114664958e-07,2.825029639269299e-06,2.0399567259219369e-07,0.0,1.1650244134403216e-07,0.0006577049558645,0.0,0.0,2.833362989199287e-06,0.0,0.0,DrDoS_NTP
0.2989130434782608,0.2064758329422806,0.1459229205311793,0.0115911485774499,0.0004035000749357,0.1171024562831735,0.1459229205311793,0.0136986301369863,0.1093454224224127,6.675785037641022e-05,0.0004035000749357,0.0,0.0006927421933283,0.0001116591978577,4.5269901169276974e-05,0.0001116655590491,7.458666694343847e-05,0.0,7.459500282173856e-05,4.708343295628848e-05,0.0002611860736105,4.538796881214489e-05,0.0,4.708994308034868e-05,0.0001500028846708,0.0,0.0,0.0002611944005013,0.0,0.0,DrDoS_NTP
0.3505434782608695,0.2421398404504927,0.1711277886229285,0.0135932560590094,0.000135198726407,0.1602174559960227,0.1711277886229285,0.0160647571606475,0.1282323590226476,2.337243223574556e-07,0.000135198726407,0.0,0.0001598635830757,3.248941476337537e-07,0.0254371385878116,3.312542121895143e-07,0.0250063909694361,0.0,0.0250063990974704,0.0195288885702392,0.0249971872621563,0.0255034807471005,0.0,0.0195288949535284,3.461605030865978e-05,0.0,0.0,0.0249971949706406,0.0,0.0,TFTP
0.4497282608695652,0.3106522759267949,0.2195476667991835,0.0174394099051633,8.672631480761431e-05,0.2466603624869001,0.2195476667991835,0.0206102117061021,0.1645151582809936,0.4497282608695652,8.672631480761431e-05,0.0,5.328786102525844e-05,0.4999999957599588,0.0,0.4999999989399897,0.0,0.0,8.336500091834885e-09,1.3020860689957046e-08,0.0,0.0,0.0,1.953129119881737e-08,1.1538683436219929e-05,0.0,0.0,8.333420556468491e-09,0.0,0.0,DrDoS_MSSQL
0.2989130434782608,0.2064758329422806,0.1459229205311793,0.0115911485774499,0.0010952144891112,0.1121718300559219,0.1459229205311793,0.0136986301369863,0.1093454224224127,0.0094341326014733,0.0010952144891112,0.0,0.0019716508579345,0.0157807225507494,3.1730867845903685e-07,0.0157807283821849,4.334980083892702e-07,0.0,4.41834504867249e-07,3.11268940848738e-07,5.00838587964852e-06,3.181362457114394e-07,0.0,3.177793694158749e-07,0.0004269312871401,0.0,0.0,5.016719174994031e-06,0.0,0.0,DrDoS_NTP
0.0040760869565217,0.002815579540122,0.0019898580072433,0.0001580611169652,3.1441564280706093e-06,0.0016145945177893,0.0019898580072433,0.0001867995018679,0.0014910739421238,6.955036217581412e-10,3.1441564280706093e-06,5.6876741349697116e-08,0.0003730150271768,7.683502922731602e-08,0.0854031204415885,5.475672089927432e-08,0.1305123783897408,1.0,0.1305123856382244,0.0624357750105914,0.2930343910858198,0.0994894340726945,0.0891265869140625,0.0981133710203919,8.077078405353949e-05,0.0628890451728519,0.1060274457989533,0.2930344004267244,0.0,0.1313169727140491,Syn
0.2989130434782608,0.2064758329422806,0.1459229205311793,0.0115911485774499,0.0057066439169481,0.1098476287068161,0.1459229205311793,0.0136986301369863,0.1093454224224127,0.0064066662273972,0.0057066439169481,0.0,0.0104977086219759,0.0107165969366233,7.259300988828424e-07,0.0107166033714488,4.168250080666059e-06,0.0,4.176586546009278e-06,4.514339182007498e-07,3.8483737091874994e-05,7.278233845637959e-07,0.0,4.579443458553523e-07,0.0022731206369353,0.0,0.0,3.849206955032797e-05,0.0,0.0,DrDoS_NTP
0.2601902173913043,0.1797278273111215,0.1270192694623675,0.0100895679662802,5.017549633129348e-05,0.1427053154569225,0.1270192694623675,0.0119240348692403,0.0951802199722365,0.0059134140316205,5.017549633129348e-05,0.0,5.328786102525844e-05,0.0113636279799185,0.0,0.0113636346228205,3.584695069372811e-07,0.0,3.66806004040735e-07,8.528663877068602e-07,3.583370928866662e-07,0.0,0.0,8.593768127479643e-07,1.1538683436219929e-05,0.0,0.0,3.666705044846136e-07,0.0,0.0,UDP-lag
0.25,0.1726888784608165,0.1435350868741108,0.0115911485774499,0.0005669962091953,0.1129719333817234,0.1435350868741108,0.0136986301369863,0.1076413368337006,0.016244294979582,0.0005669962091953,0.0,0.0010124693594799,0.0276243011464391,2.1168397094066122e-07,0.0276243065322935,3.668060070986132e-07,0.0,3.7514250413256985e-07,1.795508163507405e-07,1.5000157376651145e-06,2.1223606022816442e-07,0.0,1.860612457754191e-07,0.0002192349852881,0.0,0.0,1.508349120720797e-06,1.0713577777462368e-05,0.0,DrDoS_NTP
0.0332880434782608,0.022993899577663,0.016250507059154,0.0047945205479452,6.419319373977494e-06,0.0317329922534758,0.016250507059154,0.0015255292652552,0.0253979587224428,4.35353732483929e-07,6.419319373977494e-06,2.7742021083831787e-06,5.328786102525844e-05,2.765722080558324e-06,0.0030567083755563,1.3849810365612691e-06,0.0030049581751534,0.0,2.5009500275504656e-08,0.0023467692375486,0.0030038898491443,0.0,0.0,5.859387359645212e-08,1.1538683436219929e-05,0.0,1.6960193340776826e-08,2.5000261669405472e-08,0.000121215954833,0.0,Benign
0.2241847826086956,0.1548568747067104,0.1192256589339977,0.0102476290832455,9.4193686324282e-05,0.1097924272096775,0.1192256589339977,0.0121108343711083,0.0878739591726287,4.438850299495836e-06,9.4193686324282e-05,0.0,0.0001598635830757,9.07912450208364e-06,0.0009325400722153,9.085484521399985e-06,0.000916939989245,0.0,0.0009169483181011,0.0007164012554061,0.0009170012875385,0.0009349722137787,0.0,0.0007164077611726,3.461605030865978e-05,0.0,0.0,0.0009170095980337,2.3853962517555835e-05,0.0,UDP
0.0040760869565217,0.002815579540122,0.0019898580072433,0.0001580611169652,1.5720782140353049e-06,0.0018629936743723,0.0019898580072433,0.0001867995018679,0.0014910739421238,7.737799285695892e-09,1.5720782140353049e-06,0.0,0.0001598635830757,9.40689971329241e-07,0.0089342046584717,9.470500344464758e-07,0.0087829114084712,1.0,0.0087829196717526,0.0068590705025903,0.0087796837801823,0.0089575058024478,0.0891265869140625,0.0068590769683654,3.461605030865978e-05,0.0,0.0,0.0087796918941084,0.0,0.0,Syn
0.0040760869565217,0.002815579540122,0.0019898580072433,0.0001580611169652,3.1441564280706093e-06,0.0016145945177893,0.0019898580072433,0.0001867995018679,0.0014910739421238,4.744011795207311e-10,3.1441564280706093e-06,3.879547491669655e-08,0.0003730150271768,4.9713129416197766e-08,0.1315754516315749,3.667545442794109e-08,0.2094904218406633,1.0,0.2094912787537559,0.0915350016202832,0.4296078739692777,0.1549658244335567,0.0891265869140625,0.1438407233359007,8.077078405353949e-05,0.1277558527574846,0.3729177801033594,0.4296078632289685,0.0,0.2107819019594856,Syn
0.4076086956521739,0.2815579540122008,0.1989858007243355,0.0158061116965226,7.860391070176523e-05,0.2235592409246828,0.1989858007243355,0.0186799501867995,0.1491073942123809,0.0018360752056404,7.860391070176523e-05,0.0,5.328786102525844e-05,0.0022522437912691,0.0,0.0022522500820198,1.8423665356543984e-06,0.0,1.8507030203873444e-06,4.329436243730319e-06,1.841685989022168e-06,0.0,0.0,4.335946646137457e-06,1.1538683436219929e-05,0.0,0.0,1.850019363536005e-06,0.0,0.0,DrDoS_DNS
0.0,0.002815579540122,0.0019898580072433,0.0001580611169652,1.5720782140353049e-06,0.0014903949394978,0.0019898580072433,0.0001867995018679,0.0012425616184365,6.911726379681957e-08,1.5720782140353049e-06,4.239192008972168e-06,0.0001598635830757,1.0589500456285586e-05,0.000866161808306,8.476264015347682e-06,0.0009832235020278,0.0,1.667300018366977e-08,0.0005759077940755,0.0009828936455258,8.502220057401991e-09,1.52587890625e-05,2.6041722374526943e-08,3.461605030865978e-05,0.0,0.0,3.3333682225873965e-08,1.3705234933766714e-07,0.0,Benign
0.3505434782608695,0.2421398404504927,0.1711277886229285,0.0135932560590094,0.000270397452814,0.1441957103964204,0.1711277886229285,0.0160647571606475,0.1282323590226476,1.5580864860134393e-07,0.000270397452814,0.0,0.0003730150271768,2.1375861203143506e-07,0.0235513831749421,2.2011866956117394e-07,0.0250112261395297,0.0,0.0250112342675237,0.0251097927127773,0.0749952201581848,0.0236128071282958,0.0,0.0251097990597323,8.077078405353949e-05,0.0,0.0,0.0749952266167052,0.0,0.0,TFTP
0.2771739130434782,0.1914594087282965,0.1353103444925481,0.0107481559536354,5.345065927720036e-05,0.1520202838287843,0.1353103444925481,0.0127023661270236,0.101393028064419,0.2771739130434782,5.345065927720036e-05,0.0,5.328786102525844e-05,0.4999999957599588,0.0,0.4999999989399897,0.0,0.0,8.336500091834885e-09,1.3020860689957046e-08,0.0,0.0,0.0,1.953129119881737e-08,1.1538683436219929e-05,0.0,0.0,8.333420556468491e-09,0.0,0.0,MSSQL
0.25,0.1726888784608165,0.1453802356640916,0.0115911485774499,0.002526853716026,0.1101311560888509,0.1453802356640916,0.0136986301369863,0.108943334215099,0.0174245490286771,0.002526853716026,0.0,0.0046360439091974,0.0292553109169412,2.270923486486936e-07,0.0292553163013763,4.084885079052738e-07,0.0,4.168250045917443e-07,1.6231175687486406e-07,6.258398994369449e-06,2.2768462425844214e-07,0.0,1.6882218641177637e-07,0.0010038654589511,0.0,0.0,6.266732258464306e-06,2.630733222584168e-06,0.0,DrDoS_NTP
0.0040760869565217,0.002815579540122,0.0019898580072433,0.0001580611169652,3.930195535088261e-06,0.0015835446232165,0.0019898580072433,0.0001867995018679,0.0014910739421238,5.36116426262685e-10,3.930195535088261e-06,4.932270944118499e-08,0.0004795907492273,5.728353308074177e-08,0.1030342951760241,3.8982239867316e-08,0.1413024355960553,1.0,0.1413024427545877,0.0791979589149519,0.5068712012570199,0.1192399123232787,0.0891265869140625,0.1319963526485563,0.0001038481509259,0.0271012723671885,0.382386995249382,0.5068702385751638,0.0,0.1421735487317472,Syn
0.3505434782608695,0.2421398404504927,0.1711277886229285,0.0135932560590094,0.000135198726407,0.1602174559960227,0.1711277886229285,0.0160647571606475,0.1282323590226476,2.33050800608629e-07,0.000135198726407,0.0,0.0001598635830757,3.239334654412343e-07,0.0255106775813167,3.302935343253103e-07,0.025078676762335,0.0,0.0250786848897667,0.0195853278986428,0.0250694296867664,0.0255772115363772,0.0,0.0195853342815645,3.461605030865978e-05,0.0,0.0,0.0250694373934447,0.0,0.0,TFTP
0.0210597826086956,0.014547160957297,0.010280933037424,0.0023972602739726,4.061202052924537e-06,0.0170774420150799,0.010280933037424,0.0009651307596513,0.0136681778028015,1.2714063137787432e-06,4.061202052924537e-06,1.5340246200561524e-05,5.328786102525844e-05,1.5331766718821204e-05,0.0005527500778168,7.668003095970578e-06,0.0005433980900161,0.0,1.667300018366977e-08,0.0004243954419375,0.0005432306993954,0.0,0.0,3.906258239763474e-08,1.1538683436219929e-05,0.0,1.6960193340776826e-08,1.6666841112936986e-08,2.4669422880780083e-05,0.0,Benign
0.0040760869565217,0.002815579540122,0.0019898580072433,0.0001580611169652,1.1790586605264784e-06,0.0019871932526638,0.0019898580072433,0.0001867995018679,0.0014910739421238,0.0015285326086956,1.1790586605264784e-06,0.0,0.0001065757220505,0.187499993109933,2.0771925939640272e-08,0.1874999982774832,1.6673000322664237e-08,0.0,2.5009500275504656e-08,3.255215201593153e-08,2.500026229441857e-08,2.0826100838859724e-08,0.0037689208984375,3.906258239763474e-08,2.3077366872439854e-05,0.0,0.0,3.3333682225873965e-08,0.0,0.0,Benign
1.0,0.6907555138432661,0.4881784977770364,0.0387776606954689,0.0001928415942549,0.548465337735222,0.4881784977770364,0.0458281444582814,0.365810140467708,0.0196078431372549,0.0001928415942549,0.0,5.328786102525844e-05,0.009803913171683,0.0,0.0098039197757639,4.168250080666059e-07,0.0,4.251615046835791e-07,9.895854269886815e-07,4.1667103824030964e-07,0.0,0.0,9.96095851139686e-07,1.1538683436219929e-05,0.0,0.0,4.2500444837989305e-07,0.0,0.0,DrDoS_DNS
0.0,0.0,0.001193914772718,0.0001580611169652,1.1790586605264784e-06,0.0006387406798958,0.001193914772718,0.0001867995018679,0.0005591527282964,1.088694174414311e-09,1.1790586605264784e-06,1.7806197702884673e-07,0.0001598635830757,3.031283861318887e-07,0.033482556743153,2.204574623627955e-07,0.0465939165307087,1.0,0.0465939244787786,0.0182813541923182,0.0468006660169876,0.0410881252247229,0.1250152587890625,0.0274220402652411,4.615473374487971e-05,0.0,1.6960193340776826e-08,0.0468006731803792,2.202627136286297e-07,0.0,Benign
0.3505434782608695,0.2421398404504927,0.1711277886229285,0.0135932560590094,0.000135198726407,0.1602174559960227,0.1711277886229285,0.0160647571606475,0.1282323590226476,2.3298574461008614e-07,0.000135198726407,0.0,0.0001598635830757,3.238406723882622e-07,0.0255178012467383,3.302007298931982e-07,0.0250856794224706,0.0,0.0250856875498439,0.0195907966602141,0.0250764297602089,0.0255843537809069,0.0,0.0195908030431001,3.461605030865978e-05,0.0,0.0,0.0250764374667121,0.0,0.0,TFTP
0.3505434782608695,0.2421398404504927,0.1711277886229285,0.0135932560590094,0.000135198726407,0.1602174559960227,0.1711277886229285,0.0160647571606475,0.1282323590226476,2.337567406021237e-07,0.000135198726407,0.0,0.0001598635830757,3.249403876110369e-07,0.0254330516601753,3.313004355916356e-07,0.0250025561793619,0.0,0.0250025643074282,0.0195261810449792,0.0249937205591181,0.0254993831604193,0.0,0.0195261874282859,3.461605030865978e-05,0.0,0.0,0.0249937282676892,0.0,0.0,TFTP
0.2989130434782608,0.2064758329422806,0.1459229205311793,0.0115911485774499,0.0057642867847961,0.1098421100732104,0.1459229205311793,0.0136986301369863,0.1093454224224127,0.0012322753987643,0.0057642867847961,0.0,0.0106042843440264,0.0020612522044211,1.868695331299856e-06,0.0020612586265368,6.110654618256443e-06,0.0,6.118991067406805e-06,2.3742459781554163e-06,0.0002021354540711,1.8735690431327984e-06,0.0,2.380756393291684e-06,0.0022961980038077,0.0,0.0,0.0002021437824382,0.0,0.0,DrDoS_NTP
0.0040760869565217,0.002815579540122,0.0019898580072433,0.0001580611169652,4.716234642105914e-06,0.001596851670128,0.0019898580072433,0.0001867995018679,0.0014910739421238,5.457911261377293e-10,4.716234642105914e-06,1.912868022918701e-08,0.0005861664712778,5.84702962754777e-08,0.1027107779500905,5.5266016512927655e-08,0.1819964275595858,1.0,0.1819964343788727,0.0785421128006942,0.4356505957008332,0.109071668138509,0.0891265869140625,0.0928225004849619,0.0001269255177984,0.0920622114877312,8.480096670388411e-09,0.4356505931428749,0.0,0.1831184120228438,Syn
0.0,0.0,0.0,0.0,0.0,0.0,0.0,0.0,0.0,0.0,0.0,5.53875982761383e-07,0.0,3.376924226925916e-07,0.0210036281048312,6.711447742094878e-08,0.0344127892249735,1.0,1.667300018366977e-08,0.0156724070216943,0.0601825647487418,0.0,0.1250152587890625,3.906258239763474e-08,1.1538683436219929e-05,0.0,0.0350055592121732,1.6666841112936986e-08,0.0,0.0,Benign
0.0,0.0,0.0,0.0,0.0,0.0,0.0,0.0,0.0,0.0,0.0,0.0,0.0,0.0033482058340249,2.305683840583056e-06,0.0033482122425464,1.8507030358157304e-06,0.0,1.8590395204791796e-06,2.1809941978731258e-06,1.8583528305517804e-06,2.3116972545562468e-06,0.0040435791015625,2.1875046142675458e-06,2.3077366872439854e-05,0.0,0.0,1.866686204648942e-06,0.0,0.0,Benign
0.3505434782608695,0.2421398404504927,0.1711277886229285,0.0135932560590094,0.0002027980896105,0.1495362922629545,0.1711277886229285,0.0160647571606475,0.1282323590226476,1.7503060529986665e-07,0.0002027980896105,0.0,0.0002664393051262,2.411759768571783e-07,0.0241677473095751,2.475360313555969e-07,0.025076609310295,0.0,0.025076617437744,0.0234698331881234,0.0500694003114582,0.0242307787915216,0.0,0.0234698395457552,5.7693417181099634e-05,0.0,0.0,0.0500694073931307,0.0,0.0,TFTP
0.3491847826086956,0.2412013139371187,0.170464502620514,0.013540569020021,6.733735016784555e-05,0.1915157497254783,0.170464502620514,0.0160024906600249,0.127735334375273,0.0074294634597594,6.733735016784555e-05,0.0,5.328786102525844e-05,0.0106382894824716,0.0,0.0106382957540953,3.834790074212775e-07,0.0,3.918155043162396e-07,9.114602616847836e-07,3.833373551810848e-07,0.0,0.0,9.179706863444164e-07,1.1538683436219929e-05,0.0,0.0,3.916707661540191e-07,0.0,0.0,MSSQL
0.0040760869565217,0.002815579540122,0.0019898580072433,0.0001580611169652,3.1441564280706093e-06,0.0016394344097584,0.0019898580072433,0.0001867995018679,0.0014910739421238,4.864181903015602e-10,3.1441564280706093e-06,2.386691980063915e-08,0.0003730150271768,5.1187216084479866e-08,0.1078557461570983,4.561381913147237e-08,0.1492716295602792,1.0,0.1492716366523763,0.0909268265053293,0.3491619716243522,0.1165213531611073,0.0891265869140625,0.1169059301921964,8.077078405353949e-05,0.0652451437083999,8.480096670388411e-09,0.3491619878954733,0.0,0.1501918713799111,Syn
0.0,0.0,0.0,0.0,0.0,0.0,0.0,0.0,0.0,0.0,0.0,0.0,0.0,0.2499999936399381,1.0385962969820136e-08,0.2499999984099845,8.336500161332119e-09,0.0,1.667300018366977e-08,2.278650635294429e-08,1.6666841529612378e-08,1.0413050419429862e-08,0.0044403076171875,2.9296936798226056e-08,2.3077366872439854e-05,0.0,0.0,2.5000261669405472e-08,0.0,0.0,Benign
0.2989130434782608,0.2064758329422806,0.1459229205311793,0.0115911485774499,0.001441071696199,0.1114815384422256,0.1459229205311793,0.0136986301369863,0.1093454224224127,0.0136614736507431,0.001441071696199,0.0,0.0026111051902376,0.0228519112749468,2.72641379854407e-07,0.0228519178503009,5.58545510809252e-07,0.0,5.668820062447722e-07,2.1152255468647404e-07,4.55004773758418e-06,2.733524511012228e-07,0.0,2.1803298390300287e-07,0.0005653954883747,0.0,0.0,4.558381044388264e-06,0.0,0.0,DrDoS_NTP
0.3505434782608695,0.2421398404504927,0.1711277886229285,0.0135932560590094,0.0002027980896105,0.1495362922629545,0.1711277886229285,0.0160647571606475,0.1282323590226476,1.752754783406394e-07,0.0002027980896105,0.0,0.0002664393051262,2.4152525313535095e-07,0.0241342624101008,2.478853145747212e-07,0.0250104091625139,0.0,0.0250104172905147,0.0234370425913985,0.0499994495775584,0.0241972065606626,0.0,0.0234370489492438,5.7693417181099634e-05,0.0,0.0,0.0499994566609797,0.0,0.0,TFTP
0.2989130434782608,0.2064758329422806,0.1459229205311793,0.0115911485774499,0.0057642867847961,0.1098421100732104,0.1459229205311793,0.0136986301369863,0.1093454224224127,0.0027435800227467,0.0057642867847961,0.0,0.0106042843440264,0.0045892526877931,6.076697977342288e-06,0.0045892591201775,4.7476368418786415e-05,0.0,4.748470452309151e-05,1.0628032569990565e-06,9.078428581179864e-05,6.092546507780255e-06,0.0,1.0693136806733812e-06,0.0022961980038077,0.0,0.0,9.079261696272422e-05,0.0,0.0,DrDoS_NTP
0.3505434782608695,0.2421398404504927,0.1711277886229285,0.0135932560590094,0.000135198726407,0.1602174559960227,0.1711277886229285,0.0160647571606475,0.1282323590226476,2.338086596927646e-07,0.000135198726407,0.0,0.0001598635830757,3.2501444274870295e-07,0.0254279751305643,3.31374494362926e-07,0.0249973792127617,0.0,0.0249973873408712,0.0195218450983048,0.0249881705008888,0.0254942933907995,0.0,0.0195218514816398,3.461605030865978e-05,0.0,0.0,0.0249881782095985,0.0,0.0,TFTP
0.2241847826086956,0.1548568747067104,0.1159092289219254,0.0097207586933614,9.15735559675565e-05,0.1073084356438477,0.1159092289219254,0.0114881693648816,0.0858858605831302,4.35635182271256e-06,9.15735559675565e-05,0.0,0.0001598635830757,9.165411101276096e-06,0.0009243482586045,9.171771066382716e-06,0.0009086951905855,0.0,0.0009087035195102,0.0007096629598986,0.0009083761970469,0.0009267590352412,0.0,0.000709669465709,3.461605030865978e-05,0.0,0.0,0.0009083845077578,1.0422830888295866e-05,0.0,UDP
0.0040760869565217,0.002815579540122,0.0019898580072433,0.0001580611169652,3.1441564280706093e-06,0.0016394344097584,0.0019898580072433,0.0001867995018679,0.0014910739421238,4.0841624074835596e-10,3.1441564280706093e-06,2.0039623603224752e-08,0.0003730150271768,4.1618976858147326e-08,0.122760907110223,3.7959226720415685e-08,0.152563079899977,1.0,0.1525630869646349,0.108292624968119,0.4158471629298177,0.1316868933068244,0.0891265869140625,0.1392333796329101,8.077078405353949e-05,0.0237813540271713,8.480096670388411e-09,0.4158471525335299,0.0,0.1535036129340239,Syn
0.3505434782608695,0.2421398404504927,0.1711277886229285,0.0135932560590094,0.000135198726407,0.1602174559960227,0.1711277886229285,0.0160647571606475,0.1282323590226476,2.3364043515107239e-07,0.000135198726407,0.0,0.0001598635830757,3.247744945631692e-07,0.0254462965370702,3.31134555864874e-07,0.0250153860531102,0.0,0.0250153941810695,0.0195359003038253,0.02500616235632,0.0255126625810475,0.0,0.0195359066870687,3.461605030865978e-05,0.0,0.0,0.02500617006458,0.0,0.0,TFTP
0.3505434782608695,0.2421398404504927,0.1711277886229285,0.0135932560590094,0.000135198726407,0.1602174559960227,0.1711277886229285,0.0160647571606475,0.1282323590226476,2.336944058037488e-07,0.000135198726407,0.0,0.0001598635830757,3.248514759598876e-07,0.0254404084971198,3.312115352637646e-07,0.0250096005219982,0.0,0.0250096086500058,0.019531388575529,0.02500038729573,0.0255067591846024,0.0,0.0195313949588018,3.461605030865978e-05,0.0,0.0,0.0250003950041343,0.0,0.0,TFTP
0.1032608695652173,0.0713280150164242,0.1140851924152857,0.0115911485774499,0.000135198726407,0.1036652505408109,0.1140851924152857,0.0136986301369863,0.0888964105258559,7.956951044396087e-05,0.000135198726407,0.0,0.0002664393051262,0.0001702332646366,5.7835409251292046e-05,0.0001702396253354,7.340288392052931e-05,0.0,7.3411219808698e-05,3.44115301903199e-05,7.341743693794254e-05,5.798624877751649e-05,0.0,3.441804039687964e-05,5.7693417181099634e-05,0.0,0.0,7.342576852304388e-05,0.0004510980375114,0.0,DrDoS_NTP
0.218070652173913,0.1506335053965274,0.1154117644201146,0.0103530031612223,0.000136770804621,0.0997322613680668,0.1154117644201146,0.0122353673723536,0.0855237400255307,3.272243432043253e-06,0.000136770804621,0.0,0.0002664393051262,6.912126775059607e-06,0.0008719089355447,6.918486607260005e-06,0.000913113535671,0.0,0.0009131218645589,0.0008466515462595,0.0018062106168263,0.0008741829460938,0.0,0.0008466580511781,5.7693417181099634e-05,0.0,0.0,0.0018062189050912,2.581478814643425e-05,0.0,DrDoS_UDP
0.0339673913043478,0.02346316283435,0.0165821500603612,0.0017386722866174,6.55032589181377e-06,0.0175121405391001,0.0165821500603612,0.0015566625155666,0.0140160954351635,3.753839271475585e-06,6.55032589181377e-06,4.7634925842285153e-05,5.328786102525844e-05,4.7626446249206445e-05,0.0001779464914326,2.3815342951065084e-05,0.0001749497923857,0.0,2.5009500275504656e-08,0.0001366669526591,0.0001749351686948,0.0,0.0,5.859387359645212e-08,1.1538683436219929e-05,0.0,2.5440290011165232e-08,2.5000261669405472e-08,1.7542701412305688e-06,0.0,Benign
0.3505434782608695,0.2421398404504927,0.1711277886229285,0.0135932560590094,0.000135198726407,0.1602174559960227,0.1711277886229285,0.0160647571606475,0.1282323590226476,2.3368988782334677e-07,0.000135198726407,0.0,0.0001598635830757,3.248450317087169e-07,0.025440924412064,3.312050979621152e-07,0.0250101007120079,0.0,0.0250101088400113,0.0195317669942984,0.0250008706341344,0.0255072764450954,0.0,0.0195317733775688,3.461605030865978e-05,0.0,0.0,0.0250008783425266,0.0,0.0,TFTP
0.0040760869565217,0.002815579540122,0.0019898580072433,0.0001580611169652,2.358117321052957e-06,0.0016766943069351,0.0019898580072433,0.0001867995018679,0.0014910739421238,2.9709234227272277e-10,2.358117321052957e-06,1.8221663311123848e-08,0.0002664393051262,2.796324519600128e-08,0.2359933462321127,2.5212475384951143e-08,0.3569935379202174,1.0,0.3569935432806408,0.1531245655304933,0.4573358815489572,0.2732124419843576,0.0891265869140625,0.2143743975084947,5.7693417181099634e-05,0.3125095598553533,1.6960193340776826e-08,0.4573358867822816,0.0,0.3591943488951568,Syn
0.0040760869565217,0.002815579540122,0.0019898580072433,0.0001580611169652,3.930195535088261e-06,0.0016394344097584,0.0019898580072433,0.0001867995018679,0.0014910739421238,3.5203912903315993e-10,3.930195535088261e-06,0.0,0.0004795907492273,3.4703384429105164e-08,0.1138381563143112,4.1063447802769926e-08,0.1335071326886967,1.0,0.1335071399122146,0.1256350835377742,0.4824427782954822,0.1141350556323416,0.0891265869140625,0.1256350892302663,0.0001038481509259,0.0321885141993802,0.0,0.4824427829011277,0.0,0.1343301891483342,Syn
0.3505434782608695,0.2421398404504927,0.1711277886229285,0.0135932560590094,0.0002027980896105,0.1495362922629545,0.1711277886229285,0.0160647571606475,0.1282323590226476,1.7530870004802825e-07,0.0002027980896105,0.0,0.0002664393051262,2.415726391369896e-07,0.0241296889434602,2.479327002674181e-07,0.0250045486029005,0.0,0.0250045567309501,0.0234326016640332,0.0499899744781488,0.0241926211660431,0.0,0.0234326080219075,5.7693417181099634e-05,0.0,0.0,0.049989981561807,0.0,0.0,TFTP
0.2989130434782608,0.2064758329422806,0.1459229205311793,0.0115911485774499,0.0057642867847961,0.1098421100732104,0.1459229205311793,0.0136986301369863,0.1093454224224127,0.0007608252990181,0.0057642867847961,0.0,0.0106042843440264,0.0012726447581583,2.1971878031436342e-05,0.0012726510809196,0.0001750581668878,0.0,0.0001750665019285,3.849496542338892e-06,0.0003273951015869,2.202918250486236e-05,0.0,3.856006947870643e-06,0.0022961980038077,0.0,0.0,0.0003274034268225,0.0,0.0,DrDoS_NTP
0.0,0.0,0.0,0.0,0.0,0.0,0.0,0.0,0.0,0.0,0.0,0.0114942529296874,0.0,0.011494244490953,7.123286657801856e-07,0.0057471243570072,7.00266013551898e-07,1.0,8.336500091834885e-09,5.598970178172428e-07,7.166741857733324e-07,0.0,0.0891265869140625,1.953129119881737e-08,1.1538683436219929e-05,0.0,8.480096670388411e-09,8.333420556468491e-09,0.0,0.0,UDP-lag
0.0543478260869565,0.0375410605349601,0.1061257603863122,0.0115911485774499,0.0001257662571228,0.0977036707828194,0.1061257603863122,0.0136986301369863,0.0837841537597196,0.0001659897971604,0.0001257662571228,0.0,0.0002664393051262,0.0003817680566241,2.577542036481139e-05,0.0003817744005641,3.2712426633067234e-05,0.0,3.2720762860451924e-05,1.5341178054895654e-05,3.273367676415872e-05,2.584264479092673e-05,0.0,1.534768838561161e-05,5.7693417181099634e-05,0.0,0.0,3.2742009366364705e-05,0.0007048406473632,0.0,DrDoS_NTP
0.3505434782608695,0.2421398404504927,0.1711277886229285,0.0135932560590094,0.000135198726407,0.1602174559960227,0.1711277886229285,0.0160647571606475,0.1282323590226476,2.3364822158493134e-07,0.000135198726407,0.0,0.0001598635830757,3.2478560079450405e-07,0.0254448901639482,3.3114567213114814e-07,0.025014185597087,0.0,0.0250141937250563,0.019535249667683,0.0250053290142435,0.0255112525399883,0.0,0.0195352560509307,3.461605030865978e-05,0.0,0.0,0.0250053367225243,0.0,0.0,TFTP
0.3702445652173913,0.2557484748944157,0.180745435657938,0.0143572181243414,7.139855222077008e-05,0.2030663105065869,0.180745435657938,0.0169676214196762,0.1354392164095793,0.0077134284420289,7.139855222077008e-05,0.0,5.328786102525844e-05,0.0104166582749184,0.0,0.0104166648942504,3.918155075826096e-07,0.0,4.001520044080745e-07,9.30991553010758e-07,3.916707759458909e-07,0.0,0.0,9.375019775432338e-07,1.1538683436219929e-05,0.0,0.0,4.000041867104876e-07,0.0,0.0,DrDoS_MSSQL
0.2989130434782608,0.2064758329422806,0.1459229205311793,0.0115911485774499,0.0057642867847961,0.1098421100732104,0.1459229205311793,0.0136986301369863,0.1093454224224127,0.0336613787700744,0.0057642867847961,0.0,0.0106042843440264,0.0563062983037059,2.1719527945566798e-07,0.0563063026868499,1.2838210248451463e-06,0.0,1.2921575142344072e-06,8.06442800368393e-08,7.391744218383091e-06,2.1776174269117357e-07,0.0,8.715471010544204e-08,0.0022961980038077,0.0,0.0,7.40007745414402e-06,0.0,0.0,DrDoS_NTP
0.2989130434782608,0.2064758329422806,0.1459229205311793,0.0115911485774499,0.0003458572070877,0.118403595444374,0.1459229205311793,0.0136986301369863,0.1093454224224127,0.0344899665551839,0.0003458572070877,0.0,0.0005861664712778,0.0576922997014607,1.7205512833360628e-07,0.0576923065960383,3.251235062919526e-07,0.0,3.334600036733954e-07,8.581930594438676e-08,4.250044590051157e-07,1.725038623250883e-07,0.0,9.232973597929787e-08,0.0001269255177984,0.0,0.0,4.3333786893636166e-07,0.0,0.0,DrDoS_NTP
0.3505434782608695,0.2421398404504927,0.1711277886229285,0.0135932560590094,0.000135198726407,0.1602174559960227,0.1711277886229285,0.0160647571606475,0.1282323590226476,2.3309171154928887e-07,0.000135198726407,0.0,0.0001598635830757,3.239918190315075e-07,0.0255062124384544,3.30351887272669e-07,0.02507428342675,0.0,0.0250742915542183,0.0195818903913694,0.0250650296406026,0.0255727347480534,0.0,0.0195818967743135,3.461605030865978e-05,0.0,0.0,0.0250650373473909,0.0,0.0,TFTP
0.0040760869565217,0.002815579540122,0.0019898580072433,0.0001580611169652,1.5720782140353049e-06,0.0017387940960808,0.0019898580072433,0.0001867995018679,0.0014910739421238,4.18781879966044e-10,1.5720782140353049e-06,3.4247051924467087e-08,0.0001598635830757,4.2890495279632977e-08,0.1918013573094271,3.212703142606888e-08,0.2434215614323157,1.0,0.2434224013895412,0.1140611527986629,0.2433324946300895,0.2482613567873059,0.0891265869140625,0.1901019244337468,3.461605030865978e-05,0.0,8.480096670388411e-09,0.243332496880134,0.0,0.2449222210792319,Syn
0.0040760869565217,0.002815579540122,0.0019898580072433,0.0001580611169652,7.860391070176523e-07,0.0018629936743723,0.0019898580072433,0.0001867995018679,0.0014910739421238,8.234519104084322e-05,7.860391070176523e-07,0.010101009765625,5.328786102525844e-05,0.010101001706585,4.094230439053823e-07,0.0050505027734991,4.251615082279381e-07,1.0,4.33498004775414e-07,6.380221831211407e-07,8.166752349510068e-07,0.0,0.0891265869140625,1.0156271423385032e-06,1.1538683436219929e-05,0.0,8.480096670388411e-09,4.3333786893636166e-07,0.0,0.0,Syn
0.0040760869565217,0.002815579540122,0.0019898580072433,0.0001580611169652,1.5720782140353049e-06,0.0018629936743723,0.0019898580072433,0.0001867995018679,0.0014910739421238,3.047312674091957e-09,1.5720782140353049e-06,0.0,0.0001598635830757,3.6532360876000434e-07,0.0226859679859832,3.716836553961819e-07,0.0223017968950955,1.0,0.0223018050456766,0.0174167039253173,0.0222935672300095,0.0227451348650154,0.0891265869140625,0.0174167103223577,3.461605030865978e-05,0.0,0.0,0.022293575006085,0.0,0.0,Syn
0.0040760869565217,0.002815579540122,0.0019898580072433,0.0001580611169652,7.860391070176523e-07,0.0018629936743723,0.0019898580072433,0.0001867995018679,0.0014910739421238,1.764616198329685e-07,7.860391070176523e-07,2.1645957946777343e-05,5.328786102525844e-05,2.1637478800638487e-05,0.0003911152224717,1.0820858975762607e-05,0.0003846961364448,0.0,2.5009500275504656e-08,0.0003007623487706,0.0003849790390717,0.0,0.5767974853515625,5.859387359645212e-08,1.1538683436219929e-05,0.0,4.070446401786437e-07,2.5000261669405472e-08,0.0,0.0,Benign
0.3505434782608695,0.2421398404504927,0.1711277886229285,0.0135932560590094,0.000135198726407,0.1602174559960227,0.1711277886229285,0.0160647571606475,0.1282323590226476,2.3324440200416899e-07,0.000135198726407,0.0,0.0001598635830757,3.2420961006977257e-07,0.0254894901846759,3.305696826451401e-07,0.025057852184932,0.0,0.0250578603125373,0.019569071760731,0.0250486211351167,0.0255559688812553,0.0,0.0195690781437585,3.461605030865978e-05,0.0,0.0,0.0250486288423152,0.0,0.0,TFTP
0.3505434782608695,0.2421398404504927,0.1711277886229285,0.0135932560590094,0.000135198726407,0.1602174559960227,0.1711277886229285,0.0160647571606475,0.1282323590226476,2.330717191816638e-07,0.000135198726407,0.0,0.0001598635830757,3.23963302785971e-07,0.025508388094002,3.303233664500836e-07,0.0250764259072915,0.0,0.025076434034742,0.0195835700824234,0.0250671796631599,0.0255749160778904,0.0,0.0195835764653566,3.461605030865978e-05,0.0,0.0,0.0250671873698944,0.0,0.0,TFTP
0.0,0.0,0.0,0.0,0.0,0.0,0.0,0.0,0.0,0.0,0.0,0.0,0.0,1.1538591765575499e-07,0.0570891868810342,1.2174597897300221e-07,0.0830446632581218,0.0,0.0830446709023201,0.0401369265592519,0.9418879319742196,0.0572380801976572,0.0,0.0401369328083738,0.000634627588992,0.0064366071554777,0.0,0.941887925093616,0.0,0.0835566274388386,Benign
0.3505434782608695,0.2421398404504927,0.1711277886229285,0.0135932560590094,0.000135198726407,0.1602174559960227,0.1711277886229285,0.0160647571606475,0.1282323590226476,2.335552854473592e-07,0.000135198726407,0.0,0.0001598635830757,3.24653040721184e-07,0.0254555738260845,3.310131114008866e-07,0.0250245061842867,0.0,0.02502451431217,0.0195430231216307,0.0250152791186367,0.0255219640659982,0.0,0.0195430295048278,3.461605030865978e-05,0.0,0.0,0.0250152868266687,0.0,0.0,TFTP
0.0258152173913043,0.017832003754106,0.0126024340458745,0.0024762908324552,4.978247677778465e-06,0.018754136322015,0.0126024340458745,0.0011830635118306,0.0150101447299127,4.352891269524696e-06,4.978247677778465e-06,4.854133224487305e-05,5.328786102525844e-05,4.853285327420533e-05,0.0001746350140219,2.426854615331983e-05,0.0001716902208226,0.0,2.5009500275504656e-08,0.0001341148671048,0.000171668467755,0.0,0.0,5.859387359645212e-08,1.1538683436219929e-05,0.0,1.6960193340776826e-08,2.5000261669405472e-08,2.1489808097312485e-05,0.0,Benign
0.0040760869565217,0.002815579540122,0.0019898580072433,0.0001580611169652,3.1441564280706093e-06,0.0016766943069351,0.0019898580072433,0.0001867995018679,0.0014910739421238,3.567158024198694e-10,3.1441564280706093e-06,0.0,0.0003730150271768,3.527705636940631e-08,0.1257497914895787,4.163711643291717e-08,0.1710509029617626,1.0,0.1710509098722968,0.1275304781732121,0.3808942212152042,0.1260777573363957,0.0891265869140625,0.1275304838533643,8.077078405353949e-05,0.0657199474634593,0.0,0.3808942200261696,0.0,0.1721054101844189,Syn
0.0,0.0,0.0,0.0,0.0,0.0,0.0,0.0,0.0,0.0,0.0,1.813006591796875e-05,0.0,2.718661777858533e-05,0.0003608559388963,1.8127945935833855e-05,0.0004583324423698,1.0,0.0004597996625651,0.0002154509843321,0.0004596381557036,0.0004689314392422,0.9802398681640624,0.0003590957968353,3.461605030865978e-05,0.0,8.480096670388411e-09,0.0004596464776331,0.0,0.0,Benign
0.328125,0.2266541529798216,0.16018356958309,0.0127239199157007,6.327614811492101e-05,0.1799651889443697,0.16018356958309,0.0150373599003735,0.1200314523409666,0.0068359375,6.327614811492101e-05,0.0,5.328786102525844e-05,0.0104166582749184,0.0,0.0104166648942504,3.918155075826096e-07,0.0,4.001520044080745e-07,9.30991553010758e-07,3.916707759458909e-07,0.0,0.0,9.375019775432338e-07,1.1538683436219929e-05,0.0,0.0,4.000041867104876e-07,0.0,0.0,MSSQL
0.2241847826086956,0.1548568747067104,0.1192256589339977,0.0102476290832455,9.4193686324282e-05,0.1097924272096775,0.1192256589339977,0.0121108343711083,0.0878739591726287,4.520476867430999e-06,9.4193686324282e-05,0.0,0.0001598635830757,9.24623758834161e-06,0.0009162497365528,9.25259782589245e-06,0.0009007421694316,0.0,0.0009007504984226,0.0007034650555492,0.0009004427804788,0.0009186393915748,0.0,0.0007034715613999,3.461605030865978e-05,0.0,0.0,0.000900451091388,2.3853962517555835e-05,0.0,UDP
0.0,0.0,0.0,0.0,0.0,0.0,0.0,0.0,0.0,0.0,0.0,1.823453330993652e-05,0.0,1.3667419451859335e-05,0.0005695142726345,4.556513316577525e-06,0.0004571486593469,0.0,0.0,0.0005355512633732,0.0004570047947419,0.0,0.00390625,0.0,0.0,0.0,2.5440290011165232e-08,0.0,0.0,0.0,Benign
0.0040760869565217,0.002815579540122,0.0019898580072433,0.0001580611169652,1.1790586605264784e-06,0.001788473880019,0.0019898580072433,0.0001867995018679,0.0014910739421238,4.12559408554832e-05,1.1790586605264784e-06,0.0040485830078124,0.0001065757220505,0.0050607203077722,1.1982703886031e-06,0.0030364351422761,1.4588875282331208e-06,0.0,2.034106022407712e-06,1.1995468087429077e-06,2.050021508142323e-06,2.509545204625623e-06,0.066162109375,2.412114463053945e-06,2.3077366872439854e-05,0.0,2.5440290011165232e-08,2.058354877447717e-06,0.0,0.0,Benign
0.218070652173913,0.1506335053965274,0.1154117644201146,0.0103530031612223,0.000136770804621,0.0997322613680668,0.1154117644201146,0.0122353673723536,0.0855237400255307,3.294450237291298e-06,0.000136770804621,0.0,0.0002664393051262,6.959092892304325e-06,0.0008658981707205,6.965452683256791e-06,0.0009174401792547,0.0,0.0009174485081066,0.0008409445181929,0.001794035489089,0.0008681565046983,0.0,0.0008409510231486,5.7693417181099634e-05,0.0,0.0,0.0017940437776582,2.581478814643425e-05,0.0,DrDoS_UDP
0.2989130434782608,0.2064758329422806,0.1459229205311793,0.0115911485774499,0.0001152857356959,0.1366195361206395,0.1459229205311793,0.0136986301369863,0.1093454224224127,0.0010013837302454,0.0001152857356959,0.0,0.0001598635830757,0.0016750334101689,5.024466835773564e-06,0.0016750397536477,4.943544595669947e-06,0.0,4.951881054549922e-06,3.880216543232906e-06,4.9667187758244894e-06,5.037571060449239e-06,0.0,3.886726948564657e-06,3.461605030865978e-05,0.0,0.0,4.9750520722116894e-06,0.0,0.0,DrDoS_NTP
0.2989130434782608,0.2064758329422806,0.1459229205311793,0.0115911485774499,0.0017292860354388,0.1111172252383003,0.1459229205311793,0.0136986301369863,0.1093454224224127,0.0036319932378889,0.0017292860354388,0.0,0.0031439838004902,0.0060753257148147,1.0408816726075035e-06,0.0060753318772342,2.5843150500129568e-06,0.0,2.592651528560649e-06,8.108244605818617e-07,2.056688244754168e-05,1.0435963780169466e-06,0.0,8.17334885896677e-07,0.0006807823227369,0.0,0.0,2.0575215353920703e-05,0.0,0.0,DrDoS_NTP
0.2989130434782608,0.2064758329422806,0.1459229205311793,0.0115911485774499,0.0001729286035438,0.1275115619922364,0.1459229205311793,0.0136986301369863,0.1093454224224127,0.0091503992901508,0.0001729286035438,0.0,0.0002664393051262,0.0153061140986943,3.680208467731366e-07,0.0153061199827412,4.001520077439417e-07,0.0,4.0848850449990937e-07,3.7630288680367893e-07,8.083418141862005e-07,3.689806755508113e-07,0.0,3.828133149474168e-07,5.7693417181099634e-05,0.0,0.0,8.166752145339121e-07,0.0,0.0,DrDoS_NTP
0.0,0.0,0.0101980222871221,0.0012118018967334,8.056900846930936e-06,0.0104948643656309,0.0101980222871221,0.0014321295143212,0.0083997163510309,2.604731378076548e-05,8.056900846930936e-06,0.0,0.0001065757220505,0.0006234329217131,1.3563926962614898e-05,0.0006234392875511,1.333840025813139e-05,0.0,1.334673664702765e-05,1.0436220395683482e-05,1.3358473485984324e-05,1.3599302804910648e-05,0.248077392578125,1.0442730758332824e-05,3.461605030865978e-05,0.0,0.0,1.336680657257546e-05,9.11854992143317e-06,0.0,Benign
0.0,0.0,0.0,0.0,0.0,0.0,0.0,0.0,0.0,0.0,0.0,0.0042194091796875,0.0,0.0031645485087785,2.4199293343228286e-06,0.0010548501771376,1.950741037751716e-06,0.0,0.0,2.30794759149196e-06,1.9666873004942613e-06,0.0,0.0156707763671875,0.0,0.0,0.0,1.6960193340776826e-08,0.0,0.0,0.0,Benign
0.0,0.0,0.08820579395545,0.0780031612223393,0.0020557542778868,0.1494356075218127,0.08820579395545,0.0921855541718555,0.1490086506072049,1.7001515414810062e-06,0.0020557542778868,2.529158592224121e-06,0.0061813918789299,2.0715109441172928e-06,0.0297825267591311,8.132917276596096e-07,0.2928044874379988,1.0,0.2934556406827073,0.0023553396597354,0.3014868297659889,0.0479147893117385,0.1250152587890625,0.0060393492871039,0.0013500259620377,0.0,0.0013018050801613,0.3014868222287393,0.0122396756295248,0.2946095841678448,Benign
0.2989130434782608,0.2064758329422806,0.1459229205311793,0.0115911485774499,0.0057642867847961,0.1098421100732104,0.1459229205311793,0.0136986301369863,0.1093454224224127,0.0056250102272913,0.0057642867847961,0.0,0.0106042843440264,0.0094090996162676,1.8024647700609715e-06,0.0094091062983644,7.169390138745622e-06,0.0,7.177726579069836e-06,5.150437571671475e-07,4.427546452341529e-05,1.8071657471176209e-06,0.0,5.215541844076226e-07,0.0022961980038077,0.0,0.0,4.428379683707356e-05,0.0,0.0,DrDoS_NTP
0.2241847826086956,0.1548568747067104,0.1192256589339977,0.0102476290832455,9.4193686324282e-05,0.1097924272096775,0.1192256589339977,0.0121108343711083,0.0878739591726287,4.58699816836506e-06,9.4193686324282e-05,0.0,0.0001598635830757,9.382425843981808e-06,0.0009023763751942,9.388785379586932e-06,0.0008872953946713,0.0,0.0008873037237745,0.0006932631601839,0.0008873843101403,0.0009047298473434,0.0,0.000693269666101,3.461605030865978e-05,0.0,0.0,0.0008873926213761,2.3853962517555835e-05,0.0,UDP-lag
0.0040760869565217,0.002815579540122,0.0019898580072433,0.0001580611169652,4.716234642105914e-06,0.0015649147338511,0.0019898580072433,0.0001867995018679,0.0014910739421238,7.160954202654756e-10,4.716234642105914e-06,7.027283310890198e-08,0.0005861664712778,7.936095653230244e-08,0.0807046738647903,5.0584600647118406e-08,0.1387578939883121,1.0,0.138757901168057,0.0585126612409822,0.4743466600203747,0.0953713631396329,0.0891265869140625,0.1010671370166171,0.0001269255177984,0.0583368805113176,0.3131430372504188,0.4743456981516407,0.0,0.1396133204710023,Syn
0.2989130434782608,0.2064758329422806,0.1459229205311793,0.0115911485774499,0.0019022146389827,0.1109516207468846,0.1459229205311793,0.0136986301369863,0.1093454224224127,0.0001499837373005,0.0019022146389827,0.0,0.0034637109666417,0.0002508734098932,2.5671482179079645e-05,0.0002508797622251,7.350292192246529e-05,0.0,7.351125780980002e-05,1.9755550302611185e-05,0.000548064083439,2.5738435525818263e-05,0.0,1.9762060604587675e-05,0.0007500144233542,0.0,0.0,0.0005480724031578,0.0,0.0,DrDoS_NTP
0.2241847826086956,0.1548568747067104,0.1192256589339977,0.0102476290832455,9.4193686324282e-05,0.1097924272096775,0.1192256589339977,0.0121108343711083,0.0878739591726287,4.518845862381321e-06,9.4193686324282e-05,0.0,0.0001598635830757,9.242898451410475e-06,0.0009166059198239,9.249258058429317e-06,0.0009010839659382,0.0,0.0009010922949264,0.0007037189623364,0.0009007677838886,0.0009189965038013,0.0,0.0007037254681855,3.461605030865978e-05,0.0,0.0,0.0009007760947897,2.3853962517555835e-05,0.0,DrDoS_UDP
0.0217391304347826,0.015016424213984,0.0106125760386312,0.0033719704952581,4.1922085707608124e-06,0.0218591257793023,0.0106125760386312,0.0009962640099626,0.0174952679667857,4.241285007566453e-06,4.1922085707608124e-06,3.9019821166992186e-05,5.328786102525844e-05,3.901134231807084e-05,0.0002172644944072,1.95077906042865e-05,0.0002135978071336,0.0,1.667300018366977e-08,0.0001668428072945,0.0002135605739396,0.0,0.0,3.906258239763474e-08,1.1538683436219929e-05,0.0,2.5440290011165232e-08,1.6666841112936986e-08,6.315372369013188e-05,0.0,Benign
0.0,0.0,0.0,0.0,0.0,0.0,0.0,0.0,0.0,0.0,0.0,0.0,0.0,0.2499999936399381,0.0,0.2499999984099845,8.336500161332119e-09,0.0,1.667300018366977e-08,3.255215201593153e-08,8.33342076480619e-09,0.0,0.0039520263671875,3.906258239763474e-08,1.1538683436219929e-05,0.0,0.0,1.6666841112936986e-08,0.0,0.0,Benign
0.3505434782608695,0.2421398404504927,0.1711277886229285,0.0135932560590094,0.000135198726407,0.1602174559960227,0.1711277886229285,0.0160647571606475,0.1282323590226476,2.3318800189379026e-07,0.000135198726407,0.0,0.0001598635830757,3.24129163400023e-07,0.0254956683120326,3.3048921637452266e-07,0.0250639211570495,0.0,0.0250639292846042,0.0195738044367605,0.0250546795320127,0.0255621631216786,0.0,0.0195738108197571,3.461605030865978e-05,0.0,0.0,0.0250546872390597,0.0,0.0,TFTP
0.3505434782608695,0.2421398404504927,0.1711277886229285,0.0135932560590094,0.000135198726407,0.1602174559960227,0.1711277886229285,0.0160647571606475,0.1282323590226476,2.3219551435417558e-07,0.000135198726407,0.0,0.0001598635830757,3.2271352224624225e-07,0.0256046457050143,3.290735762557836e-07,0.0251710535206228,0.0,0.0251710616472844,0.0196574703852724,0.0251617723222612,0.0256714247367059,0.0,0.0196574767677244,3.461605030865978e-05,0.0,0.0,0.0251617800266309,0.0,0.0,TFTP
0.3505434782608695,0.2421398404504927,0.1711277886229285,0.0135932560590094,0.000135198726407,0.1602174559960227,0.1711277886229285,0.0160647571606475,0.1282323590226476,2.3370055988567067e-07,0.000135198726407,0.0,0.0001598635830757,3.2486025387526146e-07,0.0254397512104649,3.312203269488876e-07,0.0250089502749857,0.0,0.0250089584029986,0.019530874658426,0.0249997289554896,0.0255061001836896,0.0,0.0195308810417021,3.461605030865978e-05,0.0,0.0,0.0249997366639104,0.0,0.0,TFTP
0.3505434782608695,0.2421398404504927,0.1711277886229285,0.0135932560590094,0.000135198726407,0.1602174559960227,0.1711277886229285,0.0160647571606475,0.1282323590226476,2.338429732470587e-07,0.000135198726407,0.0,0.0001598635830757,3.250633861133825e-07,0.0254242572381728,3.314234595787128e-07,0.0249937194891909,0.0,0.0249937276173309,0.0195189801020084,0.0249845037957523,0.0254905658018375,0.0,0.0195189864853621,3.461605030865978e-05,0.0,0.0,0.0249845115045537,0.0,0.0,TFTP
0.0230978260869565,0.015954950727358,0.0112758620410456,0.0013171759747102,4.454221606433364e-06,0.0125441574074405,0.0112758620410456,0.0010585305105853,0.0100398982561666,2.764385864036445e-06,4.454221606433364e-06,4.8442569732666014e-05,5.328786102525844e-05,4.843409166005145e-05,0.0001749911686056,2.4219164897111624e-05,0.0001720403538294,0.0,1.667300018366977e-08,0.0001343883051833,0.0001720184714271,0.0,0.0,3.906258239763474e-08,1.1538683436219929e-05,0.0,2.5440290011165232e-08,1.6666841112936986e-08,1.7542701412305688e-06,0.0,Benign
0.3505434782608695,0.2421398404504927,0.1711277886229285,0.0135932560590094,0.000135198726407,0.1602174559960227,0.1711277886229285,0.0160647571606475,0.1282323590226476,2.336972101553141e-07,0.000135198726407,0.0,0.0001598635830757,3.24855475965255e-07,0.025440114737721,3.31215528774973e-07,0.0250093087444926,0.0,0.0250093168725026,0.0195311542000331,0.0250000872925825,0.0255064646590548,0.0,0.0195311605833074,3.461605030865978e-05,0.0,0.0,0.0250000950009943,0.0,0.0,TFTP
0.3505434782608695,0.2421398404504927,0.1711277886229285,0.0135932560590094,0.0002027980896105,0.1495362922629545,0.1711277886229285,0.0160647571606475,0.1282323590226476,1.753048425281989e-07,0.0002027980896105,0.0,0.0002664393051262,2.415671369381165e-07,0.0241299459829342,2.4792718683776464e-07,0.0250096422044991,0.0,0.0250096503325063,0.023433116801842,0.0499910744896898,0.0241928788758973,0.0,0.0234331231597129,5.7693417181099634e-05,0.0,0.0,0.0499910815733204,0.0,0.0,TFTP
0.218070652173913,0.1506335053965274,0.1154117644201146,0.0103530031612223,0.000136770804621,0.0997322613680668,0.1154117644201146,0.0122353673723536,0.0855237400255307,3.317844971977557e-06,0.000136770804621,0.0,0.0002664393051262,7.008571412060366e-06,0.0008599620506186,7.014931214245476e-06,0.0009125883361608,0.0,0.0009125966650531,0.0008350147876287,0.001781385356368,0.0008622049027046,0.0,0.000835021292623,5.7693417181099634e-05,0.0,0.0,0.0017813936452534,2.581478814643425e-05,0.0,DrDoS_UDP
0.0040760869565217,0.002815579540122,0.0019898580072433,0.0001580611169652,3.930195535088261e-06,0.001596851670128,0.0019898580072433,0.0001867995018679,0.0014910739421238,4.307149985999975e-10,3.930195535088261e-06,3.0191069468855865e-08,0.0004795907492273,4.4354291177811054e-08,0.1208790256494256,3.5618816810735564e-08,0.1681145208369362,1.0,0.1681145277719496,0.0995265712639038,0.5520453918762365,0.1340343797315529,0.0891265869140625,0.1437604009008456,0.0001038481509259,0.0605134103438698,0.5617608154135323,0.5520445447329015,0.0,0.1691509257784854,Syn
0.2989130434782608,0.2064758329422806,0.1459229205311793,0.0115911485774499,0.0003458572070877,0.118403595444374,0.1459229205311793,0.0136986301369863,0.1093454224224127,0.0003150875370466,0.0003458572070877,0.0,0.0005861664712778,0.0005270470409014,8.970898176536085e-06,0.0005270534230889,1.247140424135285e-05,0.0,1.2479740637476825e-05,1.0100044719469487e-05,4.742549757251204e-05,8.994295020239169e-06,0.0,1.0106555084307476e-05,0.0001269255177984,0.0,0.0,4.743382980741865e-05,0.0,0.0,DrDoS_NTP
0.2989130434782608,0.2064758329422806,0.1459229205311793,0.0115911485774499,0.0001152857356959,0.1366195361206395,0.1459229205311793,0.0136986301369863,0.1093454224224127,0.0124547101449275,0.0001152857356959,0.0,0.0001598635830757,0.0208333250299192,3.943931779349463e-07,0.0208333319085215,3.834790074212775e-07,0.0,3.918155043162396e-07,3.059902305795744e-07,3.916707759458909e-07,3.9542178793141707e-07,0.0,3.12500659181078e-07,3.461605030865978e-05,0.0,0.0,4.000041867104876e-07,0.0,0.0,DrDoS_NTP
0.0040760869565217,0.002815579540122,0.0019898580072433,0.0001580611169652,3.930195535088261e-06,0.0016394344097584,0.0019898580072433,0.0001867995018679,0.0014910739421238,3.48511073482671e-10,3.930195535088261e-06,0.0,0.0004795907492273,3.42706096112419e-08,0.1186865817521831,4.0630669652009215e-08,0.1706110025212494,1.0,0.1706110094354508,0.1269069124006933,0.4873266545354838,0.1189961261643773,0.0891265869140625,0.1269069180849053,0.0001038481509259,0.0570974140210598,0.0,0.4873266340187694,0.0,0.1716627978347962,Syn
0.2989130434782608,0.2064758329422806,0.1459229205311793,0.0115911485774499,0.0057642867847961,0.1098421100732104,0.1459229205311793,0.0136986301369863,0.1093454224224127,0.0017481317239502,0.0057642867847961,0.0,0.0106042843440264,0.0029241391556859,2.117696830760454e-06,0.0029241455912568,1.125427521779836e-05,0.0,1.126261162406893e-05,1.67170838555675e-06,0.0001424848282366,2.1232199590788e-06,0.0,1.6782188052668402e-06,0.0022961980038077,0.0,0.0,0.000142493158095,0.0,0.0,DrDoS_NTP
0.3505434782608695,0.2421398404504927,0.1711277886229285,0.0135932560590094,0.000135198726407,0.1602174559960227,0.1711277886229285,0.0160647571606475,0.1282323590226476,2.336758676171215e-07,0.000135198726407,0.0,0.0001598635830757,3.248250338950167e-07,0.0254424134050168,3.311851006037507e-07,0.0250115762725365,0.0,0.0250115844005276,0.019532938871778,0.025002370649872,0.0255087693214649,0.0,0.0195329452550407,3.461605030865978e-05,0.0,0.0,0.0250023783582268,0.0,0.0,TFTP
0.0197010869565217,0.013608634443923,0.0096176470350095,0.0016069546891464,3.799189017251986e-06,0.0129788559314607,0.0096176470350095,0.0009028642590286,0.0103878149405293,2.938496868737737e-06,3.799189017251986e-06,4.806074905395508e-05,5.328786102525844e-05,4.805226911159338e-05,0.0001764200757126,2.4028254557351422e-05,0.0001734325493563,0.0,8.336500091834885e-09,0.0001354560125969,0.0001733851524325,0.0,0.0,1.953129119881737e-08,1.1538683436219929e-05,0.0,8.480096670388411e-09,8.333420556468491e-09,7.017080564922275e-06,0.0,Benign
0.2241847826086956,0.1548568747067104,0.1192256589339977,0.0102476290832455,9.4193686324282e-05,0.1097924272096775,0.1192256589339977,0.0121108343711083,0.0878739591726287,4.596840585711398e-06,9.4193686324282e-05,0.0,0.0001598635830757,9.402576106091222e-06,0.0009010533677767,9.408936517935318e-06,0.0008857948246423,0.0,0.000885803153758,0.0006917787820431,0.000885484290206,0.0009034033894132,0.0,0.0006917852879699,3.461605030865978e-05,0.0,0.0,0.0008854926014892,2.3853962517555835e-05,0.0,UDP
0.3505434782608695,0.2421398404504927,0.1711277886229285,0.0135932560590094,0.000135198726407,0.1602174559960227,0.1711277886229285,0.0160647571606475,0.1282323590226476,2.2395180762649445e-07,0.000135198726407,0.0,0.0001598635830757,3.1095505673650376e-07,0.0265466109213164,3.1731512953743504e-07,0.0260972470250469,0.0,0.0260972551439873,0.0203810656663171,0.0260879820397448,0.026615846676126,0.0,0.0203810720440582,3.461605030865978e-05,0.0,0.0,0.026087989720959,0.0,0.0,TFTP
0.0237771739130434,0.016424213984045,0.0116075050422529,0.0016596417281348,4.585228124269638e-06,0.0143450512926671,0.0116075050422529,0.0010896637608966,0.0114812695439531,3.165014830355205e-06,4.585228124269638e-06,4.753981399536133e-05,5.328786102525844e-05,4.753133491543279e-05,0.00017830266036,2.376778702750235e-05,0.0001752999253924,0.0,2.5009500275504656e-08,0.0001369403907377,0.0001752851723669,0.0,0.0,5.859387359645212e-08,1.1538683436219929e-05,0.0,2.5440290011165232e-08,2.5000261669405472e-08,5.372452024328121e-06,0.0,Benign
0.3097826086956521,0.2139840450492726,0.151229208550495,0.0120126448893572,5.9738972133341575e-05,0.1699050231027589,0.151229208550495,0.0141967621419676,0.1133216196014095,0.154891304347826,5.9738972133341575e-05,0.0,5.328786102525844e-05,0.2499999936399381,0.0,0.2499999984099845,8.336500161332119e-09,0.0,1.667300018366977e-08,3.255215201593153e-08,8.33342076480619e-09,0.0,0.0,3.906258239763474e-08,1.1538683436219929e-05,0.0,0.0,1.6666841112936986e-08,0.0,0.0,MSSQL
0.3783967391304347,0.2613796339746598,0.1847251516724248,0.0146733403582718,7.29706304348054e-05,0.2075374953250806,0.1847251516724248,0.0173412204234122,0.138421364293827,0.1261322463768115,7.29706304348054e-05,0.0,5.328786102525844e-05,0.1666666595999312,0.0,0.1666666701083161,1.6673000322664237e-08,0.0,2.5009500275504656e-08,5.208344334190602e-08,1.6666841529612378e-08,0.0,0.0,5.859387359645212e-08,1.1538683436219929e-05,0.0,0.0,2.5000261669405472e-08,0.0,0.0,Syn
0.218070652173913,0.1506335053965274,0.1154117644201146,0.0103530031612223,0.000136770804621,0.0997322613680668,0.1154117644201146,0.0122353673723536,0.0855237400255307,3.265689272143176e-06,0.000136770804621,0.0,0.0002664393051262,6.898265103429252e-06,0.0008732209843596,6.904624951041653e-06,0.0009181404452683,0.0,0.0009181487741143,0.0008483507686049,0.001809835654859,0.0008754984168405,0.0,0.0008483572735124,5.7693417181099634e-05,0.0,0.0,0.0018098439430332,2.581478814643425e-05,0.0,UDP
0.2241847826086956,0.1548568747067104,0.1159092289219254,0.0097207586933614,9.15735559675565e-05,0.1073084356438477,0.1159092289219254,0.0114881693648816,0.0858858605831302,4.46754346926187e-06,9.15735559675565e-05,0.0,0.0001598635830757,9.399565758083756e-06,0.0009013417339365,9.40592576811204e-06,0.0008860782656478,0.0,0.0008860865947611,0.0006920001875408,0.000885767626512,0.0009036925076558,0.0,0.0006920066934662,3.461605030865978e-05,0.0,0.0,0.0008857759377881,1.0422830888295866e-05,0.0,DrDoS_UDP
0.0543478260869565,0.0375410605349601,0.1061257603863122,0.0115911485774499,0.0001257662571228,0.0977036707828194,0.1061257603863122,0.0136986301369863,0.0837841537597196,0.0003427083095341,0.0001257662571228,0.0,0.0002664393051262,0.0007882206385303,1.2043439681659257e-05,0.000788227007627,1.538917929781909e-05,0.0,1.5397515669619034e-05,7.427099167239415e-06,1.5850166294661373e-05,1.2074849967489534e-05,0.0,7.433609549479433e-06,5.7693417181099634e-05,0.0,0.0,1.5858499318959538e-05,0.0007048406473632,0.0,DrDoS_NTP
0.0278532608695652,0.019239793524167,0.0135973630494962,0.0015015806111696,5.371267231287291e-06,0.0147176500275416,0.0135973630494962,0.0012764632627646,0.0117794845219778,1.2311805262417335e-06,5.371267231287291e-06,1.849283409118652e-05,5.328786102525844e-05,1.8484354101203537e-05,0.0004584725600649,9.244297044624852e-06,0.0004507295542227,0.0,3.334600036733954e-08,0.00035204501572,0.0004506213944361,0.0,0.0,7.81251647952695e-08,1.1538683436219929e-05,0.0,2.5440290011165232e-08,3.3333682225873965e-08,1.7542701412305688e-06,0.0,Benign
0.3505434782608695,0.2421398404504927,0.1711277886229285,0.0135932560590094,0.000135198726407,0.1602174559960227,0.1711277886229285,0.0160647571606475,0.1282323590226476,2.3369331524076065e-07,0.000135198726407,0.0,0.0001598635830757,3.248499204281704e-07,0.0254405388528531,3.312099855429972e-07,0.0250097255695007,0.0,0.0250097336975072,0.0195314801284571,0.0250005039636207,0.0255068898803142,0.0,0.0195314865117293,3.461605030865978e-05,0.0,0.0,0.0250005116720221,0.0,0.0,TFTP
0.218070652173913,0.1506335053965274,0.1200879327613247,0.0105637513171759,0.0004743746010851,0.0939321395457461,0.1200879327613247,0.0124844333748443,0.0894999372045275,2.50535560755957e-06,0.0004743746010851,0.0,0.0010124693594799,5.083874910113383e-06,0.0008224533932537,5.090234764699992e-06,0.0009231756913657,0.0,0.0009231840201697,0.0010093130232451,0.0081822775123949,0.000824598419662,0.0,0.0010093195271046,0.0002192349852881,0.0,0.0,0.0081822856412563,2.1533861036504905e-05,0.0,UDP
0.0040760869565217,0.002815579540122,0.010695486788933,0.0012118018967334,8.449920400439762e-06,0.0108674631005054,0.010695486788933,0.0014321295143212,0.0086979313290555,0.0001500614204883,8.449920400439762e-06,0.0,0.0001598635830757,0.0034246490832055,2.425309574288924e-06,0.0034246553579428,2.392575546302318e-06,0.0,2.4009120264484467e-06,1.894535308096142e-06,2.425025442558601e-06,2.4316349820602048e-06,0.252349853515625,1.901045726355533e-06,3.461605030865978e-05,0.0,0.0,2.4333588024887995e-06,6.966827757998079e-06,0.0,Benign
0.2989130434782608,0.2064758329422806,0.1459229205311793,0.0115911485774499,0.004438500824293,0.1100053418553973,0.1459229205311793,0.0136986301369863,0.1093454224224127,0.0011700032710362,0.004438500824293,0.0,0.0081530427368645,0.0019570879171564,3.268223024589861e-06,0.0019570943196753,1.2488077241675514e-05,0.0,1.2496413637660492e-05,2.504728570258781e-06,0.0001639267198645,3.2767468202888424e-06,0.0,2.5112389845455508e-06,0.0017654185657416,0.0,0.0,0.0001639350491868,0.0,0.0,DrDoS_NTP
0.25,0.1726888784608165,0.1449677870683519,0.0115911485774499,0.0014316392269148,0.1107661552389207,0.1449677870683519,0.0136986301369863,0.1086437436901167,0.0061051916475972,0.0014316392269148,0.0,0.0026111051902376,0.0102795968702473,1.037165864537943e-06,0.0102796033705224,3.726415572115457e-06,0.0,3.734752041142029e-06,4.781844648712308e-07,1.0125106229239522e-05,1.039870878812906e-06,0.0,4.846948923516757e-07,0.0005653954883747,0.0,0.0,1.0133439396665684e-05,4.550783079818395e-06,0.0,DrDoS_NTP
0.2989130434782608,0.2064758329422806,0.1459229205311793,0.0115911485774499,0.0004035000749357,0.1171024562831735,0.1459229205311793,0.0136986301369863,0.1093454224224127,0.0093410326086956,0.0004035000749357,0.0,0.0006927421933283,0.0156249916524188,5.122626182989697e-07,0.0156249979131047,1.0337260200051829e-06,0.0,1.0420625114793607e-06,3.300287601744577e-07,1.8583528305517804e-06,5.135986415353746e-07,0.0,3.365391886194601e-07,0.0001500028846708,0.0,0.0,1.866686204648942e-06,0.0,0.0,DrDoS_NTP
0.0,0.0,0.0,0.0,0.0,0.0,0.0,0.0,0.0,0.0,0.0,0.008620689453125,0.0,0.0064655088161249,1.1839998433443663e-06,0.0021551702478296,9.503610183918616e-07,0.0,0.0,1.1263044662705032e-06,9.58343387952712e-07,0.0,0.0041961669921875,0.0,0.0,0.0,8.480096670388411e-09,0.0,0.0,0.0,Benign
0.25,0.1726888784608165,0.1444305270257468,0.0115911485774499,0.0009128534162831,0.1115933210949041,0.1444305270257468,0.0136986301369863,0.1082610022521429,0.0160464259395725,0.0009128534162831,0.0,0.001651923691783,0.0271186358176825,3.1627195243124533e-07,0.0271186424687215,8.253135159718798e-07,0.0,8.336500091834885e-07,1.7935186680139669e-07,2.45002570485302e-06,3.170968158165035e-07,0.0,1.8586229622737053e-07,0.0003576991865228,0.0,0.0,2.4583590641582048e-06,6.952292156250494e-06,0.0,DrDoS_NTP
0.0040760869565217,0.002815579540122,0.0019898580072433,0.0001580611169652,3.930195535088261e-06,0.0015731946978408,0.0019898580072433,0.0001867995018679,0.0014910739421238,1.176018172455829e-09,3.930195535088261e-06,1.2822954356670378e-07,0.0004795907492273,1.3577814794607489e-07,0.0618525175650494,7.802343874015754e-08,0.1167124444731775,1.0,0.116713060401211,0.0358388339688867,0.2599532273426101,0.0794502913328906,0.0891265869140625,0.0676955871313166,0.0001038481509259,0.0600872964907185,0.0896849766200342,0.2599532208437115,0.0,0.1174319646237583,Syn
0.2010869565217391,0.1389019239793524,0.143933062523936,0.0115911485774499,0.0013645638897826,0.1100822236988441,0.143933062523936,0.0136986301369863,0.1078847754652325,0.004720538329901,0.0013645638897826,0.0,0.0025045294681871,0.0080053284790643,8.275697594112096e-07,0.0080053348110134,1.7256555333957486e-06,0.0,1.733992019101656e-06,6.16413106734844e-07,1.2483464305679674e-05,8.297281297252309e-07,0.0,6.229235333153609e-07,0.0005423181215023,0.0,0.0,1.2491797414146268e-05,1.8930005815948505e-05,0.0,DrDoS_NTP
0.3505434782608695,0.2421398404504927,0.1711277886229285,0.0135932560590094,0.000135198726407,0.1602174559960227,0.1711277886229285,0.0160647571606475,0.1282323590226476,2.336689360255608e-07,0.000135198726407,0.0,0.0001598635830757,3.2481514697363694e-07,0.0254432194073674,3.3117520623269695e-07,0.0250123515670515,0.0,0.0250123596950361,0.0195335174862835,0.0250031123243201,0.0255095774259362,0.0,0.0195335238695425,3.461605030865978e-05,0.0,0.0,0.0250031200326563,0.0,0.0,TFTP
0.0,0.0,0.0377336039740482,0.0502107481559536,0.0002012260113965,0.0493705035644005,0.0377336039740482,0.0260273972602739,0.0484783132650733,5.85037790436876e-08,0.0002012260113965,2.125552147626877e-07,0.0013321965256314,2.081627343793252e-07,0.0473450848059883,1.082451841760468e-07,0.0835274049729641,1.0,0.084272337251844,0.0229720147519841,0.5096768306927487,0.0636642594897309,0.1250152587890625,0.045944042225714,0.0003000057693417,9.6018930900421e-05,0.0857545450943726,0.5096768346175357,0.0049824328725587,0.0840423451717374,Benign
0.0,0.0,0.028272565852916,0.0719968387776607,0.0001786928903286,0.0345543368303479,0.028272565852916,0.0112702366127023,0.0341091430814557,2.406832725673615e-06,0.0001786928903286,1.445502471923828e-05,0.0015986358307577,1.2725708637473514e-05,0.0008715902180719,5.504556188155266e-06,0.0036706027035353,1.0,0.0044238304657329,0.0003886881215119,0.0121066353521159,0.0015440323507818,0.1250152587890625,0.0008831949171884,0.0003576991865228,0.0,0.003733837444552,0.0116818222697397,0.0032444199221624,0.0,Benign
0.1032608695652173,0.0713280150164242,0.1385757548400364,0.0115911485774499,0.0007116274048866,0.1079963090650713,0.1385757548400364,0.0136986301369863,0.1040438236557522,0.0048619464971071,0.0007116274048866,0.0,0.0013321965256314,0.0085638914607878,6.955995731846166e-07,0.0085638973121975,1.2504750241998178e-06,0.0,1.2588115138670677e-06,5.864595859415223e-07,6.316732939723092e-06,6.974137543483602e-07,0.0,5.929700127170495e-07,0.0002884670859054,0.0,0.0,6.325066202359585e-06,0.0001349438533714,0.0,DrDoS_NTP
0.2608695652173913,0.1801970905678085,0.1273509124635747,0.0101159114857745,5.030650284912975e-05,0.143077914191797,0.1273509124635747,0.0119551681195516,0.0954287322959238,0.1304347826086956,5.030650284912975e-05,0.0,5.328786102525844e-05,0.2499999936399381,0.0,0.2499999984099845,8.336500161332119e-09,0.0,1.667300018366977e-08,3.255215201593153e-08,8.33342076480619e-09,0.0,0.0,3.906258239763474e-08,1.1538683436219929e-05,0.0,0.0,1.6666841112936986e-08,0.0,0.0,DrDoS_DNS
0.0040760869565217,0.002815579540122,0.0019898580072433,0.0001580611169652,5.502273749123566e-06,0.0015581402178595,0.0019898580072433,0.0001867995018679,0.0014910739421238,6.666683496338782e-10,5.502273749123566e-06,5.947489663958549e-08,0.0006927421933283,7.32979024834113e-08,0.0897545490405465,4.992051549594552e-08,0.1515411583642002,1.0,0.1515411654373774,0.0625515272086348,0.5604664135601223,0.10536239866554,0.0891265869140625,0.1010446076722193,0.0001500028846708,0.0768683620415334,0.2082273490851468,0.560465466205213,0.0,0.1524753914311027,Syn
0.2989130434782608,0.2064758329422806,0.1459229205311793,0.0115911485774499,0.0004035000749357,0.1171024562831735,0.1459229205311793,0.0136986301369863,0.1093454224224127,0.0008306436301499,0.0004035000749357,0.0,0.0006927421933283,0.0013894317857692,6.472225177675736e-06,0.0013894381905422,1.2654807244902155e-05,0.0,1.266314363949719e-05,3.7780527738281615e-06,2.0983553485781982e-05,6.489105275734293e-06,0.0,3.7845631798250415e-06,0.0001500028846708,0.0,0.0,2.099188638174413e-05,0.0,0.0,DrDoS_NTP
0.3505434782608695,0.2421398404504927,0.1711277886229285,0.0135932560590094,0.000135198726407,0.1602174559960227,0.1711277886229285,0.0160647571606475,0.1282323590226476,2.3365452897681318e-07,0.000135198726407,0.0,0.0001598635830757,3.247945973845513e-07,0.025444774496185,3.3115464263020585e-07,0.0250138854830812,0.0,0.025013893611053,0.0195347223228172,0.0250046540071616,0.0255111365705539,0.0,0.0195347287060683,3.461605030865978e-05,0.0,0.0,0.0250046617154592,0.0,0.0,TFTP
0.0,0.0,0.0522258783560028,0.0609852476290832,0.0004332385544845,0.0400012433602802,0.0522258783560028,0.037266500622665,0.0395430446278625,3.876109704723461e-08,0.0004332385544845,1.7501942813396456e-07,0.0011723329425556,1.6867373445436997e-07,0.1329170214301006,8.75240764107889e-08,0.4887931719728698,1.0,0.4894818044881315,0.0278987414849671,0.9760923241686345,0.1873709536313115,0.1250152587890625,0.0557974956275298,0.000473086020885,0.0065457379141019,0.4975610563568229,0.9760922830992298,0.0032151139183696,0.4918065045897545,Benign
0.2989130434782608,0.2064758329422806,0.1459229205311793,0.0115911485774499,0.0006917144141755,0.1138496159607131,0.1459229205311793,0.0136986301369863,0.1093454224224127,8.132766175579029e-05,0.0006917144141755,0.0,0.0012256208035809,0.0001360305189172,3.002014327188877e-05,0.0001360368817326,3.602201719711609e-05,0.0,3.603035339691037e-05,3.744686261676384e-05,0.000367537189411,3.0098438286084084e-05,0.0,3.745337280356226e-05,0.000265389719033,0.0,0.0,0.000367545513643,0.0,0.0,DrDoS_NTP
0.218070652173913,0.1506335053965274,0.1154117644201146,0.0103530031612223,0.000136770804621,0.0997322613680668,0.1154117644201146,0.0122353673723536,0.0855237400255307,3.237559139413613e-06,0.000136770804621,0.0,0.0002664393051262,6.838771488876013e-06,0.0008812071090163,6.845131409197996e-06,0.0009199744753038,0.0,0.0009199828041345,0.0008557218474337,0.0018255608198422,0.0008835053699701,0.0,0.0008557283522932,5.7693417181099634e-05,0.0,0.0,0.0018255691076233,2.581478814643425e-05,0.0,UDP
0.3505434782608695,0.2421398404504927,0.1711277886229285,0.0135932560590094,0.000135198726407,0.1602174559960227,0.1711277886229285,0.0160647571606475,0.1282323590226476,2.3417164507112766e-07,0.000135198726407,0.0,0.0001598635830757,3.2553218933928575e-07,0.0253885728151997,3.318922501108651e-07,0.024958639496512,0.0,0.0249586476249444,0.0194915838038066,0.024949436761174,0.0254547883109407,0.0,0.0194915901873386,3.461605030865978e-05,0.0,0.0,0.0249494444708521,0.0,0.0,TFTP
0.3505434782608695,0.2421398404504927,0.1711277886229285,0.0135932560590094,0.0002027980896105,0.1495362922629545,0.1711277886229285,0.0160647571606475,0.1282323590226476,1.7526522510623505e-07,0.0002027980896105,0.0,0.0002664393051262,2.415106283667741e-07,0.0241357183551212,2.4787068163439776e-07,0.025047464905731,0.0,0.0250474730334229,0.0234384146646141,0.0500023746082469,0.0241986663029079,0.0,0.0234384210224505,5.7693417181099634e-05,0.0,0.0,0.050002381691595,0.0,0.0,TFTP
0.3505434782608695,0.2421398404504927,0.1711277886229285,0.0135932560590094,0.000135198726407,0.1602174559960227,0.1711277886229285,0.0160647571606475,0.1282323590226476,2.329701830239764e-07,0.000135198726407,0.0,0.0001598635830757,3.238184760171887e-07,0.0255194940352741,3.301785271629723e-07,0.0250873467225028,0.0,0.0250873548498623,0.0195921052567329,0.0250781047777826,0.025586050984375,0.0,0.0195921116396104,3.461605030865978e-05,0.0,0.0,0.025078112484244,0.0,0.0,TFTP
0.2989130434782608,0.2064758329422806,0.1459229205311793,0.0115911485774499,0.0032280005994858,0.1102714794771416,0.1459229205311793,0.0136986301369863,0.1093454224224127,0.0333448813441884,0.0032280005994858,0.0,0.0059149525738036,0.055776884423189,1.8127864498047245e-07,0.0557768886232275,4.501710087119344e-07,0.0,4.585075050509187e-07,8.182027285329806e-08,4.175043803167901e-06,1.8175143466550186e-07,0.0,8.833070291424459e-08,0.0012807938614204,0.0,0.0,4.183377119347183e-06,0.0,0.0,DrDoS_NTP
0.0,0.0,0.0034269775737148,0.0008166491043203,4.061202052924537e-06,0.0019250934635181,0.0034269775737148,0.0009651307596513,0.0017119737722347,9.572628458498024e-05,4.061202052924537e-06,0.0045454545898437,0.0001065757220505,0.0090909006879183,7.431520887851445e-07,0.0068181795350591,9.503610183918616e-07,0.0,7.91967508724314e-07,6.07330159216464e-07,1.825019147492556e-06,6.126556420249193e-07,0.014068603515625,4.0234460614623417e-07,5.7693417181099634e-05,0.0,1.6960193340776826e-08,8.583423173162546e-07,4.268292457057916e-06,0.0,Benign
0.3505434782608695,0.2421398404504927,0.1711277886229285,0.0135932560590094,0.0002027980896105,0.1495362922629545,0.1711277886229285,0.0160647571606475,0.1282323590226476,1.7510084070990194e-07,0.0002027980896105,0.0,0.0002664393051262,2.412761575979231e-07,0.0241583396648275,2.476362118625155e-07,0.0250476899912354,0.0,0.0250476981189254,0.0234604191057043,0.050049316767415,0.0242213466108591,0.0,0.0234604254633974,5.7693417181099634e-05,0.0,0.0,0.0500493238495896,0.0,0.0,TFTP
0.0040760869565217,0.002815579540122,0.0019898580072433,0.0001580611169652,2.358117321052957e-06,0.0017387940960808,0.0019898580072433,0.0001867995018679,0.0014910739421238,3.8332016295227023e-10,2.358117321052957e-06,0.0,0.0002664393051262,3.854052462238862e-08,0.1284999816694135,4.490058622528768e-08,0.1384236253413432,1.0,0.1384236325238747,0.1246131770786622,0.2658436724765304,0.1288351202394657,0.0891265869140625,0.1246131827778074,5.7693417181099634e-05,0.013287557008628,0.0,0.2658436824972101,0.0,0.1392769911164158,Syn
0.0040760869565217,0.002815579540122,0.0019898580072433,0.0001580611169652,3.1441564280706093e-06,0.0016394344097584,0.0019898580072433,0.0001867995018679,0.0014910739421238,3.0798237288266546e-10,3.1441564280706093e-06,1.511166803538799e-08,0.0003730150271768,2.929908896214896e-08,0.1914143586774059,2.810331556384742e-08,0.3166360071031983,1.0,0.3166360128000623,0.1436071332833222,0.5514560273594871,0.2099602384620205,0.0891265869140625,0.1846377527515097,8.077078405353949e-05,0.199452038571998,0.0,0.5514560385732038,0.0,0.3185880209745645,Syn
0.2989130434782608,0.2064758329422806,0.1459229205311793,0.0115911485774499,0.0034585720708776,0.1102064232771356,0.1459229205311793,0.0136986301369863,0.1093454224224127,0.0012141887894317,0.0034585720708776,0.0,0.0063412554620057,0.0020309982394627,7.976722347799878e-06,0.0020310045981523,3.5546836687920154e-05,0.0,3.555517289167578e-05,2.417831668846524e-06,0.0001230846246961,7.997526298793605e-06,0.0,2.42434208369903e-06,0.0013731033289101,0.0,0.0,0.0001230929550395,0.0,0.0,DrDoS_NTP
0.2241847826086956,0.1548568747067104,0.1159092289219254,0.0097207586933614,9.15735559675565e-05,0.1073084356438477,0.1159092289219254,0.0114881693648816,0.0858858605831302,4.471245249094032e-06,9.15735559675565e-05,0.0,0.0001598635830757,9.407361208669091e-06,0.0009005954588388,9.413721101990871e-06,0.0008853446536336,0.0,0.000885352982753,0.0006914272187992,0.0008850342854847,0.000902944286211,0.0,0.0006914337247283,3.461605030865978e-05,0.0,0.0,0.0008850425967791,1.0422830888295866e-05,0.0,UDP
0.3505434782608695,0.2421398404504927,0.1711277886229285,0.0135932560590094,0.000135198726407,0.1602174559960227,0.1711277886229285,0.0160647571606475,0.1282323590226476,2.3371520634617734e-07,0.000135198726407,0.0,0.0001598635830757,3.2488114495089e-07,0.0254381685817037,3.312412183769257e-07,0.0250073913494555,0.0,0.0250073994774815,0.019529650290601,0.0249981622723858,0.0255045134273019,0.0,0.0195296566738851,3.461605030865978e-05,0.0,0.0,0.0249981699808458,0.0,0.0,TFTP
0.0258152173913043,0.017832003754106,0.0126024340458745,0.0023709167544783,4.978247677778465e-06,0.0182573380088491,0.0126024340458745,0.0011830635118306,0.0146125244432134,4.191281714904826e-06,4.978247677778465e-06,4.819974136352539e-05,5.328786102525844e-05,4.819126004771144e-05,0.0001758731066132,2.4097750712283912e-05,0.0001729073498461,0.0,1.667300018366977e-08,0.0001350653867704,0.0001728851471866,0.0,0.0,3.906258239763474e-08,1.1538683436219929e-05,0.0,2.5440290011165232e-08,1.6666841112936986e-08,1.8529477909286315e-05,0.0,Benign
0.3505434782608695,0.2421398404504927,0.1711277886229285,0.0135932560590094,0.000135198726407,0.1602174559960227,0.1711277886229285,0.0160647571606475,0.1282323590226476,2.334694980534653e-07,0.000135198726407,0.0,0.0001598635830757,3.245306773056e-07,0.0254649025229937,3.3089074306490333e-07,0.0250336846709643,0.0,0.0250336927987711,0.0195502045333101,0.0250244708817403,0.0255313170929197,0.0,0.0195502109164605,3.461605030865978e-05,0.0,0.0,0.0250244785895425,0.0,0.0,TFTP
0.0,0.0,0.1047991883814833,0.0769230769230769,0.0002897864174538,0.1305426260169371,0.1047991883814833,0.0488480697384806,0.1260985794875404,5.693539771992826e-05,0.0002897864174538,7.973664093017578e-05,0.0003197271661515,7.97281618585924e-05,0.0001161748425023,3.986620052903855e-05,0.0002089543765437,1.0,0.0002106800303208,6.349839612474896e-05,0.0007315743421008,0.000136997336078,0.9802398681640624,8.813570493896256e-05,0.0001500028846708,0.0,0.0002543350593382,0.0004888634501041,0.0150146316517101,0.0,Benign
0.0040760869565217,0.002815579540122,0.0019898580072433,0.0001580611169652,1.5720782140353049e-06,0.0018629936743723,0.0019898580072433,0.0001867995018679,0.0014910739421238,2.137203467848916e-10,1.5720782140353049e-06,0.0,0.0001598635830757,1.7736280329435142e-08,0.3234660530463672,2.409634115626273e-08,0.3179884208513709,1.0,0.3179884265369605,0.2483346204996851,0.317870968329576,0.3243096792404728,0.0891265869140625,0.2483346253933504,3.461605030865978e-05,0.0,0.0,0.3178709603827186,0.0,0.3199487721164419,Syn
0.3505434782608695,0.2421398404504927,0.1711277886229285,0.0135932560590094,0.000135198726407,0.1602174559960227,0.1711277886229285,0.0160647571606475,0.1282323590226476,2.336919909993874e-07,0.000135198726407,0.0,0.0001598635830757,3.24848031587746e-07,0.0254400596578337,3.3120807819436026e-07,0.0250094588014955,0.0,0.0250094669295042,0.0195315912126765,0.0250006456317737,0.0255064094355146,0.0,0.019531597595948,3.461605030865978e-05,0.0,0.0,0.0250006533401716,0.0,0.0,TFTP
0.2989130434782608,0.2064758329422806,0.1459229205311793,0.0115911485774499,0.0021904289782225,0.1107337256859464,0.1459229205311793,0.0136986301369863,0.1093454224224127,0.0225818999049183,0.0021904289782225,0.0,0.0039965895768943,0.037773351681193,2.240561023598209e-07,0.0377733573350597,4.251615082279381e-07,0.0,4.33498004775414e-07,1.244794260073767e-07,4.183377223932708e-06,2.246404591883653e-07,0.0,1.3098985579059378e-07,0.0008654012577164,0.0,0.0,4.191710539903651e-06,0.0,0.0,DrDoS_NTP
0.2989130434782608,0.2064758329422806,0.1459229205311793,0.0115911485774499,0.0019598575068306,0.1109029157730978,0.1459229205311793,0.0136986301369863,0.1093454224224127,0.0008819789532466,0.0019598575068306,0.0,0.0035702866886923,0.0014753017814954,1.204888760605715e-05,0.0014753081858414,5.206144350751908e-05,0.0,5.206977957360069e-05,3.352580210101932e-06,9.601767405209692e-05,1.2080312100524416e-05,0.0,3.3590906188688222e-06,0.0007730917902267,0.0,0.0,9.602600507218642e-05,0.0,0.0,DrDoS_NTP
0.0,0.0,0.0331132779259033,0.0149367755532139,8.502323007574272e-05,0.0206563517137995,0.0331132779259033,0.0176525529265255,0.0196324735712968,9.486781546099264e-08,8.502323007574272e-05,5.302990674972534e-07,0.0003197271661515,8.311601344393523e-07,0.0174564393000254,5.723706470363947e-07,0.0422405461274601,1.0,0.0441101809874177,0.0061384451985329,0.0471436946159293,0.0223759581357852,0.4455718994140625,0.0092076775034994,0.0001384642012346,0.0,0.0019048841150693,0.0471437017707452,0.0006793035831771,0.0425009600782583,Benign
0.2989130434782608,0.2064758329422806,0.1459229205311793,0.0115911485774499,0.0017292860354388,0.1111172252383003,0.1459229205311793,0.0136986301369863,0.1093454224224127,0.0077977315689981,0.0017292860354388,0.0,0.0031439838004902,0.0130434698913969,4.322820319763603e-07,0.0130434764232568,8.169770158105477e-07,0.0,8.253135090916537e-07,3.741842352223137e-07,9.575100458762312e-06,4.3340945923489913e-07,0.0,3.806946633798449e-07,0.0006807823227369,0.0,0.0,9.583433639938764e-06,0.0,0.0,DrDoS_NTP
0.0278532608695652,0.019239793524167,0.0135973630494962,0.003740779768177,5.371267231287291e-06,0.0252746141823183,0.0135973630494962,0.0012764632627646,0.020228903527346,2.729802208377169e-06,5.371267231287291e-06,2.1957754135131838e-05,5.328786102525844e-05,2.1949273386455848e-05,0.0003861372629089,1.097675707027036e-05,0.0003796108713464,0.0,2.5009500275504656e-08,0.0002964915191163,0.00037951231505,0.0,0.0,5.859387359645212e-08,1.1538683436219929e-05,0.0,1.6960193340776826e-08,2.5000261669405472e-08,6.990355189501199e-05,0.0,Benign
0.1521739130434782,0.1051149694978883,0.1425117382676025,0.0115911485774499,0.0011822028169545,0.1093429466313563,0.1425117382676025,0.0136986301369863,0.1068487411782978,0.0094169505109196,0.0011822028169545,0.0,0.0021848023020355,0.0161290239147576,4.219206548651159e-07,0.0161290301407358,8.586595166172083e-07,0.0,8.66996009550828e-07,3.036083680552472e-07,5.416723497124024e-06,4.230210587959956e-07,0.0,3.1011879667225765e-07,0.000473086020885,0.0,0.0,5.425056782260988e-06,4.838812873814566e-05,0.0,DrDoS_NTP
0.2989130434782608,0.2064758329422806,0.1459229205311793,0.0115911485774499,0.0023633575817664,0.1106285002009449,0.1459229205311793,0.0136986301369863,0.1093454224224127,0.0084114171466085,0.0023633575817664,0.0,0.0043163167430459,0.0140699985026503,4.1068896129763803e-07,0.0140700047457456,8.503230164558762e-07,0.0,8.586595094589932e-07,3.448116746802824e-07,1.2133460633557814e-05,4.117600720436273e-07,0.0,3.513221030290417e-07,0.0009346333583338,0.0,0.0,1.2141793750774592e-05,0.0,0.0,DrDoS_NTP
0.2010869565217391,0.1389019239793524,0.1442173293993909,0.0115911485774499,0.0015951353611744,0.1099698573445342,0.1442173293993909,0.0136986301369863,0.1080897784138895,0.0399600924175593,0.0015951353611744,0.0,0.0029308323563892,0.0676328423349956,1.5061207840500085e-07,0.0676328495858624,3.417965066146169e-07,0.0,3.501330038570652e-07,6.699824737319803e-08,1.7166846775500753e-06,1.510048871504457e-07,0.0,7.350867753064232e-08,0.000634627588992,0.0,0.0,1.7250180551889777e-06,1.6322626137189728e-05,0.0,DrDoS_NTP
0.3505434782608695,0.2421398404504927,0.1711277886229285,0.0135932560590094,0.000135198726407,0.1602174559960227,0.1711277886229285,0.0160647571606475,0.1282323590226476,2.3448932036022567e-07,0.000135198726407,0.0,0.0001598635830757,3.259853075849424e-07,0.0253541772615889,3.323453646214082e-07,0.0249248266518577,0.0,0.0249248347805719,0.0194651774979339,0.0249156364065519,0.0254203030508841,0.0,0.0194651838816378,3.461605030865978e-05,0.0,0.0,0.024915644117075,0.0,0.0,TFTP
0.2989130434782608,0.2064758329422806,0.1459229205311793,0.0115911485774499,0.0007493572820234,0.1134993040154002,0.1459229205311793,0.0136986301369863,0.1093454224224127,0.0042795920321777,0.0007493572820234,0.0,0.0013321965256314,0.007158581888993,9.02152288177234e-07,0.007158588227187,1.6589635321050918e-06,0.0,1.667300018366977e-06,7.02866064362899e-07,7.5584126336792144e-06,9.04505175888976e-07,0.0,7.093764903805699e-07,0.0002884670859054,0.0,0.0,7.56674586527339e-06,0.0,0.0,DrDoS_NTP
0.3505434782608695,0.2421398404504927,0.1711277886229285,0.0135932560590094,0.000135198726407,0.1602174559960227,0.1711277886229285,0.0160647571606475,0.1282323590226476,2.336605252082901e-07,0.000135198726407,0.0,0.0001598635830757,3.24803150148901e-07,0.0254441098655451,3.311631958967493e-07,0.0250132352360686,0.0,0.0250132433640458,0.0195342206127712,0.0250040123337627,0.0255104702065024,0.0,0.0195342269960256,3.461605030865978e-05,0.0,0.0,0.0250040200420764,0.0,0.0,TFTP
0.3505434782608695,0.2421398404504927,0.1711277886229285,0.0135932560590094,0.000135198726407,0.1602174559960227,0.1711277886229285,0.0160647571606475,0.1282323590226476,2.334822493979633e-07,0.000135198726407,0.0,0.0001598635830757,3.245488652699995e-07,0.0254635365417891,3.309089224815984e-07,0.0250323341579382,0.0,0.0250323422857562,0.0195491364158157,0.0250231042007349,0.0255299475491233,0.0,0.019549142798973,3.461605030865978e-05,0.0,0.0,0.0250231119085713,0.0,0.0,TFTP
0.2724184782608695,0.1881745659314875,0.1329888434840975,0.0105637513171759,5.253361365234643e-05,0.149412092684663,0.1329888434840975,0.0124844333748443,0.0996534417986079,0.0908061594202898,5.253361365234643e-05,0.0,5.328786102525844e-05,0.1666666595999312,0.0,0.1666666701083161,1.6673000322664237e-08,0.0,2.5009500275504656e-08,5.208344334190602e-08,1.6666841529612378e-08,0.0,0.0,5.859387359645212e-08,1.1538683436219929e-05,0.0,0.0,2.5000261669405472e-08,0.0,0.0,UDP
0.2989130434782608,0.2064758329422806,0.1459229205311793,0.0115911485774499,0.0050725723706205,0.109916626787969,0.1459229205311793,0.0136986301369863,0.1093454224224127,0.0019248022703122,0.0050725723706205,0.0,0.0093253756794202,0.0032196607993792,2.2380274238636963e-06,0.0032196670762583,8.019713155201499e-06,0.0,8.028049588436994e-06,1.5187160517259249e-06,0.000113876194751,2.243864384311683e-06,0.0,1.5252264724320608e-06,0.0020192696013384,0.0,0.0,0.0001138845253246,0.0,0.0,DrDoS_NTP
0.0040760869565217,0.002815579540122,0.0019898580072433,0.0001580611169652,3.930195535088262e-07,0.0019871932526638,0.0019898580072433,0.0001867995018679,0.0014910739421238,5.270802098950525e-05,3.930195535088262e-07,0.008620689453125,0.0,0.0064655088161249,1.1632278946424742e-06,0.0021551702478296,9.420245182305296e-07,0.0,0.0,1.1263044662705032e-06,9.58343387952712e-07,0.0,0.15606689453125,0.0,0.0,0.0,1.6960193340776826e-08,0.0,0.0,0.0,Benign
0.0,0.0,0.0,0.0,0.0,0.0,0.0,0.0,0.0,0.0,0.0,0.0043859648437499,0.0,0.0032894652320231,2.3264557892849484e-06,0.0010964890932415,1.8757125362997269e-06,0.0,0.0,2.2200567805250745e-06,1.8916865136110048e-06,0.0,0.003631591796875,0.0,0.0,0.0,1.6960193340776826e-08,0.0,0.0,0.0,Benign
0.25,0.1726888784608165,0.1450045260849041,0.0115911485774499,0.0014892820947627,0.1107095968250027,0.1450045260849041,0.0136986301369863,0.1086702194140545,0.0312665023763422,0.0014892820947627,0.0,0.0027176809122881,0.0526315709136061,1.6858239310034602e-07,0.0526315761165594,3.334600064532848e-07,0.0,3.417965037652303e-07,8.808229420376578e-08,2.050021508142323e-06,1.6902206991139014e-07,0.0,9.459272422394385e-08,0.0005884728552472,0.0,0.0,2.058354877447717e-06,4.3824926404503415e-06,0.0,DrDoS_NTP
0.3505434782608695,0.2421398404504927,0.1711277886229285,0.0135932560590094,0.000135198726407,0.1602174559960227,0.1711277886229285,0.0160647571606475,0.1282323590226476,2.335790183840666e-07,0.000135198726407,0.0,0.0001598635830757,3.246868923521236e-07,0.0254529887433748,3.3104696683919085e-07,0.0250219635517375,0.0,0.025021971679642,0.019541037033444,0.0250127374253034,0.0255193722411791,0.0,0.019541043416654,3.461605030865978e-05,0.0,0.0,0.025012745133399,0.0,0.0,TFTP
0.0,0.0,0.0177479256118918,0.0185721812434141,0.0001156787552494,0.0180818807097011,0.0177479256118918,0.0135740971357409,0.0178074611942182,1.3511527667241603e-08,0.0001156787552494,1.3010664284229278e-07,0.0013854843866567,1.281318931868919e-07,0.056697657010286,6.943863388902226e-08,0.0834929919002981,1.0,0.0837642192347466,0.0363187568593486,0.9607604049779156,0.0707130510631901,0.1250152587890625,0.0703676044863532,0.000369237869959,0.0001250499956508,0.0852101568085203,0.9607603892920746,0.0008773854061336,0.0840077199485104,Benign
0.3505434782608695,0.2421398404504927,0.1711277886229285,0.0135932560590094,0.000135198726407,0.1602174559960227,0.1711277886229285,0.0160647571606475,0.1282323590226476,2.3477837176503614e-07,0.000135198726407,0.0,0.0001598635830757,3.263975979642924e-07,0.0253223649546917,3.327576499501937e-07,0.0248937481792562,0.0,0.0248937563082296,0.019441212603477,0.0248849610847167,0.0253884077748618,0.0,0.0194412189873369,3.461605030865978e-05,0.0,0.0,0.0248849687960067,0.0,0.0,TFTP
0.3505434782608695,0.2421398404504927,0.1711277886229285,0.0135932560590094,0.000135198726407,0.1602174559960227,0.1711277886229285,0.0160647571606475,0.1282323590226476,2.336605252082901e-07,0.000135198726407,0.0,0.0001598635830757,3.24803150148901e-07,0.0254441227175188,3.311631958967493e-07,0.0250132435725687,0.0,0.0250132517005459,0.0195342206127712,0.0250040123337627,0.0255104830919951,0.0,0.0195342269960256,3.461605030865978e-05,0.0,0.0,0.0250040200420764,0.0,0.0,TFTP
0.0,0.0,0.0009949290036216,0.03609062170706,7.860391070176523e-07,0.1141808097824633,0.0009949290036216,0.0001867995018679,0.0979138555327968,8.851965533657624e-07,7.860391070176523e-07,9.469544291496276e-07,5.328786102525844e-05,1.4119516082702376e-06,0.0042779832412613,9.44834410586188e-07,0.0048118945851221,0.0,0.0048119028815079,0.0041250687460762,0.0088002256623675,0.0045473143069436,0.0057220458984375,0.0068751249758495,3.461605030865978e-05,0.0,1.6960193340776826e-08,0.0088002337757801,0.0101542692366449,0.0,Benign
0.2989130434782608,0.2064758329422806,0.1459229205311793,0.0115911485774499,0.0002305714713918,0.1229575825085755,0.1459229205311793,0.0136986301369863,0.1093454224224127,0.0213509316770186,0.0002305714713918,0.0,0.0003730150271768,0.0357142775370633,2.527013949650675e-07,0.0357142831119444,3.834790074212775e-07,0.0,3.918155043162396e-07,1.497398999717785e-07,4.583381420643405e-07,2.5336046108366564e-07,0.0,1.5625032959053897e-07,8.077078405353949e-05,0.0,0.0,4.666715511622355e-07,0.0,0.0,DrDoS_NTP
0.3505434782608695,0.2421398404504927,0.1711277886229285,0.0135932560590094,0.000135198726407,0.1602174559960227,0.1711277886229285,0.0160647571606475,0.1282323590226476,2.336588898419113e-07,0.000135198726407,0.0,0.0001598635830757,3.248008175332712e-07,0.0254442879571806,3.311608713155981e-07,0.025013410302572,0.0,0.0250134184305478,0.0195343573318105,0.0250041873355987,0.0255106487626157,0.0,0.019534363715064,3.461605030865978e-05,0.0,0.0,0.0250041950439081,0.0,0.0,TFTP
0.0040760869565217,0.002815579540122,0.0019898580072433,0.0001580611169652,7.860391070176523e-07,0.0018629936743723,0.0019898580072433,0.0001867995018679,0.0014910739421238,7.618854124339701e-05,7.860391070176523e-07,0.0093457939453125,5.328786102525844e-05,0.009345785991694,8.566163540211338e-07,0.0046728948625423,8.503230164558762e-07,1.0,8.336500091834885e-09,6.901056514923939e-07,8.833426010694562e-07,0.0,0.0891265869140625,1.953129119881737e-08,1.1538683436219929e-05,0.0,2.5440290011165232e-08,8.333420556468491e-09,0.0,0.0,Syn
0.3505434782608695,0.2421398404504927,0.1711277886229285,0.0135932560590094,0.000135198726407,0.1602174559960227,0.1711277886229285,0.0160647571606475,0.1282323590226476,2.337131806624628e-07,0.000135198726407,0.0,0.0001598635830757,3.248782556035517e-07,0.0254383760492791,3.312383275516479e-07,0.0250075997619595,0.0,0.0250076078899838,0.0195298199686944,0.0249983789413257,0.0255047214359699,0.0,0.0195298263519774,3.461605030865978e-05,0.0,0.0,0.0249983866497802,0.0,0.0,TFTP
0.0,0.0,0.0346152382510041,0.0665173867228661,0.0001093904423932,0.0642582950369472,0.0346152382510041,0.0160958904109589,0.0621446481572714,1.4966983417140997e-05,0.0001093904423932,3.817757797241211e-05,0.000426302888202,4.2574204103713805e-05,0.00024290431103,2.34917746062629e-05,0.0004414093470423,1.0,0.0004478868039339,0.0001187555950281,0.0014188148857328,0.0003205857088009,0.1250152587890625,0.0002216866591791,0.0001730802515432,0.0,0.0004991469701157,0.0014188065168415,0.0067315873937604,0.0,Benign
0.3505434782608695,0.2421398404504927,0.1711277886229285,0.0135932560590094,0.000135198726407,0.1602174559960227,0.1711277886229285,0.0160647571606475,0.1282323590226476,2.3401445787035177e-07,0.000135198726407,0.0,0.0001598635830757,3.253079843378282e-07,0.0254056273842981,3.316680472390671e-07,0.0249754041983365,0.0,0.0249754123266291,0.0195046770932293,0.024966195270332,0.0254718873597646,0.0,0.019504683476676,3.461605030865978e-05,0.0,0.0,0.0249662029795911,0.0,0.0,TFTP
0.2989130434782608,0.2064758329422806,0.1459229205311793,0.0115911485774499,0.0050437509366966,0.1099201744810013,0.1459229205311793,0.0136986301369863,0.1093454224224127,0.0014285264790183,0.0050437509366966,0.0,0.0092720878183949,0.0023895267414481,1.1439722340973184e-05,0.0023895330412952,8.51573491480076e-05,0.0,8.516568493818519e-05,2.048652830989486e-06,0.000152568267362,1.1469558082094236e-05,0.0,2.055163248245505e-06,0.0020077309179022,0.0,0.0,0.0001525765969683,0.0,0.0,DrDoS_NTP
0.0040760869565217,0.002815579540122,0.0019898580072433,0.0001580611169652,6.288312856141219e-06,0.0015436233640359,0.0019898580072433,0.0001867995018679,0.0014910739421238,8.598814519539034e-10,6.288312856141219e-06,9.041038900613785e-08,0.0007993179153788,9.69987099023192e-08,0.0648329710496587,5.8153574711064025e-08,0.102951817154875,1.0,0.1029518246331173,0.0480064964330163,0.5530395606400571,0.0763262146704824,0.0891265869140625,0.0864117057121917,0.0001730802515432,0.0253494917202315,0.1739739659675403,0.5530395551473439,0.0,0.1035865054500168,Syn
0.0,0.000469263256687,0.0003316430012072,2.6343519494204427e-05,1.310065178362754e-07,0.0001862993674372,0.0003316430012072,3.11332503113325e-05,0.0001491074001373,2.1120059257817465e-08,1.310065178362754e-07,3.1088727951049806e-05,5.328786102525844e-05,3.108024740871045e-05,0.0002727074069141,1.5542243987908268e-05,0.0002681018451884,0.0,1.667300018366977e-08,0.0002094079951664,0.0002680444788999,0.0,0.00390625,3.906258239763474e-08,1.1538683436219929e-05,0.0,2.5440290011165232e-08,1.6666841112936986e-08,6.852617739181909e-09,0.0,Benign
0.3505434782608695,0.2421398404504927,0.1711277886229285,0.0135932560590094,0.0002027980896105,0.1495362922629545,0.1711277886229285,0.0160647571606475,0.1282323590226476,1.7555309221956537e-07,0.0002027980896105,0.0,0.0002664393051262,2.419212295241536e-07,0.0240958533687035,2.48281298033126e-07,0.0250037316258847,0.0,0.0250037397539411,0.023399979524696,0.049920382081342,0.0241586973453116,0.0,0.0233999858827827,5.7693417181099634e-05,0.0,0.0,0.0499203891667399,0.0,0.0,TFTP
0.2989130434782608,0.2064758329422806,0.1459229205311793,0.0115911485774499,0.0003458572070877,0.118403595444374,0.1459229205311793,0.0136986301369863,0.1093454224224127,0.006871564217891,0.0003458572070877,0.0,0.0005861664712778,0.011494244490953,5.793502728766169e-07,0.0114942508340349,8.169770158105477e-07,0.0,8.253135090916537e-07,4.569138318246566e-07,2.16668939884961e-06,5.808612662595635e-07,0.0,4.634242594435825e-07,0.0001269255177984,0.0,0.0,2.175022765238276e-06,0.0,0.0,DrDoS_NTP
0.3960597826086956,0.2735804786485218,0.1933478697038126,0.0153582718651211,7.637679989854855e-05,0.2172250624318168,0.1933478697038126,0.0181506849315068,0.1448826847096968,0.3960597826086957,7.637679989854855e-05,0.0,5.328786102525844e-05,0.4999999957599588,0.0,0.4999999989399897,0.0,0.0,8.336500091834885e-09,1.3020860689957046e-08,0.0,0.0,0.0,1.953129119881737e-08,1.1538683436219929e-05,0.0,0.0,8.333420556468491e-09,0.0,0.0,DrDoS_MSSQL
0.2010869565217391,0.1389019239793524,0.1419432045166926,0.0115911485774499,0.0006728494756071,0.1108688260817173,0.1419432045166926,0.0136986301369863,0.1064825631837729,0.0237355811889973,0.0006728494756071,0.0,0.0012256208035809,0.0408163183966556,2.246713555257763e-07,0.0408163260915108,4.501710087119344e-07,0.0,4.585075050509187e-07,1.1831999936880726e-07,1.2166794316617038e-06,2.252573169854154e-07,0.0,1.2483042919212484e-07,0.000265389719033,0.0,0.0,1.2250128218008683e-06,3.6313390703575256e-05,0.0,DrDoS_NTP
0.0040760869565217,0.002815579540122,0.0019898580072433,0.0001580611169652,4.716234642105914e-06,0.0015835446232165,0.0019898580072433,0.0001867995018679,0.0014910739421238,4.745592749505723e-10,4.716234642105914e-06,2.9106302186846733e-08,0.0005861664712778,4.9732522455756056e-08,0.0998872066724274,4.15394318705038e-08,0.1350832564186987,1.0,0.1350832636290772,0.0894710714719935,0.5726196744014173,0.1075136868967233,0.0891265869140625,0.1220058237622845,0.0001269255177984,0.0304223722220109,0.4854143015677052,0.5726187934100377,0.0,0.1359160294048669,Syn
0.0040760869565217,0.002815579540122,0.0019898580072433,0.0001580611169652,3.930195535088262e-07,0.0019871932526638,0.0019898580072433,0.0001867995018679,0.0014910739421238,2.475356451328992e-05,3.930195535088262e-07,0.0040485830078124,0.0,0.0030364287926303,2.52378907783229e-06,0.0010121436340783,2.034106039365037e-06,0.0,0.0,2.4056040481218323e-06,2.050021508142323e-06,0.0,0.003631591796875,0.0,0.0,0.0,1.6960193340776826e-08,0.0,0.0,0.0,Benign
0.0040760869565217,0.002815579540122,0.0019898580072433,0.0001580611169652,1.5720782140353049e-06,0.0018629936743723,0.0019898580072433,0.0001867995018679,0.0014910739421238,2.518800663996156e-09,1.5720782140353049e-06,0.0,0.0001598635830757,3.004928016384821e-07,0.0274451548264786,3.068528752294425e-07,0.0269806992931439,1.0,0.0269807074047194,0.0210711977417919,0.0269713579744974,0.0275167340580389,0.0891265869140625,0.0210712041150399,3.461605030865978e-05,0.0,0.0,0.0269713656336269,0.0,0.0,Syn
0.0040760869565217,0.002815579540122,0.0019898580072433,0.0001580611169652,4.716234642105914e-06,0.0015731946978408,0.0019898580072433,0.0001867995018679,0.0014910739421238,6.634611145495804e-10,4.716234642105914e-06,5.42563758790493e-08,0.0005861664712778,7.290448164306789e-08,0.0854573631145828,5.213635542307128e-08,0.1650373518973853,1.0,0.1650373588580515,0.0635261386458009,0.4607801676852592,0.0980740326485103,0.0891265869140625,0.0981767695916233,0.0001269255177984,0.0753318397453938,0.0627097382309487,0.4607801561656345,0.0,0.1660547866317918,Syn
0.2241847826086956,0.1548568747067104,0.1192256589339977,0.0102476290832455,9.4193686324282e-05,0.1097924272096775,0.1192256589339977,0.0121108343711083,0.0878739591726287,4.70211579776973e-06,9.4193686324282e-05,0.0,0.0001598635830757,9.618104775721238e-06,0.0008808792115624,9.624465006551422e-06,0.0008659622907585,0.0,0.0008659706200395,0.0006762904680216,0.0008656590822065,0.0008831766173325,0.0,0.0006762969740492,3.461605030865978e-05,0.0,0.0,0.0008656673939853,2.3853962517555835e-05,0.0,UDP
0.2989130434782608,0.2064758329422806,0.1459229205311793,0.0115911485774499,0.0010375716212633,0.1123316202726459,0.1459229205311793,0.0136986301369863,0.1093454224224127,0.0146605852387157,0.0010375716212633,0.0,0.001865075135884,0.0245231524908187,2.703255973621272e-07,0.024523158088219,4.668440090345987e-07,0.0,4.751805052345885e-07,1.982891034529753e-07,3.050031999919066e-06,2.710306288568517e-07,0.0,2.047995327556596e-07,0.0004038539202676,0.0,0.0,3.0583653442239363e-06,0.0,0.0,DrDoS_NTP
0.5801630434782609,0.4007508212106991,0.2832231230309708,0.0224973656480505,0.0001118795662321,0.3181993195827986,0.2832231230309708,0.0265877957658779,0.2122295244289556,0.5801630434782609,0.0001118795662321,0.0,5.328786102525844e-05,0.4999999957599588,0.0,0.4999999989399897,0.0,0.0,8.336500091834885e-09,1.3020860689957046e-08,0.0,0.0,0.0,1.953129119881737e-08,1.1538683436219929e-05,0.0,0.0,8.333420556468491e-09,0.0,0.0,MSSQL
0.3505434782608695,0.2421398404504927,0.1711277886229285,0.0135932560590094,0.000270397452814,0.1441957103964204,0.1711277886229285,0.0160647571606475,0.1282323590226476,1.53411098632248e-07,0.000270397452814,0.0,0.0003730150271768,2.1033885080620538e-07,0.0239279147923837,2.166989126645807e-07,0.0261200723624887,0.0,0.0261200804812388,0.0255022154180988,0.0761672657882302,0.0239903207713082,0.0,0.025502221762499,8.077078405353949e-05,0.0,0.0,0.0761672722174492,0.0,0.0,TFTP
1.0,0.6907555138432661,0.4881784977770364,0.0387776606954689,0.0001928415942549,0.548465337735222,0.4881784977770364,0.0458281444582814,0.365810140467708,0.0204081632653061,0.0001928415942549,0.0,5.328786102525844e-05,0.010204073239102,0.0,0.0102040799328622,4.001520077439417e-07,0.0,4.0848850449990937e-07,9.505228443367328e-07,4.0000419671069713e-07,0.0,0.0,9.570332687420511e-07,1.1538683436219929e-05,0.0,0.0,4.083376072669561e-07,0.0,0.0,DrDoS_LDAP
0.2934782608695652,0.2027217268887846,0.1432697765215215,0.0113804004214963,5.659481570527097e-05,0.1609626534657716,0.1432697765215215,0.0134495641344956,0.1073573238329143,0.0061141304347826,5.659481570527097e-05,0.0,5.328786102525844e-05,0.0104166582749184,0.0,0.0104166648942504,3.918155075826096e-07,0.0,4.001520044080745e-07,9.30991553010758e-07,3.916707759458909e-07,0.0,0.0,9.375019775432338e-07,1.1538683436219929e-05,0.0,0.0,4.000041867104876e-07,0.0,0.0,MSSQL
0.218070652173913,0.1506335053965274,0.1154117644201146,0.0103530031612223,0.000136770804621,0.0997322613680668,0.1154117644201146,0.0122353673723536,0.0855237400255307,3.2933335056129518e-06,0.000136770804621,0.0,0.0002664393051262,6.956731068964575e-06,0.000866537556412,6.963090908807204e-06,0.0009159979647268,0.0,0.0009160062935907,0.0008412296292698,0.0017946438288048,0.0008687975579605,0.0,0.0008412361342236,5.7693417181099634e-05,0.0,0.0,0.0017946521173588,2.581478814643425e-05,0.0,DrDoS_UDP
0.0040760869565217,0.002815579540122,0.0019898580072433,0.0001580611169652,5.502273749123566e-06,0.0015524947286436,0.0019898580072433,0.0001867995018679,0.0014910739421238,1.1493010465921495e-09,5.502273749123566e-06,1.1748410761356353e-07,0.0006927421933283,1.3250084714567178e-07,0.0564276260268947,8.011885493283993e-08,0.0978300548587561,1.0,0.0978300623796959,0.0361404801149479,0.3546616126580861,0.0690889856516578,0.0891265869140625,0.0639406963983439,0.0001500028846708,0.0310303388006991,0.1710482986958696,0.3546607121154534,0.0,0.0984331683870906,Syn
0.3505434782608695,0.2421398404504927,0.1711277886229285,0.0135932560590094,0.000135198726407,0.1602174559960227,0.1711277886229285,0.0160647571606475,0.1282323590226476,2.3352906810533125e-07,0.000135198726407,0.0,0.0001598635830757,3.2461564544231545e-07,0.0254584324722344,3.309757094862108e-07,0.0250273155848411,0.0,0.025027323712701,0.0195452167297878,0.0250180874814344,0.0255248301677334,0.0,0.0195452231129706,3.461605030865978e-05,0.0,0.0,0.0250180951893963,0.0,0.0,TFTP
0.1032608695652173,0.0713280150164242,0.1300040564732325,0.0115911485774499,0.0003081273299509,0.1064804359283909,0.1300040564732325,0.0136986301369863,0.0983344183501111,0.0012367074976443,0.0003081273299509,0.0,0.0005861664712778,0.0023219729637567,3.020186476523665e-06,0.0023219793302145,5.885569113900476e-06,0.0,5.893905564927264e-06,2.287528487103545e-06,1.0758446207364791e-05,3.028063372410213e-06,0.0,2.294038902804381e-06,0.0001269255177984,0.0,0.0,1.076677935895729e-05,0.0002671888194143,0.0,DrDoS_NTP
0.3865489130434782,0.2670107930549038,0.1887048676869115,0.0149894625922023,7.454270864884069e-05,0.2120086801435742,0.1887048676869115,0.0177148194271481,0.1414035121780746,0.0078887533274179,7.454270864884069e-05,0.0,5.328786102525844e-05,0.010204073239102,0.0,0.0102040799328622,4.001520077439417e-07,0.0,4.0848850449990937e-07,9.505228443367328e-07,4.0000419671069713e-07,0.0,0.0,9.570332687420511e-07,1.1538683436219929e-05,0.0,0.0,4.083376072669561e-07,0.0,0.0,DrDoS_MSSQL
0.0040760869565217,0.002815579540122,0.0019898580072433,0.0001580611169652,5.502273749123566e-06,0.0015649147338511,0.0019898580072433,0.0001867995018679,0.0014910739421238,6.169736324811189e-10,5.502273749123566e-06,4.540925845503807e-08,0.0006927421933283,6.720201712764587e-08,0.0937605386184331,5.085744835973679e-08,0.1760291940901049,1.0,0.1760292009591376,0.0679131938267445,0.5505542762319482,0.1064866468596272,0.0891265869140625,0.099257748434313,0.0001500028846708,0.0709704268783542,0.2429746978338034,0.5505542624679471,0.0,0.177114391604967,Syn
0.0040760869565217,0.002815579540122,0.0019898580072433,0.0001580611169652,5.502273749123566e-06,0.0015524947286436,0.0019898580072433,0.0001867995018679,0.0014910739421238,9.228922446716591e-10,5.502273749123566e-06,9.434009343385696e-08,0.0006927421933283,1.0472803387457589e-07,0.0697460088673037,6.391804422764122e-08,0.1479758039752017,1.0,0.1479758110781015,0.0450066561013229,0.4416690755113839,0.0852475334074438,0.0891265869140625,0.0796270234320025,0.0001500028846708,0.0635048047215314,0.3307227525335476,0.4416682227940652,0.0,0.1488880572572354,Syn
0.218070652173913,0.1506335053965274,0.1154117644201146,0.0103530031612223,0.000136770804621,0.0997322613680668,0.1154117644201146,0.0122353673723536,0.0855237400255307,3.350825756444421e-06,0.000136770804621,0.0,0.0002664393051262,7.078323876351904e-06,0.0008515385572319,7.084683907569622e-06,0.0008959987008398,0.0,0.0008960070298704,0.0008267960049799,0.0017638518390788,0.0008537594401512,0.0,0.0008268025100277,5.7693417181099634e-05,0.0,0.0,0.0017638601284026,2.581478814643425e-05,0.0,DrDoS_UDP
0.2989130434782608,0.2064758329422806,0.1459229205311793,0.0115911485774499,0.0051013938045445,0.1099131169976401,0.1459229205311793,0.0136986301369863,0.1093454224224127,0.0052791467467224,0.0051013938045445,0.0,0.0093786635404454,0.0088305643347736,1.1256237018227104e-06,0.0088305701643254,4.893525594701954e-06,0.0,4.901862053998913e-06,5.495764889902305e-07,4.1750438031679015e-05,1.1285594214465178e-06,0.0,5.560869160058825e-07,0.0020308082847747,0.0,0.0,4.175877040846361e-05,0.0,0.0,DrDoS_NTP
0.2989130434782608,0.2064758329422806,0.1459229205311793,0.0115911485774499,0.0057642867847961,0.1098421100732104,0.1459229205311793,0.0136986301369863,0.1093454224224127,0.0382241743578338,0.0057642867847961,0.0,0.0106042843440264,0.0639386109879535,1.5738987862139077e-07,0.0639386152030306,4.4183450855060236e-07,0.0,4.501710049590838e-07,7.024067240377314e-08,6.508401617313635e-06,1.5780036442984457e-07,0.0,7.675110254010787e-08,0.0022961980038077,0.0,0.0,6.51673487515836e-06,0.0,0.0,DrDoS_NTP
0.3505434782608695,0.2421398404504927,0.1711277886229285,0.0135932560590094,0.000135198726407,0.1602174559960227,0.1711277886229285,0.0160647571606475,0.1282323590226476,2.339018756609541e-07,0.000135198726407,0.0,0.0001598635830757,3.251474019602713e-07,0.0254178679712482,3.3150747232570177e-07,0.0249874337680693,0.0,0.0249874418962616,0.0195140643201228,0.0249782120630748,0.0254841598711768,0.0,0.0195140707035085,3.461605030865978e-05,0.0,0.0,0.0249782197720336,0.0,0.0,TFTP
0.0,0.0,0.035340707316145,0.0769230769230769,0.0001116830564554,0.135998538229182,0.035340707316145,0.0160958904109589,0.1316714425606477,5.345492542697809e-05,0.0001116830564554,6.706843566894531e-05,0.0003730150271768,7.185056183151569e-05,0.0001344214751925,3.832270153284638e-05,0.0002542715914207,1.0,0.0002813151955989,7.028660705154617e-05,0.0008697591252228,0.0001849698528573,0.1250152587890625,0.0001359000306979,0.0001730802515432,0.0,0.0003046729131737,0.0008697674368991,0.0215953800863667,0.0,Benign
0.3505434782608695,0.2421398404504927,0.1711277886229285,0.0135932560590094,0.000135198726407,0.1602174559960227,0.1711277886229285,0.0160647571606475,0.1282323590226476,2.3338159833641842e-07,0.000135198726407,0.0,0.0001598635830757,3.244053009639428e-07,0.0254745194713129,3.307653646943525e-07,0.0250431299256471,0.0,0.0250431380533752,0.01955756783014,0.0250338959806253,0.0255409591230348,0.0,0.0195575742132424,3.461605030865978e-05,0.0,0.0,0.0250339036881919,0.0,0.0,TFTP
0.0,0.0,0.0417417952565982,0.0258166491043203,0.0003627570478886,0.0194505416417595,0.0417417952565982,0.0305105853051058,0.0192871951689349,4.050563835633254e-08,0.0003627570478886,4.6474695205688486e-07,0.0015453479697324,3.742527017616454e-07,0.0461991661110697,1.482392825069327e-07,0.1877474455608824,0.0,0.1877474523322259,0.0128727148185695,0.609657154652981,0.0725823384456685,0.0038909912109375,0.0331928654263567,0.0004961633877574,0.0817794845475388,0.1917448735101996,0.6089835740280748,0.0004964294850701,0.1889048840420734,Benign
0.1521739130434782,0.1051149694978883,0.1430575201426971,0.0115911485774499,0.0014127742883463,0.1093353736712297,0.1430575201426971,0.0136986301369863,0.1072403786415306,0.020872042611173,0.0014127742883463,0.0,0.0026111051902376,0.0356125274344504,2.1439210461975454e-07,0.0356125331117287,4.084885079052738e-07,0.0,4.168250045917443e-07,1.3339738938257608e-07,2.9166972676821668e-06,2.1495125694366385e-07,0.0,1.3990781910773334e-07,0.0005653954883747,0.0,0.0,2.9250306153204403e-06,4.0957045627112665e-05,0.0,DrDoS_NTP
0.0040760869565217,0.002815579540122,0.0019898580072433,0.0001580611169652,3.930195535088261e-06,0.0015835446232165,0.0019898580072433,0.0001867995018679,0.0014910739421238,5.981511172890639e-10,3.930195535088261e-06,5.5029902607202535e-08,0.0004795907492273,6.489312191117416e-08,0.0946155400367034,4.373823231976827e-08,0.1494185186931218,1.0,0.1494189259359989,0.0709842794263723,0.454303216397912,0.1103064223180621,0.0891265869140625,0.11830694877247,0.0001038481509259,0.0498201195782045,0.1519930126717067,0.4543024550323626,0.0,0.1503396660585108,Syn
0.2989130434782608,0.2064758329422806,0.1459229205311793,0.0115911485774499,0.0002882143392398,0.1202251917861627,0.1459229205311793,0.0136986301369863,0.1093454224224127,0.0033360830745341,0.0002882143392398,0.0,0.0004795907492273,0.0055803487100965,1.0197772409434475e-06,0.0055803548254036,1.675636532427756e-06,0.0,1.6839730185506469e-06,9.657138652582605e-07,3.7250390818683673e-06,1.0224369042512672e-06,0.0,9.722242895646786e-07,0.0001038481509259,0.0,0.0,3.733372409297884e-06,0.0,0.0,DrDoS_NTP
0.2010869565217391,0.1389019239793524,0.1440861316386289,0.0115911485774499,0.0014798496254785,0.1100217158232385,0.1440861316386289,0.0136986301369863,0.1079950164056963,0.000712063936483,0.0014798496254785,0.0,0.0027176809122881,0.0012062641477584,5.49964023444206e-06,0.0012062704655445,1.6239502314274965e-05,0.0,1.6247838678986192e-05,4.120719409592324e-06,8.980094216155151e-05,5.513983750604688e-06,0.0,4.127229813358297e-06,0.0005884728552472,0.0,0.0,8.980927333706093e-05,1.7529970561801366e-05,0.0,DrDoS_NTP
0.3505434782608695,0.2421398404504927,0.1711277886229285,0.0135932560590094,0.000270397452814,0.1441957103964204,0.1711277886229285,0.0160647571606475,0.1282323590226476,1.5580241604280037e-07,0.000270397452814,0.0,0.0003730150271768,2.1374972218041385e-07,0.0235523360569921,2.2010978846908362e-07,0.0250252481328011,0.0,0.0250252562606782,0.0251107961328692,0.0749982201896601,0.0236137624955408,0.0,0.0251108024798177,8.077078405353949e-05,0.0,0.0,0.0749982266481055,0.0,0.0,TFTP
0.2241847826086956,0.1548568747067104,0.1192256589339977,0.0102476290832455,9.4193686324282e-05,0.1097924272096775,0.1192256589339977,0.0121108343711083,0.0878739591726287,4.6139053224061e-06,9.4193686324282e-05,0.0,0.0001598635830757,9.43751253533686e-06,0.0008977206903469,9.443872469242292e-06,0.0008825185800789,0.0,0.0008825269092219,0.0006892201828794,0.0008822092558454,0.0009000620200853,0.0,0.0006892266888228,3.461605030865978e-05,0.0,0.0,0.0008822175672105,2.3853962517555835e-05,0.0,UDP
0.2880434782608695,0.1989676208352886,0.1406166325118637,0.0111696522655426,5.554676356258077e-05,0.1579818635867758,0.1406166325118637,0.0132004981320049,0.1053692252434158,0.0061285846438482,5.554676356258077e-05,0.0,5.328786102525844e-05,0.0106382894824716,0.0,0.0106382957540953,3.834790074212775e-07,0.0,3.918155043162396e-07,9.114602616847836e-07,3.833373551810848e-07,0.0,0.0,9.179706863444164e-07,1.1538683436219929e-05,0.0,0.0,3.916707661540191e-07,0.0,0.0,MSSQL
0.0319293478260869,0.022055373064289,0.0155872210567396,0.002713382507903,6.157306338304943e-06,0.0215486268335735,0.0155872210567396,0.0014632627646326,0.0172467556430984,4.88973963114412e-06,6.157306338304943e-06,4.798464584350586e-05,5.328786102525844e-05,4.797616523810956e-05,0.0001766617530618,2.3990202952046146e-05,0.0001736826443611,0.0,2.5009500275504656e-08,0.0001356708568015,0.0001736601553177,0.0,0.0,5.859387359645212e-08,1.1538683436219929e-05,0.0,1.6960193340776826e-08,2.5000261669405472e-08,2.1489808097312485e-05,0.0,Benign
0.0326086956521739,0.022524636320976,0.0159188640579468,0.0012644889357218,6.288312856141219e-06,0.0149039493949788,0.0159188640579468,0.0014943960149439,0.0119285915369904,7.717486486681163e-07,6.288312856141219e-06,1.1833478927612304e-05,5.328786102525844e-05,1.1824999297494832e-05,0.0007165433188698,5.914619455778759e-06,0.0007044259271324,0.0,2.5009500275504656e-08,0.0005501639117846,0.0007042157217299,0.0,0.0,5.859387359645212e-08,1.1538683436219929e-05,0.0,2.5440290011165232e-08,2.5000261669405472e-08,0.0,0.0,Benign
0.0040760869565217,0.002815579540122,0.0019898580072433,0.0001580611169652,3.1441564280706093e-06,0.0016394344097584,0.0019898580072433,0.0001867995018679,0.0014910739421238,4.501585556387462e-10,3.1441564280706093e-06,2.2087778896093368e-08,0.0003730150271768,4.67393675281232e-08,0.116908000783985,4.2055537314837174e-08,0.1735443668330173,1.0,0.1735443737227648,0.0982508556740108,0.3772864750306005,0.1263591470445892,0.0891265869140625,0.1263222195859319,8.077078405353949e-05,0.0727737560466264,8.480096670388411e-09,0.3772855155883965,0.0,0.1746142458233827,Syn
0.0,0.0,0.0,0.0,0.0,0.0,0.0,0.0,0.0,0.0,0.0,0.0059171596679687,0.0,0.0044378613800362,1.6929120262391391e-06,0.0014792878001077,1.3755225266197996e-06,0.0,0.0,1.6438836864088272e-06,1.40001468848744e-06,0.0,0.0038299560546875,0.0,0.0,0.0,2.5440290011165232e-08,0.0,0.0,0.0,Benign
0.2989130434782608,0.2064758329422806,0.1459229205311793,0.0115911485774499,0.0032280005994858,0.1102714794771416,0.1459229205311793,0.0136986301369863,0.1093454224224127,0.0015758925282228,0.0032280005994858,0.0,0.0059149525738036,0.0026360299531168,2.2133963419461e-06,0.002636036215646,7.4778406447149105e-06,0.0,7.486177082467727e-06,1.862511005803078e-06,8.850926194300654e-05,2.2191690624971974e-06,0.0,1.8690214242709608e-06,0.0012807938614204,0.0,0.0,8.851759315080832e-05,0.0,0.0,DrDoS_NTP
0.3172554347826087,0.2191459408728296,0.1548772815637744,0.0123024236037934,6.11800438295406e-05,0.1740036091863781,0.1548772815637744,0.0145392278953922,0.1160552551619698,0.0067501156336725,6.11800438295406e-05,0.0,5.328786102525844e-05,0.0106382894824716,0.0,0.0106382957540953,3.834790074212775e-07,0.0,3.918155043162396e-07,9.114602616847836e-07,3.833373551810848e-07,0.0,0.0,9.179706863444164e-07,1.1538683436219929e-05,0.0,0.0,3.916707661540191e-07,0.0,0.0,MSSQL
0.3505434782608695,0.2421398404504927,0.1711277886229285,0.0135932560590094,0.000135198726407,0.1602174559960227,0.1711277886229285,0.0160647571606475,0.1282323590226476,2.3378129405463506e-07,0.000135198726407,0.0,0.0001598635830757,3.249754095901097e-07,0.0254309659684436,3.313354831228378e-07,0.0250003136608185,0.0,0.0250003217889035,0.01952413025939,0.0249910955315772,0.0254972920290312,0.0,0.0195241366427101,3.461605030865978e-05,0.0,0.0,0.0249911032402139,0.0,0.0,TFTP
0.2989130434782608,0.2064758329422806,0.1459229205311793,0.0115911485774499,0.0057642867847961,0.1098421100732104,0.1459229205311793,0.0136986301369863,0.1093454224224127,0.0053358272666594,0.0057642867847961,0.0,0.0106042843440264,0.0089253753871085,7.501253782254961e-07,0.0089253816879639,2.042442539526369e-06,0.0,2.0507790225913817e-06,5.433101276673821e-07,4.667548970367948e-05,7.520817671942132e-07,0.0,5.498205547238309e-07,0.0022961980038077,0.0,0.0,4.668382195733649e-05,0.0,0.0,DrDoS_NTP
0.155570652173913,0.1074612857813233,0.0759462472764547,0.0060326659641728,3.0000492584507066e-05,0.0853251102862539,0.0759462472764547,0.0071295143212951,0.056909322124392,0.0031749112688553,3.0000492584507066e-05,0.0,5.328786102525844e-05,0.010204073239102,0.0,0.0102040799328622,4.001520077439417e-07,0.0,4.0848850449990937e-07,9.505228443367328e-07,4.0000419671069713e-07,0.0,0.0,9.570332687420511e-07,1.1538683436219929e-05,0.0,0.0,4.083376072669561e-07,0.0,0.0,DrDoS_NetBIOS
0.2989130434782608,0.2064758329422806,0.1459229205311793,0.0115911485774499,0.0057642867847961,0.1098421100732104,0.1459229205311793,0.0136986301369863,0.1093454224224127,0.0039775521420926,0.0057642867847961,0.0,0.0106042843440264,0.0066533515231117,2.5729436637626368e-06,0.0066533577573659,1.8915518866062577e-05,0.0,1.892385520846519e-05,7.310657520256979e-07,6.261732362675372e-05,2.579654113438161e-06,0.0,7.375761778597767e-07,0.0022961980038077,0.0,0.0,6.262565548186072e-05,0.0,0.0,DrDoS_NTP
0.2989130434782608,0.2064758329422806,0.1459229205311793,0.0115911485774499,0.004323215088597,0.1100242628849027,0.1459229205311793,0.0136986301369863,0.1093454224224127,0.0006889937384249,0.004323215088597,0.0,0.0079398912927635,0.0011524901466925,4.448930871985632e-06,0.0011524965396493,1.2504750241998178e-05,0.0,1.2513086637844163e-05,4.258651703985658e-06,0.0002711445114244,4.460534051311637e-06,0.0,4.265162106853632e-06,0.0017192638319967,0.0,0.0,0.0002711528380663,0.0,0.0,DrDoS_NTP
0.0292119565217391,0.020178320037541,0.0142606490519107,0.0026870389884088,5.633280266959842e-06,0.0206792297855331,0.0142606490519107,0.0013387297633872,0.0165509203783745,2.1761942954293315e-06,5.633280266959842e-06,2.209212493896484e-05,5.328786102525844e-05,2.2083644262648973e-05,0.0003837628320806,1.1043942472329298e-05,0.0003772849878014,0.0,3.334600036733954e-08,0.0002946881171682,0.0003772039574981,0.0,0.0,7.81251647952695e-08,1.1538683436219929e-05,0.0,2.5440290011165232e-08,3.3333682225873965e-08,2.3853962517555835e-05,0.0,Benign
0.2010869565217391,0.1389019239793524,0.143933062523936,0.0115911485774499,0.0013645638897826,0.1100822236988441,0.143933062523936,0.0136986301369863,0.1078847754652325,0.0057953210127123,0.0013645638897826,0.0,0.0025045294681871,0.0098280014312697,9.77449481618418e-07,0.00982800766644,2.95112105711157e-06,0.0,2.9594575326013844e-06,5.008875868272548e-07,1.0166773333063552e-05,9.79998750632406e-07,0.0,5.073980141598927e-07,0.0005423181215023,0.0,0.0,1.0175106499448027e-05,1.8930005815948505e-05,0.0,DrDoS_NTP
0.3057065217391304,0.2111684655091506,0.1492393505432516,0.0118545837723919,5.895293302632393e-05,0.1676694306935121,0.1492393505432516,0.0140099626400996,0.1118305456592857,0.0063688858695652,5.895293302632393e-05,0.0,5.328786102525844e-05,0.0104166582749184,0.0,0.0104166648942504,3.918155075826096e-07,0.0,4.001520044080745e-07,9.30991553010758e-07,3.916707759458909e-07,0.0,0.0,9.375019775432338e-07,1.1538683436219929e-05,0.0,0.0,4.000041867104876e-07,0.0,0.0,DrDoS_MSSQL
0.344429347826087,0.2379164711403097,0.1681430016120635,0.0133561643835616,6.642030454299162e-05,0.188907558581357,0.1681430016120635,0.0157845579078455,0.1259957481094619,0.344429347826087,6.642030454299162e-05,0.0,5.328786102525844e-05,0.4999999957599588,0.0,0.4999999989399897,0.0,0.0,8.336500091834885e-09,1.3020860689957046e-08,0.0,0.0,0.0,1.953129119881737e-08,1.1538683436219929e-05,0.0,0.0,8.333420556468491e-09,0.0,0.0,DrDoS_DNS
0.0543478260869565,0.0375410605349601,0.1367389558265448,0.0115911485774499,0.0007021949356024,0.1066205622226242,0.1367389558265448,0.0136986301369863,0.1027184296520827,0.0034384365890709,0.0007021949356024,0.0,0.0013321965256314,0.0061378574832041,1.2329359116554955e-06,0.006137863615648,3.1678700613062053e-06,0.0,3.1762065349890918e-06,8.208350818532161e-07,8.81675916916495e-06,1.2361515103896754e-06,0.0,8.27345507102858e-07,0.0002884670859054,0.0,0.0,8.825092369300132e-06,0.0002108497750753,0.0,DrDoS_NTP
0.2989130434782608,0.2064758329422806,0.1459229205311793,0.0115911485774499,0.0057642867847961,0.1098421100732104,0.1459229205311793,0.0136986301369863,0.1093454224224127,0.0011049981275304,0.0057642867847961,0.0,0.0106042843440264,0.0018483520398245,2.440375635741928e-06,0.0018483583575308,7.461167644392246e-06,0.0,7.469504082284057e-06,2.6484693495755646e-06,0.000225419031688,2.446740337046376e-06,0.0,2.65497976292652e-06,0.0022961980038077,0.0,0.0,0.000225427359473,0.0,0.0,DrDoS_NTP
0.0040760869565217,0.002815579540122,0.0019898580072433,0.0001580611169652,1.5720782140353049e-06,0.0018629936743723,0.0019898580072433,0.0001867995018679,0.0014910739421238,2.527306985865512e-10,1.5720782140353049e-06,0.0,0.0001598635830757,2.25215501910182e-08,0.2735372955757719,2.8881612527877834e-08,0.2689051753534874,1.0,0.2689051814482595,0.2100028206439888,0.2688058618881676,0.2742507034448179,0.0891265869140625,0.2100028257872106,3.461605030865978e-05,0.0,0.0,0.2688058635013713,0.0,0.2705629370134309,Syn
0.2241847826086956,0.1548568747067104,0.1159092289219254,0.0097207586933614,9.15735559675565e-05,0.1073084356438477,0.1159092289219254,0.0114881693648816,0.0858858605831302,4.375861650354156e-06,9.15735559675565e-05,0.0,0.0001598635830757,9.206496174998506e-06,0.0009202269060387,9.212856309694916e-06,0.0009046436515071,0.0,0.0009046519804656,0.0007064988907038,0.0009043261545552,0.0009226269338473,0.0,0.0007065053965348,3.461605030865978e-05,0.0,0.0,0.0009043344653674,1.0422830888295866e-05,0.0,UDP
0.2241847826086956,0.1548568747067104,0.1159092289219254,0.0097207586933614,9.15735559675565e-05,0.1073084356438477,0.1159092289219254,0.0114881693648816,0.0858858605831302,4.388519402203045e-06,9.15735559675565e-05,0.0,0.0001598635830757,9.233151698431363e-06,0.0009175598919967,9.23951150689498e-06,0.0009020259904564,0.0,0.0009020343194368,0.0007044611514068,0.0009017177938558,0.0009199529640123,0.0,0.0007044676572511,3.461605030865978e-05,0.0,0.0,0.0009017261047332,1.0422830888295866e-05,0.0,UDP
0.2989130434782608,0.2064758329422806,0.1459229205311793,0.0115911485774499,0.0005187858106316,0.1153676116487803,0.1459229205311793,0.0136986301369863,0.1093454224224127,0.0002084954964972,0.0005187858106316,0.0,0.0009058936374293,0.0003487476261068,4.506347351359874e-05,0.0003487539842344,0.0001055651015429,0.0,0.0001055734371629,1.481773968577862e-05,0.0001075177947075,4.518100277608368e-05,0.0,1.4824250019902384e-05,0.0001961576184157,0.0,0.0,0.0001075261254401,0.0,0.0,DrDoS_NTP
0.0040760869565217,0.002815579540122,0.0019898580072433,0.0001580611169652,3.930195535088261e-06,0.001596851670128,0.0019898580072433,0.0001867995018679,0.0014910739421238,5.502985669717154e-10,3.930195535088261e-06,3.857330977916717e-08,0.0004795907492273,5.902320902246876e-08,0.0914746204804822,4.6096616755176574e-08,0.1101026419077613,1.0,0.1101026493263907,0.0778987813613536,0.4320822249293432,0.1006258240824822,0.0891265869140625,0.1125203643007684,0.0001038481509259,0.003173485695569,0.3276874884925088,0.4320817891227261,0.0,0.1107814137841,Syn
0.2989130434782608,0.2064758329422806,0.1459229205311793,0.0115911485774499,0.0010375716212633,0.1123316202726459,0.1459229205311793,0.0136986301369863,0.1093454224224127,0.0281698156157523,0.0010375716212633,0.0,0.001865075135884,0.0471204107676701,1.916515362893449e-07,0.0471204159486256,3.584695069372811e-07,0.0,3.66806004040735e-07,1.0007461578211505e-07,1.5833499453131762e-06,1.9215137933201215e-07,0.0,1.0658504572421792e-07,0.0004038539202676,0.0,0.0,1.591683326285482e-06,0.0,0.0,DrDoS_NTP
0.2989130434782608,0.2064758329422806,0.1459229205311793,0.0115911485774499,0.0053031438420124,0.1098896249021124,0.1459229205311793,0.0136986301369863,0.1093454224224127,0.0007588928443303,0.0053031438420124,0.0,0.0097516785676222,0.0012694122884713,1.2683250305903597e-05,0.0012694186590378,6.412435924096666e-05,0.0,6.413269520648578e-05,3.861005329526623e-06,0.0003019698348335,1.2716329270708982e-05,0.0,3.867515734983447e-06,0.0021115790688282,0.0,0.0,0.0003019781607047,0.0,0.0,DrDoS_NTP
0.3505434782608695,0.2421398404504927,0.1711277886229285,0.0135932560590094,0.000135198726407,0.1602174559960227,0.1711277886229285,0.0160647571606475,0.1282323590226476,2.3372486778238586e-07,0.000135198726407,0.0,0.0001598635830757,3.248949256042035e-07,0.0254371055398792,3.31254987049898e-07,0.0250063492869353,0.0,0.02500635741497,0.0195288434041281,0.024997128928211,0.0255034476129764,0.0,0.0195288497874175,3.461605030865978e-05,0.0,0.0,0.0249971366366968,0.0,0.0,TFTP
0.218070652173913,0.1506335053965274,0.1200879327613247,0.0105637513171759,0.0004743746010851,0.0939321395457461,0.1200879327613247,0.0124844333748443,0.0894999372045275,2.487467177248901e-06,0.0004743746010851,0.0,0.0010124693594799,5.047515106688087e-06,0.0008279051545969,5.053874977635604e-06,0.000924226090386,0.0,0.0009242344191813,0.0010165714919723,0.0082411197964151,0.0008300643996492,0.0,0.0010165779957846,0.0002192349852881,0.0,0.0,0.0082411279238056,2.1533861036504905e-05,0.0,UDP
0.0,0.0,0.0352883947013229,0.0769230769230769,0.0002927340641051,0.0423675811446846,0.0352883947013229,0.0487235367372353,0.0418635876054478,3.99612919382237e-08,0.0002927340641051,1.638164073228836e-07,0.0015453479697324,1.639582385117827e-07,0.0513242064148592,8.841009945725346e-08,0.0834506341429783,1.0,0.0836221402636815,0.0286747734003992,0.9665393072748988,0.0658135228577743,0.1250152587890625,0.0552514056084337,0.000473086020885,0.0009236250703234,0.0850644602676264,0.9665393164448456,0.0059164453471092,0.0839651010630413,Benign
0.3505434782608695,0.2421398404504927,0.1711277886229285,0.0135932560590094,0.000135198726407,0.1602174559960227,0.1711277886229285,0.0160647571606475,0.1282323590226476,2.3383985341685345e-07,0.000135198726407,0.0,0.0001598635830757,3.2505893612297445e-07,0.025424584045504,3.314189892303452e-07,0.0249940446126972,0.0,0.0249940527408344,0.0195192401123242,0.0249848371325829,0.0254908934615092,0.0,0.0195192464956762,3.461605030865978e-05,0.0,0.0,0.024984844841376,0.0,0.0,TFTP
0.2989130434782608,0.2064758329422806,0.1459229205311793,0.0115911485774499,0.0017869289032867,0.1110584608870482,0.1459229205311793,0.0136986301369863,0.1093454224224127,0.0071499261943102,0.0017869289032867,0.0,0.0032505595225407,0.0119598681645481,4.601865078298394e-07,0.0119598748584596,8.586595166172083e-07,0.0,8.66996009550828e-07,4.084494533830358e-07,1.0791779890424016e-05,4.613867122671303e-07,0.0,4.149598813174857e-07,0.0007038596896094,0.0,0.0,1.0800113041183164e-05,0.0,0.0,DrDoS_NTP
0.2989130434782608,0.2064758329422806,0.1459229205311793,0.0115911485774499,0.0002882143392398,0.1202251917861627,0.1459229205311793,0.0136986301369863,0.1093454224224127,0.0002166036546943,0.0002882143392398,0.0,0.0004795907492273,0.0003623103635697,1.5752770664865685e-05,0.0003623167284038,2.2917038943501992e-05,0.0,2.2925375252545933e-05,1.4967479983309564e-05,5.749226985639791e-05,1.579385519239944e-05,0.0,1.4973990316458457e-05,0.0001038481509259,0.0,0.0,5.750060183963259e-05,0.0,0.0,DrDoS_NTP
0.3505434782608695,0.2421398404504927,0.1711277886229285,0.0135932560590094,0.000135198726407,0.1602174559960227,0.1711277886229285,0.0160647571606475,0.1282323590226476,2.336915236236624e-07,0.000135198726407,0.0,0.0001598635830757,3.248473649432954e-07,0.0254407334684548,3.312074225432664e-07,0.0250099173090044,0.0,0.0250099254370093,0.0195316302752591,0.0250006956322983,0.0255070850034895,0.0,0.0195316366585304,3.461605030865978e-05,0.0,0.0,0.0250007033406949,0.0,0.0,TFTP
0.2241847826086956,0.1548568747067104,0.1192256589339977,0.0102476290832455,9.4193686324282e-05,0.1097924272096775,0.1192256589339977,0.0121108343711083,0.0878739591726287,4.520351363705133e-06,9.4193686324282e-05,0.0,0.0001598635830757,9.245980646080075e-06,0.0009163006280737,9.252340333826476e-06,0.0009007838519324,0.0,0.0009007921809231,0.0007034845868405,0.0009004677807411,0.000918690415825,0.0,0.0007034910926911,3.461605030865978e-05,0.0,0.0,0.0009004760916497,2.3853962517555835e-05,0.0,DrDoS_UDP
0.2989130434782608,0.2064758329422806,0.1459229205311793,0.0115911485774499,0.0018445717711347,0.1110033730980196,0.1459229205311793,0.0136986301369863,0.1093454224224127,0.0070280803756828,0.0018445717711347,0.0,0.0033571352445912,0.0117560533389339,1.1657276241460083e-06,0.01175605942834,4.785151092604636e-06,0.0,4.793487552805059e-06,4.154274584173559e-07,1.133345224013642e-05,1.1687679381129924e-06,0.0,4.2193788630637593e-07,0.0007269370564818,0.0,0.0,1.1341785377353616e-05,0.0,0.0,DrDoS_NTP
0.218070652173913,0.1506335053965274,0.1154117644201146,0.0103530031612223,0.000136770804621,0.0997322613680668,0.1154117644201146,0.0122353673723536,0.0855237400255307,3.2509746446896464e-06,0.000136770804621,0.0,0.0002664393051262,6.867144511769378e-06,0.0008775714348316,6.873504650682709e-06,0.0009162480597316,0.0,0.0009162563885934,0.0008521905747031,0.0018180274074708,0.0008798602136467,0.0,0.0008521970795856,5.7693417181099634e-05,0.0,0.0,0.0018180356954402,2.581478814643425e-05,0.0,DrDoS_UDP
0.0,0.0,0.0101980222871221,0.0012118018967334,8.056900846930936e-06,0.0104948643656309,0.0101980222871221,0.0014321295143212,0.0083997163510309,7.342687399709636e-05,8.056900846930936e-06,0.0,0.0001065757220505,0.0017574607791092,4.787024021887048e-06,0.0017574671219865,4.710122591152648e-06,0.0,4.718459051978545e-06,3.697924590198429e-06,4.733382994409916e-06,4.799508976084382e-06,0.0050506591796875,3.704434996716979e-06,3.461605030865978e-05,0.0,0.0,4.741716296630572e-06,9.11854992143317e-06,0.0,Benign
0.0543478260869565,0.0375410605349601,0.1326572004828903,0.0115911485774499,0.0004716234642105,0.1054316453854611,0.1326572004828903,0.0136986301369863,0.0999281113184743,0.0002486176856676,0.0004716234642105,0.0,0.0009058936374293,0.0004574480654253,1.88688776355212e-05,0.0004574544239179,3.528840518291886e-05,0.0,3.5296741388828905e-05,1.1295213359301814e-05,8.196752664263369e-05,1.891808922751604e-05,0.0,1.1301723716358742e-05,0.0001961576184157,0.0,0.0,8.197585801398054e-05,0.000294301896391,0.0,DrDoS_NTP
0.2989130434782608,0.2064758329422806,0.1459229205311793,0.0115911485774499,0.0022480718460704,0.1106968539361411,0.1459229205311793,0.0136986301369863,0.1093454224224127,0.0013929512122896,0.0022480718460704,0.0,0.0041031652989449,0.0023300190220518,1.9212335785185523e-06,0.0023300254728097,5.552109107447191e-06,0.0,5.560445561253868e-06,2.1163125906201214e-06,6.97340649598982e-05,1.926244314441438e-06,0.0,2.1228230074356468e-06,0.0008884786245889,0.0,0.0,6.97423966370848e-05,0.0,0.0,DrDoS_NTP
0.2989130434782608,0.2064758329422806,0.1459229205311793,0.0115911485774499,0.001441071696199,0.1114815384422256,0.1459229205311793,0.0136986301369863,0.1093454224224127,0.0034708899614289,0.001441071696199,0.0,0.0026111051902376,0.0058058438682691,2.7012298670498526e-06,0.0058058504313504,7.936348153588177e-06,0.0,7.944684587518646e-06,8.516705669908343e-07,1.793352148586292e-05,2.708274897743744e-06,0.0,8.581809920397238e-07,0.0005653954883747,0.0,0.0,1.794185445807666e-05,0.0,0.0,DrDoS_NTP
0.0,0.0,0.0,0.0,0.0,0.0,0.0,0.0,0.0,0.0,0.0,5.565050840377807e-07,0.0,3.3933560324855896e-07,0.0208671474881338,6.744311508119521e-08,0.0341468381968266,1.0,1.667300018366977e-08,0.015598366337689,0.0598982450990881,0.0,0.1250152587890625,3.906258239763474e-08,1.1538683436219929e-05,0.0,0.0347350271681945,1.6666841112936986e-08,0.0,0.0,Benign
0.25,0.1726888784608165,0.1447290037026451,0.0115911485774499,0.001143424887675,0.1111337811391175,0.1447290037026451,0.0136986301369863,0.1084725956918059,0.0015129746940767,0.001143424887675,0.0,0.002078226579985,0.0025516628862867,7.02690537164425e-06,0.0025516692721077,2.420085996834714e-05,0.0,2.4209196266688507e-05,1.9561340075866715e-06,3.265034255651066e-05,7.045232121481491e-06,0.0,1.9626444254450283e-06,0.0004500086540125,0.0,0.0,3.2658675160800014e-05,5.631848592892524e-06,0.0,DrDoS_NTP
0.3505434782608695,0.2421398404504927,0.1711277886229285,0.0135932560590094,0.0002027980896105,0.1495362922629545,0.1711277886229285,0.0160647571606475,0.1282323590226476,1.7500296374528266e-07,0.0002027980896105,0.0,0.0002664393051262,2.4113655014332875e-07,0.0241718525971738,2.474966177841556e-07,0.0250638127825474,0.0,0.025063820910103,0.0234735392506525,0.050077308727764,0.0242348947860495,0.0,0.0234735456082602,5.7693417181099634e-05,0.0,0.0,0.0500773158092388,0.0,0.0,TFTP
0.2989130434782608,0.2064758329422806,0.1459229205311793,0.0115911485774499,0.0057642867847961,0.1098421100732104,0.1459229205311793,0.0136986301369863,0.1093454224224127,0.0058370053403292,0.0057642867847961,0.0,0.0106042843440264,0.0097637096265381,8.9188958017559e-07,0.0097637156741162,3.6847330713087967e-06,0.0,3.693069540682854e-06,4.961013609775885e-07,4.26671143158077e-05,8.942157018968642e-07,0.0,5.026117883413867e-07,0.0022961980038077,0.0,0.0,4.2675446669675145e-05,0.0,0.0,DrDoS_NTP
0.0,0.0,0.0,0.0001580611169652,0.0,0.0011923159989766,0.0,0.0,0.0009940492947492,7.214313197383609e-05,0.0,0.017699115234375,0.0,0.0110619385163786,4.803624637328548e-07,0.0022123872889666,5.251995101639235e-07,0.0,0.0,5.452485493227619e-07,9.333431256582934e-07,0.0,0.0009765625,0.0,0.0,0.0,4.070446401786437e-07,0.0,2.192837676538211e-07,0.0,Benign
0.0040760869565217,0.002815579540122,0.0019898580072433,0.0001580611169652,3.930195535088262e-07,0.0019871932526638,0.0019898580072433,0.0001867995018679,0.0014910739421238,1.1139284424250492e-07,3.930195535088262e-07,1.821891784667969e-05,0.0,1.3655708927188889e-05,0.0005700024181355,4.55260945075504e-06,0.0004575404748545,0.0,0.0,0.0005360102487194,0.0004573964655179,0.0,0.8375396728515625,0.0,0.0,0.0,2.5440290011165232e-08,0.0,0.0,0.0,Benign
0.2989130434782608,0.2064758329422806,0.1459229205311793,0.0115911485774499,0.0005764286784796,0.1147604103413372,0.1459229205311793,0.0136986301369863,0.1093454224224127,0.0102719258927237,0.0005764286784796,0.0,0.0010124693594799,0.0171821222498158,2.8472834578048746e-07,0.0171821287757808,4.251615082279381e-07,0.0,4.33498004775414e-07,2.9262671056009426e-07,2.4166920217937955e-06,2.854709408331756e-07,0.0,2.991371392486001e-07,0.0002192349852881,0.0,0.0,2.425025381932331e-06,0.0,0.0,DrDoS_NTP
0.2989130434782608,0.2064758329422806,0.1459229205311793,0.0115911485774499,0.0041502864850532,0.1100546229502748,0.1459229205311793,0.0136986301369863,0.1093454224224127,0.0009231251235495,0.0041502864850532,0.0,0.0076201641266119,0.001544128103313,1.163030646071527e-05,0.0015441344799327,5.1602935998645817e-05,0.0,5.1611272068549775e-05,3.1777728281483955e-06,0.0001942770382899,1.1660639260968432e-05,0.0,3.1842832380533573e-06,0.0016500317313794,0.0,0.0,0.0001942853668535,0.0,0.0,DrDoS_NTP
0.0040760869565217,0.002815579540122,0.0019898580072433,0.0001580611169652,7.860391070176523e-07,0.0018629936743723,0.0019898580072433,0.0001867995018679,0.0014910739421238,7.027736131934035e-05,7.860391070176523e-07,0.008620689453125,5.328786102525844e-05,0.0086206812481941,5.033353891316994e-07,0.0043103426156799,5.58545510809252e-07,1.0,8.336500091834885e-09,7.486995254703174e-07,9.58343387952712e-07,0.0,0.0891265869140625,1.953129119881737e-08,1.1538683436219929e-05,0.0,3.985645435082554e-07,8.333420556468491e-09,0.0,0.0,Syn
0.0040760869565217,0.002815579540122,0.0019898580072433,0.0001580611169652,2.358117321052957e-06,0.0016766943069351,0.0019898580072433,0.0001867995018679,0.0014910739421238,6.6680603801936e-10,2.358117321052957e-06,4.0897436439991e-08,0.0002664393051262,7.331479225884029e-08,0.087936332585461,5.9226134219038955e-08,0.1092300854453752,1.0,0.1092300928712787,0.0682239366717408,0.2037638794893689,0.0990331845468806,0.0891265869140625,0.095513326473423,5.7693417181099634e-05,0.0178153596608637,8.480096670388411e-09,0.2037634660576114,0.0,0.1099034781640659,Syn
0.0,0.0,0.0,0.0,0.0,0.0,0.0,0.0,0.0,0.0,0.0,9.754863381385803e-07,0.0,6.41844158488642e-07,0.0115728103306602,1.6046103613010256e-07,0.0168052005422226,1.0,2.5009500275504656e-08,0.00858089604519,0.0256285022190357,0.0,0.9802398681640624,5.859387359645212e-08,1.1538683436219929e-05,0.0,0.0170946791938725,2.5000261669405472e-08,0.0,0.0,Benign
0.0217391304347826,0.015016424213984,0.0106125760386312,0.0026870389884088,4.1922085707608124e-06,0.0186299367437235,0.0106125760386312,0.0009962640099626,0.014910739421238,4.346891829608069e-06,4.1922085707608124e-06,4.775093078613281e-05,5.328786102525844e-05,4.77424514656573e-05,0.0001775267224479,2.387334542311188e-05,0.0001745329673776,0.0,2.5009500275504656e-08,0.0001363349207066,0.0001745101642358,0.0,0.0,5.859387359645212e-08,1.1538683436219929e-05,0.0,1.6960193340776826e-08,2.5000261669405472e-08,3.3577825587728444e-05,0.0,Benign
0.0,0.0,0.0,0.0,0.0,0.0,0.0,0.0,0.0,0.0,0.0,0.0,0.0,1.5766419113115358e-07,0.039522279359078,1.640242465058131e-07,0.0501486752280022,1.0,0.0501486831464378,0.0352668576609942,0.0752365976906374,0.0396253567293432,0.9802398681640624,0.0352668639418223,5.7693417181099634e-05,0.0,0.0,0.0752366041431233,0.0,0.0504578414085594,Benign
0.2989130434782608,0.2064758329422806,0.1459229205311793,0.0115911485774499,0.0047843580313807,0.1099540367561617,0.1459229205311793,0.0136986301369863,0.1093454224224127,0.0021664148278637,0.0047843580313807,0.0,0.0087924970691676,0.0036238127172563,5.389811710178743e-06,0.0036238189325838,3.432970766436567e-05,0.0,3.433804387826789e-05,1.3490795326592189e-06,9.542600117779569e-05,5.403868784475044e-06,0.0,1.3555899544697617e-06,0.0019038827669762,0.0,0.0,9.543433221267716e-05,0.0,0.0,DrDoS_NTP
0.2010869565217391,0.1389019239793524,0.1220446244442591,0.0115911485774499,9.642079712749868e-05,0.1097924272096775,0.1220446244442591,0.0136986301369863,0.0878739591726287,0.0005841121495327,9.642079712749868e-05,0.0,0.0001598635830757,0.0011682158288896,7.208088078985362e-06,0.0011682221256201,7.094361637293633e-06,0.0,7.102698078243322e-06,5.566418226391274e-06,7.125074753909292e-06,7.226887368294341e-06,0.0,5.572928620745125e-06,3.461605030865978e-05,0.0,0.0,7.1334079963370284e-06,0.0001420958713319,0.0,DrDoS_NTP
0.3505434782608695,0.2421398404504927,0.1711277886229285,0.0135932560590094,0.000135198726407,0.1602174559960227,0.1711277886229285,0.0160647571606475,0.1282323590226476,2.338197325119661e-07,0.000135198726407,0.0,0.0001598635830757,3.250302365374654e-07,0.0254262621460698,3.3139028959382494e-07,0.0249958619697324,0.0,0.0249958700978545,0.0195209198033783,0.0249869871551402,0.0254925759387,0.0,0.0195209261867193,3.461605030865978e-05,0.0,0.0,0.0249869948638795,0.0,0.0,TFTP
0.3505434782608695,0.2421398404504927,0.1711277886229285,0.0135932560590094,0.000135198726407,0.1602174559960227,0.1711277886229285,0.0160647571606475,0.1282323590226476,2.337298546426425e-07,0.000135198726407,0.0,0.0001598635830757,3.2490203864525e-07,0.0254365620849914,3.312621098049637e-07,0.025005815750925,0.0,0.0250058238789641,0.0195284271434817,0.024996595589282,0.0255029027407133,0.0,0.0195284335267738,3.461605030865978e-05,0.0,0.0,0.0249966032977811,0.0,0.0,TFTP
0.0,0.0,0.001193914772718,0.0001580611169652,1.1790586605264784e-06,0.0006387406798958,0.001193914772718,0.0001867995018679,0.0005591527282964,1.073640139233547e-09,1.1790586605264784e-06,1.755998134613037e-07,0.0001598635830757,2.988195866924999e-07,0.0337526060865067,2.1737974672097098e-07,0.0470148347603545,1.0,0.0470148427049155,0.0185376853010917,0.0474568812351122,0.0413918988745354,0.1250152587890625,0.0278065381466039,4.615473374487971e-05,0.0,8.480096670388411e-09,0.0474568883820984,2.202627136286297e-07,0.0,Benign
0.0163043478260869,0.011262318160488,0.0079594320289734,0.0023182297154899,3.1441564280706093e-06,0.0154007477081448,0.0079594320289734,0.0007471980074719,0.0123262108756904,1.685689268709465e-06,3.1441564280706093e-06,2.2154773712158203e-05,5.328786102525844e-05,2.2146293351338305e-05,0.0003827028311249,1.1075266858992386e-05,0.000376234588781,0.0,2.5009500275504656e-08,0.0002938547947873,0.0003761372796402,0.0,0.0,5.859387359645212e-08,1.1538683436219929e-05,0.0,1.6960193340776826e-08,2.5000261669405472e-08,2.80683222596891e-05,0.0,Benign
0.0040760869565217,0.002815579540122,0.010695486788933,0.0012118018967334,8.449920400439762e-06,0.0108674631005054,0.010695486788933,0.0014321295143212,0.0086979313290555,0.0001659770256916,8.449920400439762e-06,0.0,0.0001598635830757,0.0037878703399178,2.175158896271874e-06,0.0037878767942598,2.1508170416236866e-06,0.0,2.159153523785235e-06,1.712243206049738e-06,2.1916896611440284e-06,2.180831890405122e-06,0.24688720703125,1.7187536254959289e-06,3.461605030865978e-05,0.0,0.0,2.2000230269076818e-06,6.966827757998079e-06,0.0,Benign
0.0,0.0,0.0,0.0,0.0,0.0,0.0,0.0,0.0,0.0,0.0,9.66448426246643e-07,0.0,6.35818891928025e-07,0.0116236031667145,1.589547224453067e-07,0.0168065927377495,1.0,8.336500091834885e-09,0.0086611415763084,0.0258681714002316,0.0,0.1250152587890625,1.953129119881737e-08,1.1538683436219929e-05,0.0,0.0170960953700164,8.333420556468491e-09,0.0,0.0,Benign
0.218070652173913,0.1506335053965274,0.1154117644201146,0.0103530031612223,0.000136770804621,0.0997322613680668,0.1154117644201146,0.0122353673723536,0.0855237400255307,3.256781742616314e-06,0.000136770804621,0.0,0.0002664393051262,6.87942619024717e-06,0.0008761079737015,6.885786068555426e-06,0.0009204413193128,0.0,0.0009204496481396,0.0008506711012732,0.0018147857067933,0.0008783929356891,0.0,0.0008506776061656,5.7693417181099634e-05,0.0,0.0,0.0018147939948438,2.581478814643425e-05,0.0,UDP
0.2989130434782608,0.2064758329422806,0.1459229205311793,0.0115911485774499,0.0016716431675908,0.1111800375982688,0.1459229205311793,0.0136986301369863,0.1093454224224127,0.0346739130434782,0.0016716431675908,0.0,0.0030374080784397,0.0579999920117623,1.6084486630185946e-07,0.0579999980029406,4.91853509518595e-07,0.0,5.001900055100931e-07,7.915312699428773e-08,2.0750217704367416e-06,1.6126436300366696e-07,0.0,8.566355707259853e-08,0.0006577049558645,0.0,0.0,2.083355139117123e-06,0.0,0.0,DrDoS_NTP
0.2241847826086956,0.1548568747067104,0.1192256589339977,0.0102476290832455,9.4193686324282e-05,0.1097924272096775,0.1192256589339977,0.0121108343711083,0.0878739591726287,4.52198345590529e-06,9.4193686324282e-05,0.0,0.0001598635830757,9.249322008721253e-06,0.0009159698618756,9.255682008638248e-06,0.0009004587284261,0.0,0.0009004670574195,0.0007032306800533,0.0009001427773313,0.0009183587869613,0.0,0.0007032371859055,3.461605030865978e-05,0.0,0.0,0.000900151088248,2.3853962517555835e-05,0.0,UDP
0.2010869565217391,0.1389019239793524,0.1443823817084634,0.0115911485774499,0.0017680639647183,0.1099046040504709,0.1443823817084634,0.0136986301369863,0.1082093628352732,0.0233294612235866,0.0017680639647183,0.0,0.0032505595225407,0.0394401954167147,1.8759101667546813e-07,0.0394402010885934,3.834790074212775e-07,0.0,3.918155043162396e-07,1.193223187840787e-07,3.266700939804027e-06,1.8808026954746465e-07,0.0,1.2583274860087077e-07,0.0007038596896094,0.0,0.0,3.275034278692117e-06,1.4794075027998082e-05,0.0,DrDoS_NTP
0.3505434782608695,0.2421398404504927,0.1711277886229285,0.0135932560590094,0.0002027980896105,0.1495362922629545,0.1711277886229285,0.0160647571606475,0.1282323590226476,1.749572243601101e-07,0.0002027980896105,0.0,0.0002664393051262,2.410713094693511e-07,0.0241781647522562,2.474313655991494e-07,0.025061311832499,0.0,0.0250613199600755,0.0234796769589517,0.0500904005317855,0.0242412234037539,0.0,0.0234796833165194,5.7693417181099634e-05,0.0,0.0,0.050090407612933,0.0,0.0,TFTP
0.0543478260869565,0.0375410605349601,0.1260243404587458,0.0115911485774499,0.0002986948606667,0.1034996460493951,0.1260243404587458,0.0136986301369863,0.0955816635400386,0.0002496233752583,0.0002986948606667,0.0,0.0005861664712778,0.0004834725876758,1.5289432628695294e-05,0.0004834789295884,2.916941406450108e-05,0.0,2.91777503214221e-05,1.1010912907290767e-05,5.170054242485761e-05,1.532930873234544e-05,0.0,1.1017423266198612e-05,0.0001269255177984,0.0,0.0,5.170887455288699e-05,0.0004174825582183,0.0,DrDoS_NTP
0.3505434782608695,0.2421398404504927,0.1711277886229285,0.0135932560590094,0.000135198726407,0.1602174559960227,0.1711277886229285,0.0160647571606475,0.1282323590226476,2.3599534817677973e-07,0.000135198726407,0.0,0.0001598635830757,3.281334403027398e-07,0.0251923782567048,3.344934862213449e-07,0.0247657662287794,0.0,0.0247657743588197,0.0193409584851007,0.0247566347383594,0.0252580820608258,0.0,0.0193409648696133,3.461605030865978e-05,0.0,0.0,0.0247566424528576,0.0,0.0,TFTP
0.1521739130434782,0.1051149694978883,0.1315959388306507,0.0115911485774499,0.0002599169313871,0.1094943451895617,0.1315959388306507,0.0136986301369863,0.0995856636419675,4.893711738277982e-05,0.0002599169313871,0.0,0.0004795907492273,9.076198034891688e-05,6.0869608198163134e-05,9.076834220799706e-05,9.675342087242056e-05,0.0,9.676175656592752e-05,5.976358025416688e-05,0.0002295107412835,6.102836116595463e-05,0.0,5.977009029567386e-05,0.0001038481509259,0.0,0.0,0.0002295190689662,0.0001743903926134,0.0,DrDoS_NTP
0.3505434782608695,0.2421398404504927,0.1711277886229285,0.0135932560590094,0.000135198726407,0.1602174559960227,0.1711277886229285,0.0160647571606475,0.1282323590226476,2.335565303340108e-07,0.000135198726407,0.0,0.0001598635830757,3.246548163734773e-07,0.0254554379623626,3.310148697379113e-07,0.0250243728002841,0.0,0.0250243809281685,0.0195429193616455,0.0250151457839045,0.0255218278479324,0.0,0.0195429257448433,3.461605030865978e-05,0.0,0.0,0.0250151534919398,0.0,0.0,TFTP
0.25,0.1726888784608165,0.1399533465094493,0.0115911485774499,0.0002211390021076,0.1184863976900819,0.1399533465094493,0.0136986301369863,0.1053692252434158,0.0001843335686279,0.0002211390021076,0.0,0.0003730150271768,0.000321483244232,3.450369092068867e-05,0.0003214896103973,5.181134850267912e-05,0.0,5.181968457084565e-05,1.7351227359504372e-05,5.183387715709451e-05,3.459367939762427e-05,0.0,1.735773767713404e-05,8.077078405353949e-05,0.0,0.0,5.184220928179048e-05,2.302479468872808e-05,0.0,DrDoS_NTP
0.2004076086956521,0.1384326607226654,0.1128138908703442,0.0098788198103266,0.0002673843029038,0.0906035923636423,0.1128138908703442,0.0116749688667496,0.0836721912525603,0.0010040180398576,0.0002673843029038,0.0,0.0005861664712778,0.0021723304232052,2.240609965941898e-06,0.0021723367517723,3.151197060983541e-06,0.0,3.159533534805421e-06,2.4455544438362214e-06,1.1500120655432544e-05,2.246453661873018e-06,0.0,2.45206485850824e-06,0.0001269255177984,0.0,0.0,1.1508453788482987e-05,2.4130292309305136e-05,0.0,UDP
0.2241847826086956,0.1548568747067104,0.1192256589339977,0.0102476290832455,9.4193686324282e-05,0.1097924272096775,0.1192256589339977,0.0121108343711083,0.0878739591726287,4.486429940908414e-06,9.4193686324282e-05,0.0,0.0001598635830757,9.176533727053374e-06,0.0009232288746453,9.182893769958544e-06,0.0009075947725642,0.0,0.0009076031014981,0.0007088035830803,0.0009072761855059,0.0009256367318361,0.0,0.0007088100888962,3.461605030865978e-05,0.0,0.0,0.0009072844962443,2.3853962517555835e-05,0.0,UDP
0.0285326086956521,0.019709056780854,0.0139290060507034,0.0015279241306638,5.502273749123566e-06,0.0150281489732703,0.0139290060507034,0.0013075965130759,0.0120279968456651,3.2712853377327326e-06,5.502273749123566e-06,4.81533203125e-05,5.328786102525844e-05,4.814484049733812e-05,0.0001760427067661,2.407454018672201e-05,0.0001730740798494,0.0,1.667300018366977e-08,0.0001351956017371,0.0001730518156019,0.0,0.0,3.906258239763474e-08,1.1538683436219929e-05,0.0,2.5440290011165232e-08,1.6666841112936986e-08,1.7542701412305688e-06,0.0,Benign
0.1521739130434782,0.1051149694978883,0.1379634885022059,0.0115911485774499,0.000490488402779,0.1094060318907888,0.1379634885022059,0.0136986301369863,0.1036950357600497,0.0099744245524296,0.000490488402779,0.0,0.0009058936374293,0.0176470504930954,5.03210385847475e-07,0.0176470565111415,9.503610183918616e-07,0.0,9.586975105610118e-07,2.864589392535999e-07,2.1166888742607727e-06,5.045228001136671e-07,0.0,2.929693679822606e-07,0.0001961576184157,0.0,0.0,2.125022241899465e-06,0.0001059486822546,0.0,DrDoS_NTP
0.2989130434782608,0.2064758329422806,0.1459229205311793,0.0115911485774499,0.0024786433174623,0.1105665065393685,0.1459229205311793,0.0136986301369863,0.1093454224224127,0.0007103603885025,0.0024786433174623,0.0,0.0045294681871469,0.0011882307253072,1.4154308229030265e-05,0.0011882370182407,5.1444542495580505e-05,0.0,5.1452878566804914e-05,4.151127081486863e-06,0.0001507765818976,1.4191223834451593e-05,0.0,4.157637485054869e-06,0.0009807880920786,0.0,0.0,0.0001507849115487,0.0,0.0,DrDoS_NTP
0.2989130434782608,0.2064758329422806,0.1459229205311793,0.0115911485774499,0.0057642867847961,0.1098421100732104,0.1459229205311793,0.0136986301369863,0.1093454224224127,0.0367666720145462,0.0057642867847961,0.0,0.0106042843440264,0.0615006070475979,1.6555644235314807e-07,0.0615006112916119,3.751425072599453e-07,0.0,3.8347900422440473e-07,7.32832398435729e-08,6.766737661022627e-06,1.659882272346114e-07,0.0,7.979366996009919e-08,0.0022961980038077,0.0,0.0,6.775070912408883e-06,0.0,0.0,DrDoS_NTP
0.2241847826086956,0.1548568747067104,0.1159092289219254,0.0097207586933614,9.15735559675565e-05,0.1073084356438477,0.1159092289219254,0.0114881693648816,0.0858858605831302,4.447292747759633e-06,9.15735559675565e-05,0.0,0.0001598635830757,9.356920461511402e-06,0.0009054587833861,9.363280313614892e-06,0.000890121468226,0.0,0.0008901297973056,0.0006951512104434,0.0008898010021621,0.0009078202947106,0.0,0.0006951577163483,3.461605030865978e-05,0.0,0.0,0.0008898093133374,1.0422830888295866e-05,0.0,DrDoS_UDP
0.3505434782608695,0.2421398404504927,0.1711277886229285,0.0135932560590094,0.000270397452814,0.1441957103964204,0.1711277886229285,0.0160647571606475,0.1282323590226476,1.5574682983364576e-07,0.000270397452814,0.0,0.0003730150271768,2.1367043642404801e-07,0.0235607394117949,2.2003049939020301e-07,0.0250312504129172,0.0,0.0250312585407443,0.0251197585541764,0.0750249871371567,0.0236221877669874,0.0,0.0251197649010665,8.077078405353949e-05,0.0,0.0,0.0750249935949329,0.0,0.0,TFTP
0.2241847826086956,0.1548568747067104,0.1159092289219254,0.0097207586933614,9.15735559675565e-05,0.1073084356438477,0.1159092289219254,0.0114881693648816,0.0858858605831302,4.3246917701226985e-06,9.15735559675565e-05,0.0,0.0001598635830757,9.09873928753149e-06,0.0009311153391309,9.105099694781412e-06,0.0009153477177142,0.0,0.0009153560465835,0.0007148582833913,0.0009150262668172,0.0009335437648728,0.0,0.0007148647891679,3.461605030865978e-05,0.0,0.0,0.0009150345773619,1.0422830888295866e-05,0.0,UDP
0.5251358695652174,0.362740497419052,0.2563600399331855,0.02036354056902,0.0001012680382874,0.2880188220579664,0.2563600399331855,0.02406600249066,0.1921000262102841,0.5251358695652174,0.0001012680382874,0.0,5.328786102525844e-05,0.4999999957599588,0.0,0.4999999989399897,0.0,0.0,8.336500091834885e-09,1.3020860689957046e-08,0.0,0.0,0.0,1.953129119881737e-08,1.1538683436219929e-05,0.0,0.0,8.333420556468491e-09,0.0,0.0,MSSQL
0.1032608695652173,0.0713280150164242,0.1220446244442591,0.0115911485774499,0.0001928415942549,0.1050728432346009,0.1220446244442591,0.0136986301369863,0.0934406337064254,0.000436871996505,0.0001928415942549,0.0,0.0003730150271768,0.000873735520337,6.59949297679708e-06,0.0008737419003864,7.994703654717501e-06,0.0,8.00304008816149e-06,6.380221832957641e-06,1.9066866709876564e-05,6.616704999791788e-06,0.0,6.38673222201328e-06,8.077078405353949e-05,0.0,0.0,1.9075199653756377e-05,0.0003683967150196,0.0,DrDoS_NTP
0.2989130434782608,0.2064758329422806,0.1459229205311793,0.0115911485774499,0.0001729286035438,0.1275115619922364,0.1459229205311793,0.0136986301369863,0.1093454224224127,0.0002102060783954,0.0001729286035438,0.0,0.0002664393051262,0.0003516089631243,1.711987067964472e-05,0.0003516153123654,1.782343734492807e-05,0.0,1.783177369643482e-05,1.6657587567104502e-05,3.554203956189841e-05,1.716452071697948e-05,0.0,1.6664097889250062e-05,5.7693417181099634e-05,0.0,0.0,3.5550372093894586e-05,0.0,0.0,DrDoS_NTP
0.2989130434782608,0.2064758329422806,0.1459229205311793,0.0115911485774499,0.0007493572820234,0.1134993040154002,0.1459229205311793,0.0136986301369863,0.1093454224224127,0.0029708482914506,0.0007493572820234,0.0,0.0013321965256314,0.0049694105223032,2.962481688364437e-06,0.0049694168358271,8.444874663429437e-06,0.0,8.453211093120574e-06,1.0153667255784908e-06,1.0891780939601692e-05,2.970208085395361e-06,0.0,1.0218771495616478e-06,0.0002884670859054,0.0,0.0,1.0900114087860789e-05,0.0,0.0,DrDoS_NTP
0.3505434782608695,0.2421398404504927,0.1711277886229285,0.0135932560590094,0.000135198726407,0.1602174559960227,0.1711277886229285,0.0160647571606475,0.1282323590226476,2.3384905715540705e-07,0.000135198726407,0.0,0.0001598635830757,3.250720639362164e-07,0.0254235962795254,3.31432132054546e-07,0.0249930692421783,0.0,0.0249930773703237,0.019518472288434,0.0249838537889326,0.0254899031193554,0.0,0.0195184786717909,3.461605030865978e-05,0.0,0.0,0.0249838614977503,0.0,0.0,TFTP
0.2241847826086956,0.1548568747067104,0.1192256589339977,0.0102476290832455,9.4193686324282e-05,0.1097924272096775,0.1192256589339977,0.0121108343711083,0.0878739591726287,4.491628154859644e-06,9.4193686324282e-05,0.0,0.0001598635830757,9.187175967666864e-06,0.0009221603822069,9.193535821677883e-06,0.0009065443735438,0.0,0.0009065527024865,0.0007079832688446,0.0009062261744896,0.0009245654526812,0.0,0.0007079897746659,3.461605030865978e-05,0.0,0.0,0.0009062344852542,2.3853962517555835e-05,0.0,UDP
0.0040760869565217,0.002815579540122,0.0019898580072433,0.0001580611169652,3.930195535088261e-06,0.001596851670128,0.0019898580072433,0.0001867995018679,0.0014910739421238,5.779286773943657e-10,3.930195535088261e-06,4.051004722714424e-08,0.0004795907492273,6.241250259638867e-08,0.0930646813544799,4.8517541364248044e-08,0.1303497332715932,1.0,0.1303506575364428,0.0741745303172026,0.411424866532558,0.1039259386647012,0.0891265869140625,0.1071409974849165,0.0001038481509259,0.0641868009239058,0.2860702268690438,0.4114248729136698,0.0,0.1311533249172567,Syn
0.3505434782608695,0.2421398404504927,0.1711277886229285,0.0135932560590094,0.000135198726407,0.1602174559960227,0.1711277886229285,0.0160647571606475,0.1282323590226476,2.323988664988495e-07,0.000135198726407,0.0,0.0001598635830757,3.230035749201749e-07,0.0255816571960594,3.29363642260198e-07,0.0251486450081891,0.0,0.0251486531350375,0.0196402694211427,0.0251397554246006,0.0256483762718202,0.0,0.0196402758037067,3.461605030865978e-05,0.0,0.0,0.0251397631295207,0.0,0.0,TFTP
0.3505434782608695,0.2421398404504927,0.1711277886229285,0.0135932560590094,0.000270397452814,0.1441957103964204,0.1711277886229285,0.0160647571606475,0.1282323590226476,1.558003386340892e-07,0.000270397452814,0.0,0.0003730150271768,2.1374675905478518e-07,0.0235526426683646,2.2010682313799969e-07,0.0250114845710347,0.0,0.0250114926990266,0.0251111330476446,0.0749992202001519,0.0236140699065812,0.0,0.0251111393945909,8.077078405353949e-05,0.0,0.0,0.0749992266585723,0.0,0.0,TFTP
0.2989130434782608,0.2064758329422806,0.1459229205311793,0.0115911485774499,0.0057642867847961,0.1098421100732104,0.1459229205311793,0.0136986301369863,0.1093454224224127,0.026083162607178,0.0057642867847961,0.0,0.0106042843440264,0.0436300093419106,1.9620762865003625e-07,0.0436300135974759,4.001520077439417e-07,0.0,4.0848850449990937e-07,1.0596624936096009e-07,9.541766775703087e-06,1.967193543580467e-07,0.0,1.124766792647059e-07,0.0022961980038077,0.0,0.0,9.550099957712892e-06,0.0,0.0,DrDoS_NTP
0.0,0.0,0.0,0.0,0.0,0.0,0.0,0.0,0.0,0.0,0.0,2.797750663757324e-05,0.0,2.7969026239927304e-05,0.000302468504384,1.3986633327872062e-05,0.0002975463637582,0.0,2.5009500275504656e-08,0.0002326957984996,0.0002978531249757,0.0,0.0055084228515625,5.859387359645212e-08,1.1538683436219929e-05,0.0,3.985645435082554e-07,2.5000261669405472e-08,0.0,0.0,Benign
0.3505434782608695,0.2421398404504927,0.1711277886229285,0.0135932560590094,0.0002027980896105,0.1495362922629545,0.1711277886229285,0.0160647571606475,0.1282323590226476,1.7527054144840154e-07,0.0002027980896105,0.0,0.0002664393051262,2.4151821136651786e-07,0.0241346406253268,2.478782663254616e-07,0.0250121931735484,0.0,0.0250122013015344,0.0234377042138921,0.0500008579256677,0.0241975857623051,0.0,0.0234377105717332,5.7693417181099634e-05,0.0,0.0,0.0500008650090537,0.0,0.0,TFTP
0.0040760869565217,0.002815579540122,0.0019898580072433,0.0001580611169652,7.860391070176523e-07,0.0018629936743723,0.0019898580072433,0.0001867995018679,0.0014910739421238,9.37031484257871e-05,7.860391070176523e-07,0.0114942529296874,5.328786102525844e-05,0.011494244490953,6.996470797941182e-07,0.0057471243570072,6.91929513390566e-07,1.0,1.667300018366977e-08,5.598970178172428e-07,7.166741857733324e-07,0.0,0.0891265869140625,3.906258239763474e-08,1.1538683436219929e-05,0.0,8.480096670388411e-09,1.6666841112936986e-08,0.0,0.0,Syn
0.0,0.0,0.0,0.0,0.0,0.0,0.0,0.0,0.0,0.0,0.0,0.0069930068359374,0.0,0.0052447468091487,1.422876917235175e-06,0.0017482495926701,1.1587735224251645e-06,0.0,0.0,1.3899768991711589e-06,1.183345748602479e-06,0.0,0.0009307861328125,0.0,0.0,0.0,2.5440290011165232e-08,0.0,0.0,0.0,Benign
0.0,0.0,0.0,0.0,0.0,0.0,0.0,0.0,0.0,0.0,0.0,0.0,0.0,5.772569256193819e-08,0.0911393969425051,6.408575679723352e-08,0.0951398662566942,1.0,0.0951398738000608,0.0885026612198233,0.1888072559027931,0.0913770960205121,0.0891265869140625,0.0885026671540635,5.7693417181099634e-05,0.0017096449650001,0.0,0.1888072595159829,0.0,0.0957263952438364,UDP-lag
0.0040760869565217,0.002815579540122,0.0019898580072433,0.0001580611169652,7.860391070176523e-07,0.0022355924092468,0.0019898580072433,0.0001867995018679,0.0014910739421238,0.0040760869565217,7.860391070176523e-07,0.0,5.328786102525844e-05,0.4999999957599588,0.0,0.4999999989399897,0.0,0.0,8.336500091834885e-09,1.3020860689957046e-08,0.0,0.0,0.003997802734375,1.953129119881737e-08,1.1538683436219929e-05,0.0,0.0,8.333420556468491e-09,0.0,0.0,Benign
0.0,0.0,0.0,0.0,0.0,0.0,0.0,0.0,0.0,0.0,0.0,0.0,0.0,3.619617724196283e-08,0.1351596247446937,4.2556238683753745e-08,0.1442466206850327,1.0,0.1442466278190208,0.1311521459924962,0.2797935855010345,0.1355121322141676,0.0891265869140625,0.1311521516490698,5.7693417181099634e-05,0.0104745605928483,0.0,0.2797935951729628,0.0,0.1451358842057379,UDP-lag
0.0040760869565217,0.002815579540122,0.0019898580072433,0.0001580611169652,4.716234642105914e-06,0.0015835446232165,0.0019898580072433,0.0001867995018679,0.0014910739421238,5.434329113931095e-10,4.716234642105914e-06,3.3330552279949185e-08,0.0005861664712778,5.818102193101793e-08,0.0944222757282119,4.7875807954913306e-08,0.1586490751507562,1.0,0.1586490821646783,0.0781316773619473,0.5000469629927201,0.103218716556624,0.0891265869140625,0.1065432032551943,0.0001269255177984,0.0712806732735346,0.4434576325551047,0.5000469671582563,0.0,0.1596271272787641,Syn
0.796875,0.5504458000938526,0.3890172404160759,0.0309009483667017,0.0001536706454219,0.437058316007755,0.3890172404160759,0.036519302615193,0.2915049556852048,0.796875,0.0001536706454219,0.0,5.328786102525844e-05,0.4999999957599588,0.0,0.4999999989399897,0.0,0.0,8.336500091834885e-09,1.3020860689957046e-08,0.0,0.0,0.0,1.953129119881737e-08,1.1538683436219929e-05,0.0,0.0,8.333420556468491e-09,0.0,0.0,MSSQL
0.0040760869565217,0.002815579540122,0.0019898580072433,0.0001580611169652,1.1790586605264784e-06,0.0019871932526638,0.0019898580072433,0.0001867995018679,0.0014910739421238,0.0015285326086956,1.1790586605264784e-06,0.0,0.0001065757220505,0.187499993109933,2.0771925939640272e-08,0.1874999982774832,1.6673000322664237e-08,0.0,2.5009500275504656e-08,3.255215201593153e-08,2.500026229441857e-08,2.0826100838859724e-08,0.066314697265625,3.906258239763474e-08,2.3077366872439854e-05,0.0,0.0,3.3333682225873965e-08,0.0,0.0,Benign
0.3505434782608695,0.2421398404504927,0.1711277886229285,0.0135932560590094,0.000135198726407,0.1602174559960227,0.1711277886229285,0.0160647571606475,0.1282323590226476,2.3376227442212338e-07,0.000135198726407,0.0,0.0001598635830757,3.249482808117234e-07,0.0254330351362091,3.31308333207085e-07,0.0250023477668579,0.0,0.0250023558949259,0.0195257183975159,0.0249931288862438,0.0254993665933572,0.0,0.0195257247808257,3.461605030865978e-05,0.0,0.0,0.0249931365948296,0.0,0.0,TFTP
0.2989130434782608,0.2064758329422806,0.1459229205311793,0.0115911485774499,0.0011528573569592,0.1120280196189244,0.1459229205311793,0.0136986301369863,0.1093454224224127,0.0095652173913043,0.0011528573569592,0.0,0.002078226579985,0.0159999916555988,3.394075053659309e-07,0.0159999979138997,5.418725104865878e-07,0.0,5.502090060611024e-07,3.064910224140148e-07,5.200054557239063e-06,3.4029270818491625e-07,0.0,3.130014510122579e-07,0.0004500086540125,0.0,0.0,5.208387847792807e-06,0.0,0.0,DrDoS_NTP
0.0,0.0,0.0,0.0,0.0,0.0,0.0,0.0,0.0,0.0,0.0,0.0,0.0,2.2568616504436352e-08,0.2731226541843206,2.8928677845608384e-08,0.2684975538415989,1.0,0.2684975599397691,0.2096844801266668,0.2683983826130309,0.2738349806343562,0.0891265869140625,0.2096844852719611,3.461605030865978e-05,0.0,0.0,0.2683983759030011,0.0,0.27015280258637,UDP-lag
0.3505434782608695,0.2421398404504927,0.1711277886229285,0.0135932560590094,0.000135198726407,0.1602174559960227,0.1711277886229285,0.0160647571606475,0.1282323590226476,2.3329042670273046e-07,0.000135198726407,0.0,0.0001598635830757,3.242752577023858e-07,0.0254844742429409,3.306353073591769e-07,0.0250529169768365,0.0,0.025052925104483,0.019565210668577,0.0250436794166032,0.0255509398575297,0.0,0.0195652170516297,3.461605030865978e-05,0.0,0.0,0.0250436871239252,0.0,0.0,TFTP
0.0040760869565217,0.002815579540122,0.0019898580072433,0.0001580611169652,3.930195535088261e-06,0.001596851670128,0.0019898580072433,0.0001867995018679,0.0014910739421238,5.036908299587928e-10,3.930195535088261e-06,3.5306327044963844e-08,0.0004795907492273,5.3305993233734436e-08,0.1046549290594552,4.201289019140996e-08,0.1497097459897578,1.0,0.1497097530782026,0.0851069509098894,0.4720638444031675,0.1163657332248851,0.0891265869140625,0.1229322612633636,0.0001038481509259,0.0608571054590954,0.1438600063580372,0.4720638409348685,0.0,0.1506326887203839,Syn
0.0,0.0,0.0147731886956373,0.0046364594309799,6.419319373977494e-05,0.0123371584261439,0.0147731886956373,0.0054794520547945,0.0120557372006445,1.1214132862576412e-08,6.419319373977494e-05,1.6183532774448398e-07,0.0004795907492273,1.6144701462091337e-07,0.1351688194138771,8.688941360245563e-08,0.4913664161506685,0.0,0.4913664203908925,0.0294356514751738,0.5149321024959754,0.1891369582673792,0.0038909912109375,0.0574348574797774,0.0002423123521606,0.0,0.5003584706464507,0.5146206530295018,6.14129090185317e-05,0.4943956123668682,Benign
0.2010869565217391,0.1389019239793524,0.144276142188698,0.0115911485774499,0.0016527782290224,0.1099466078263078,0.144276142188698,0.0136986301369863,0.1081323473736324,0.007112574418185,0.0016527782290224,0.0,0.0030374080784397,0.0120331866427069,4.818367292705109e-07,0.01203319321799,1.5672620303304385e-06,0.0,1.5755985173567934e-06,4.0638791062278173e-07,1.0033438600826656e-05,4.830933992742609e-07,0.0,4.128983385706531e-07,0.0006577049558645,0.0,0.0,1.0041771770544532e-05,1.577920292061783e-05,0.0,DrDoS_NTP
0.3505434782608695,0.2421398404504927,0.1711277886229285,0.0135932560590094,0.0002027980896105,0.1495362922629545,0.1711277886229285,0.0160647571606475,0.1282323590226476,1.7526020116719126e-07,0.0002027980896105,0.0,0.0002664393051262,2.4150346243815484e-07,0.0241363664617949,2.478635290770096e-07,0.0250114929075349,0.0,0.0250115010355266,0.0234390860527535,0.0500038079566184,0.0241993160998974,0.0,0.0234390924105855,5.7693417181099634e-05,0.0,0.0,0.0500038150399307,0.0,0.0,TFTP
0.0,0.0,0.0,0.0,0.0,0.0,0.0,0.0,0.0,0.0,0.0,0.0,0.0,4.1322419458418746e-08,0.1740498881011698,4.768248028917447e-08,0.3706737346849634,0.0,0.3706737399313419,0.1025002494308661,0.9621438194922396,0.1745038245909511,0.0,0.1025002552739759,0.0002538510355968,0.1912480738076569,0.0,0.9621438037718127,0.0,0.372958881675077,Benign
0.0203804347826086,0.01407789770061,0.0099492900362167,0.0022391991570073,3.930195535088261e-06,0.0161459451778937,0.0099492900362167,0.0009339975093399,0.0129226408317396,1.695604991861096e-06,3.930195535088261e-06,2.170374298095703e-05,5.328786102525844e-05,2.1695263997439735e-05,0.0003906190157997,1.0849751492913703e-05,0.0003840292164319,0.0,4.1682500459174426e-08,0.0002999615658262,0.0003839540283176,0.0,0.0,9.765645599408687e-08,1.1538683436219929e-05,0.0,2.5440290011165232e-08,4.1667102782342465e-08,2.0729167837322156e-05,0.0,Benign
0.0040760869565217,0.002815579540122,0.0019898580072433,0.0001580611169652,7.860391070176523e-07,0.0022355924092468,0.0019898580072433,0.0001867995018679,0.0014910739421238,0.0020380434782608,7.860391070176523e-07,0.0,5.328786102525844e-05,0.2499999936399381,0.0,0.2499999984099845,8.336500161332119e-09,0.0,1.667300018366977e-08,3.255215201593153e-08,8.33342076480619e-09,0.0,1.52587890625e-05,3.906258239763474e-08,1.1538683436219929e-05,0.0,0.0,1.6666841112936986e-08,0.0,0.0,Benign
0.0040760869565217,0.002815579540122,0.0019898580072433,0.0001580611169652,4.716234642105914e-06,0.0015649147338511,0.0019898580072433,0.0001867995018679,0.0014910739421238,7.080141508307444e-10,4.716234642105914e-06,6.947978585958481e-08,0.0005861664712778,7.836965413990244e-08,0.0933757431819031,4.9989820796805033e-08,0.1667297614681377,1.0,0.1667306020647043,0.0591805239822283,0.4797608501575862,0.1141276041359869,0.0891265869140625,0.1022209187472504,0.0001269255177984,0.100044726620027,0.334105836219619,0.4797608548302806,0.0,0.1677576296109004,Syn
0.0,0.0,0.0,0.0,0.0,0.0,0.0,0.0,0.0,0.0,0.0,2.34268856048584e-05,0.0,2.3418404809103625e-05,0.0,1.1711322806690936e-05,0.0001779175864431,0.0,0.0,0.0004168498403396,0.0001778518659624,0.0,0.00372314453125,0.0,0.0,0.0,0.0,0.0,0.0,0.0,Benign
0.0040760869565217,0.002815579540122,0.0019898580072433,0.0001580611169652,1.5720782140353049e-06,0.0017387940960808,0.0019898580072433,0.0001867995018679,0.0014910739421238,7.160009488839172e-10,1.5720782140353049e-06,5.8552965521812444e-08,0.0001598635830757,7.934936804273297e-08,0.1121823741188099,5.643294507494328e-08,0.1423745095168027,1.0,0.1423745166663976,0.0667132352330821,0.142322768203043,0.1452045556504844,0.0891265869140625,0.1111883888348826,3.461605030865978e-05,0.0,1.6960193340776826e-08,0.1423223229736471,0.0,0.1432522318003015,Syn
0.2010869565217391,0.1389019239793524,0.1434094151472434,0.0115911485774499,0.0010763495505428,0.1102892255228435,0.1434094151472434,0.0136986301369863,0.1075102550770291,0.002705536470737,0.0010763495505428,0.0,0.0019716508579345,0.0046049358149058,4.384610490919664e-06,0.0046049422256795,1.5164093793463125e-05,0.0,1.5172430167139492e-05,1.0824910108486233e-06,1.7183513617030364e-05,4.396045917377104e-06,0.0,1.0890014343947722e-06,0.0004269312871401,0.0,0.0,1.7191846607994496e-05,2.3650684371727307e-05,0.0,DrDoS_NTP
0.0271739130434782,0.01877053026748,0.013265720048289,0.0026080084299262,5.240260713451015e-06,0.0197477329483469,0.013265720048289,0.0012453300124533,0.0158053834073126,4.588180740784557e-06,5.240260713451015e-06,4.8588504791259766e-05,5.328786102525844e-05,4.8580024289565767e-05,0.000174465413869,2.4292132426563192e-05,0.0001715234908194,0.0,2.5009500275504656e-08,0.0001339846616749,0.0001715017993397,0.0,0.0,5.859387359645212e-08,1.1538683436219929e-05,0.0,1.6960193340776826e-08,2.5000261669405472e-08,2.3853962517555835e-05,0.0,Benign
0.3505434782608695,0.2421398404504927,0.1711277886229285,0.0135932560590094,0.000135198726407,0.1602174559960227,0.1711277886229285,0.0160647571606475,0.1282323590226476,2.3361957006726122e-07,0.000135198726407,0.0,0.0001598635830757,3.247447335131396e-07,0.0254485309444975,3.311047833447456e-07,0.025017595225653,0.0,0.0250176033535939,0.0195376459129875,0.025008395713085,0.0255149028159941,0.0,0.0195376522962196,3.461605030865978e-05,0.0,0.0,0.0250084034212891,0.0,0.0,TFTP
0.0264945652173913,0.018301267010793,0.0129340770470818,0.0036354056902002,5.10925419561474e-06,0.0244052171342778,0.0129340770470818,0.0012141967621419,0.0195330682626221,5.775158023984982e-06,5.10925419561474e-06,4.8028430938720704e-05,5.328786102525844e-05,4.801995315708994e-05,0.0001765006300478,2.4012095499699972e-05,0.0001735242508581,0.0,2.5009500275504656e-08,0.0001355471649809,0.0001735018203232,0.0,0.0,5.859387359645212e-08,1.1538683436219929e-05,0.0,1.6960193340776826e-08,2.5000261669405472e-08,6.716250490825864e-05,0.0,Benign
0.0543478260869565,0.0375410605349601,0.1260243404587458,0.0115911485774499,0.0002986948606667,0.1034996460493951,0.1260243404587458,0.0136986301369863,0.0955816635400386,0.0034420289855072,0.0002986948606667,0.0,0.0005861664712778,0.0066666582431181,1.1997555239915582e-06,0.0066666643980191,2.050779039687701e-06,0.0,2.0591155226832164e-06,7.9249696211002e-07,3.74170592339798e-06,1.2028845855330396e-06,0.0,7.990073875441551e-07,0.0001269255177984,0.0,0.0,3.750039250410821e-06,0.0004174825582183,0.0,DrDoS_NTP
0.3505434782608695,0.2421398404504927,0.1711277886229285,0.0135932560590094,0.0004055961792211,0.1388551285298863,0.1711277886229285,0.0160647571606475,0.1282323590226476,1.40122210957185e-07,0.0004055961792211,0.0,0.0005861664712778,1.9138415814770365e-07,0.0230272723435161,1.9774421835330874e-07,0.0250863380059833,0.0,0.0250863461333511,0.0266516636509808,0.1250862123628447,0.0230873293725145,0.0,0.0266516699878976,0.0001269255177984,0.0,0.0,0.1250862175690772,0.0,0.0,TFTP
0.3505434782608695,0.2421398404504927,0.1711277886229285,0.0135932560590094,0.000135198726407,0.1602174559960227,0.1711277886229285,0.0160647571606475,0.1282323590226476,2.3343063059797413e-07,0.000135198726407,0.0,0.0001598635830757,3.244752384538868e-07,0.0254691675422655,3.308353107451448e-07,0.0250378695940453,0.0,0.0250378777218172,0.0195534589347273,0.0250286375921227,0.0255355932357142,0.0,0.0195534653178565,3.461605030865978e-05,0.0,0.0,0.0250286452998208,0.0,0.0,TFTP
0.2989130434782608,0.2064758329422806,0.1459229205311793,0.0115911485774499,0.0026515719210062,0.110483628488254,0.1459229205311793,0.0136986301369863,0.1093454224224127,0.0005331937335194,0.0026515719210062,0.0,0.0048491953532985,0.0008918792271861,1.669405940261467e-05,0.0008918855771827,6.877612633098999e-05,0.0,6.878446225772964e-05,5.528357003890314e-06,0.000214893921262,1.6737598888954466e-05,0.0,5.534867398491961e-06,0.001050020192696,0.0,0.0,0.0002149022493102,0.0,0.0,DrDoS_NTP
0.3505434782608695,0.2421398404504927,0.1711277886229285,0.0135932560590094,0.000135198726407,0.1602174559960227,0.1711277886229285,0.0160647571606475,0.1282323590226476,2.336863826140693e-07,0.000135198726407,0.0,0.0001598635830757,3.248400320303253e-07,0.0254412934473088,3.312000911719435e-07,0.025010467518015,0.0,0.0250104756460154,0.0195320599636683,0.0250012456380688,0.0255076464428146,0.0,0.0195320663469368,3.461605030865978e-05,0.0,0.0,0.0250012533464516,0.0,0.0,TFTP
0.0040760869565217,0.002815579540122,0.0019898580072433,0.0001580611169652,1.5720782140353049e-06,0.0017387940960808,0.0019898580072433,0.0001867995018679,0.0014910739421238,1.3196487130316544e-07,1.5720782140353049e-06,1.0791793823242189e-05,0.0001598635830757,1.6179210934696083e-05,0.0006073259267543,1.0789673825550009e-05,0.0007711095919228,1.0,0.0007724434255092,0.0003619590915677,0.0007721914349084,0.0007877774914784,0.0156402587890625,0.0006032759994029,3.461605030865978e-05,0.0,2.5440290011165232e-08,0.000772199749024,0.0,0.0,Syn
0.3505434782608695,0.2421398404504927,0.1711277886229285,0.0135932560590094,0.000270397452814,0.1441957103964204,0.1711277886229285,0.0160647571606475,0.1282323590226476,2.4569946325066653e-07,0.000270397452814,0.0,0.0003730150271768,3.419749688975991e-07,0.0150066713493873,3.483350258720425e-07,0.0166923826855393,0.0,0.0166923908828833,0.0159232022300826,0.0475577072929456,0.0150458099882566,0.0,0.0159232086368463,8.077078405353949e-05,0.0,0.0,0.0475577144374111,0.0,0.0,TFTP
0.998641304347826,0.689816987329892,0.487515211774622,0.0387249736564805,0.0001925795812193,0.547720140265473,0.487515211774622,0.0457658779576587,0.3653131158203334,0.9986413043478262,0.0001925795812193,0.0,5.328786102525844e-05,0.4999999957599588,0.0,0.4999999989399897,0.0,0.0,8.336500091834885e-09,1.3020860689957046e-08,0.0,0.0,0.0,1.953129119881737e-08,1.1538683436219929e-05,0.0,0.0,8.333420556468491e-09,0.0,0.0,DrDoS_SNMP
0.3505434782608695,0.2421398404504927,0.1711277886229285,0.0135932560590094,0.000135198726407,0.1602174559960227,0.1711277886229285,0.0160647571606475,0.1282323590226476,2.353836669105509e-07,0.000135198726407,0.0,0.0001598635830757,3.272609646907976e-07,0.0252578443747307,3.336210232315956e-07,0.0248301240100249,0.0,0.0248301321395287,0.0193912198219167,0.0248209687466637,0.025323718919897,0.0,0.0193912262061021,3.461605030865978e-05,0.0,0.0,0.0248209764595536,0.0,0.0,TFTP
0.2764945652173913,0.1909901454716095,0.1349787014913409,0.0107218124341412,5.331965275936408e-05,0.1516476850939098,0.1349787014913409,0.0126712328767123,0.1011445157407317,0.0061443236714975,5.331965275936408e-05,0.0,5.328786102525844e-05,0.0111111027252518,0.0,0.0111111092316602,3.668060070986132e-07,0.0,3.7514250413256985e-07,8.723976790328347e-07,3.666705136514724e-07,0.0,0.0,8.789081039467817e-07,1.1538683436219929e-05,0.0,0.0,3.750039250410821e-07,0.0,0.0,MSSQL
0.3505434782608695,0.2421398404504927,0.1711277886229285,0.0135932560590094,0.000135198726407,0.1602174559960227,0.1711277886229285,0.0160647571606475,0.1282323590226476,2.3337103306691695e-07,0.000135198726407,0.0,0.0001598635830757,3.243902311220456e-07,0.0254756596249797,3.307502847191924e-07,0.0250442553531689,0.0,0.0250442634808876,0.0195584528417782,0.0250350293258493,0.0255421022503165,0.0,0.0195584592248749,3.461605030865978e-05,0.0,0.0,0.0250350370333876,0.0,0.0,TFTP
0.0040760869565217,0.002815579540122,0.0019898580072433,0.0001580611169652,3.1441564280706093e-06,0.0016145945177893,0.0019898580072433,0.0001867995018679,0.0014910739421238,5.558358758023876e-10,3.1441564280706093e-06,4.545502364635467e-08,0.0003730150271768,5.970245224479125e-08,0.1134242346333871,4.33350031717176e-08,0.1912857896893582,1.0,0.1912864800242118,0.0781243384792316,0.3666666552776582,0.1338617730343718,0.0891265869140625,0.1227668312269096,8.077078405353949e-05,0.1144774004157553,0.1945815845677979,0.3666666377774754,0.0,0.1924650414418963,Syn
0.1521739130434782,0.1051149694978883,0.1417091071467609,0.0115911485774499,0.0009516313455627,0.1093540748650557,0.1417091071467609,0.0136986301369863,0.1062780683627309,0.0018263444147652,0.0009516313455627,0.0,0.0017584994138335,0.0031458094592516,1.3368712958793015e-06,0.0031458157577423,2.317547044850329e-06,0.0,2.325883525621933e-06,1.5926879565940504e-06,2.250856948574152e-05,1.340357966683641e-06,0.0,1.5991983768185975e-06,0.0003807765533952,0.0,0.0,2.2516902343577865e-05,5.910711031307337e-05,0.0,DrDoS_NTP
0.3505434782608695,0.2421398404504927,0.1711277886229285,0.0135932560590094,0.000135198726407,0.1602174559960227,0.1711277886229285,0.0160647571606475,0.1282323590226476,2.3381177869066277e-07,0.000135198726407,0.0,0.0001598635830757,3.250188915519443e-07,0.025427663011203,3.313789647112936e-07,0.0249970624257556,0.0,0.0249970705538677,0.0195215838672833,0.0249878371640582,0.0254939804574052,0.0,0.01952159025062,3.461605030865978e-05,0.0,0.0,0.0249878448727763,0.0,0.0,TFTP
0.3505434782608695,0.2421398404504927,0.1711277886229285,0.0135932560590094,0.000135198726407,0.1602174559960227,0.1711277886229285,0.0160647571606475,0.1282323590226476,2.3345472689575667e-07,0.000135198726407,0.0,0.0001598635830757,3.245096083672943e-07,0.0254665383956459,3.308696728229306e-07,0.0250352852789953,0.0,0.0250352934067887,0.0195514411081922,0.0250260542316856,0.025532957232063,0.0,0.0195514474913345,3.461605030865978e-05,0.0,0.0,0.0250260619394483,0.0,0.0,TFTP
0.0040760869565217,0.002815579540122,0.0019898580072433,0.0001580611169652,7.860391070176523e-07,0.0018629936743723,0.0019898580072433,0.0001867995018679,0.0014910739421238,0.0001164596273291,7.860391070176523e-07,0.0142857138671874,5.328786102525844e-05,0.0142857059267758,4.796321106132383e-07,0.0071428548287161,5.001900096799272e-07,1.0,5.001900055100931e-08,4.492197127210479e-07,5.750060327716272e-07,0.0,0.0891265869140625,1.1718774719290424e-07,1.1538683436219929e-05,0.0,2.5440290011165232e-08,5.000052333881095e-08,0.0,0.0,Syn
0.0543478260869565,0.0375410605349601,0.0862271803138787,0.0115911485774499,6.81233892748632e-05,0.0919076879357029,0.0862271803138787,0.0136986301369863,0.0735596478114412,0.0005157092986353,6.81233892748632e-05,0.0,0.0001598635830757,0.0014598455468957,5.770715039072231e-06,0.0014598518869805,5.677156609867173e-06,0.0,5.685493062631392e-06,4.453134322786873e-06,5.700059803127434e-06,5.785765540724045e-06,0.0,4.459644724388682e-06,3.461605030865978e-05,0.0,0.0,5.708393081180916e-06,0.000888099223708,0.0,DrDoS_NTP
0.0040760869565217,0.002815579540122,0.0019898580072433,0.0001580611169652,3.1441564280706093e-06,0.0016145945177893,0.0019898580072433,0.0001867995018679,0.0014910739421238,5.43477524155588e-10,3.1441564280706093e-06,4.444438591599464e-08,0.0003730150271768,5.8186494429928395e-08,0.1034215288155644,4.2324365439215e-08,0.1400899916855915,1.0,0.1400909158692415,0.0799008412615454,0.3750044344215244,0.1188186597956605,0.0891265869140625,0.1255584679748933,8.077078405353949e-05,0.0224541681429017,0.2391009387941899,0.3750044250463155,0.0,0.1409536303170939,Syn
0.0040760869565217,0.002815579540122,0.0019898580072433,0.0001580611169652,4.716234642105914e-06,0.001596851670128,0.0019898580072433,0.0001867995018679,0.0014910739421238,4.3280324857706256e-10,4.716234642105914e-06,1.5168723650276663e-08,0.0005861664712778,4.4610449843836623e-08,0.0994274071173907,4.338615140762391e-08,0.12961891398495,1.0,0.129618921240882,0.0990463651697177,0.5493818055974438,0.1029891044397016,0.0891265869140625,0.1170546219120931,0.0001269255177984,0.0277983427592118,8.480096670388411e-09,0.5493809501872786,0.0,0.1304180002578102,Syn
0.0,0.0,0.0378073021376237,0.0769230769230769,0.00015681480185,0.0699214743921149,0.0378073021376237,0.0171544209215442,0.068363481732888,1.323812919263626e-07,0.00015681480185,3.541833758354187e-07,0.0006394543323031,3.376536884219144e-07,0.0382553538237955,1.6692204552700166e-07,0.0834917080792732,1.0,0.0840158398170184,0.0144426192633543,0.2588140153903781,0.0539985716099991,0.9802398681640624,0.0303295146599137,0.0002307736687243,0.0001025627559231,0.0854628297689112,0.25881400891996,0.0097000192181656,0.0840064282129539,Benign
0.3505434782608695,0.2421398404504927,0.1711277886229285,0.0135932560590094,0.000135198726407,0.1602174559960227,0.1711277886229285,0.0160647571606475,0.1282323590226476,2.3368832993957497e-07,0.000135198726407,0.0,0.0001598635830757,3.24842809610915e-07,0.0254404966249395,3.312028627879314e-07,0.0250098756265036,0.0,0.0250098837545088,0.0195318963891035,0.0250010373025496,0.0255068475422667,0.0,0.019531902772373,3.461605030865978e-05,0.0,0.0,0.0250010450109377,0.0,0.0,TFTP
0.0543478260869565,0.0375410605349601,0.1379634885022059,0.0115911485774499,0.0008174806712983,0.1069772342415569,0.1379634885022059,0.0136986301369863,0.1035735250041257,0.0033118206521739,0.0008174806712983,0.0,0.0015453479697324,0.0058593665696055,8.929143717795627e-07,0.0058593728924014,1.750665033879745e-06,0.0,1.7590015193771608e-06,8.555603743392629e-07,1.065844515818712e-05,8.952431662420178e-07,0.0,8.620707993628281e-07,0.0003346218196503,0.0,0.0,1.066677831227967e-05,0.0001846227758894,0.0,DrDoS_NTP
0.0319293478260869,0.022055373064289,0.0155872210567396,0.0029241306638566,6.157306338304943e-06,0.0225422234599055,0.0155872210567396,0.0014632627646326,0.0180419943204983,5.097689804413903e-06,6.157306338304943e-06,4.749240112304687e-05,5.328786102525844e-05,4.748392153611312e-05,0.0001785316148289,2.3744080591294863e-05,0.0001755083378965,0.0,8.336500091834885e-09,0.000137077109777,0.0001754601742029,0.0,0.0,1.953129119881737e-08,1.1538683436219929e-05,0.0,8.480096670388411e-09,8.333420556468491e-09,2.80683222596891e-05,0.0,Benign
0.0543478260869565,0.0375410605349601,0.1309989854768542,0.0115911485774499,0.0004139805963626,0.1049486436563094,0.1309989854768542,0.0136986301369863,0.0988201959340083,0.0082250541395968,0.0004139805963626,0.0,0.0007993179153788,0.0153256621479648,7.522026963620347e-07,0.0153256688109076,1.6589635321050918e-06,0.0,1.667300018366977e-06,3.333340309853423e-07,2.16668939884961e-06,7.541645031480992e-07,0.0,3.39844459408826e-07,0.0001730802515432,0.0,0.0,2.175022765238276e-06,0.0003265070570424,0.0,DrDoS_NTP
0.3328804347826087,0.2299389957766306,0.1625050705915406,0.0129083245521601,6.419319373977494e-05,0.182573380088491,0.1625050705915406,0.0152552926525529,0.1217710386067777,0.3328804347826087,6.419319373977494e-05,0.0,5.328786102525844e-05,0.4999999957599588,0.0,0.4999999989399897,0.0,0.0,8.336500091834885e-09,1.3020860689957046e-08,0.0,0.0,0.0,1.953129119881737e-08,1.1538683436219929e-05,0.0,0.0,8.333420556468491e-09,0.0,0.0,MSSQL
0.2989130434782608,0.2064758329422806,0.1459229205311793,0.0115911485774499,0.0057642867847961,0.1098421100732104,0.1459229205311793,0.0136986301369863,0.1093454224224127,0.0010730652049047,0.0057642867847961,0.0,0.0106042843440264,0.0017949369687976,2.9191793404576955e-06,0.001794943318355,1.0095501695373197e-05,0.0,1.010383811130388e-05,2.7274778575840857e-06,0.0002321274354036,2.926792801387238e-06,0.0,2.733988270420662e-06,0.0022961980038077,0.0,0.0,0.0002321357630209,0.0,0.0,DrDoS_NTP
0.1032608695652173,0.0713280150164242,0.1435350868741108,0.0115911485774499,0.0022679848367815,0.1088733472981042,0.1435350868741108,0.0136986301369863,0.1075782228335258,0.028967659027629,0.0022679848367815,0.0,0.0042097410209954,0.0492610756814979,2.3842788010791897e-07,0.0492610800156639,9.92043519198522e-07,0.0,1.0003800110201865e-06,9.386557748502327e-08,3.3750354097465074e-06,2.3904971972035975e-07,0.0,1.0037600746754966e-07,0.0009115559914613,0.0,0.0,3.3833687459262078e-06,4.619577910775044e-05,0.0,DrDoS_NTP
0.3505434782608695,0.2421398404504927,0.1711277886229285,0.0135932560590094,0.000135198726407,0.1602174559960227,0.1711277886229285,0.0160647571606475,0.1282323590226476,2.336627057324048e-07,0.000135198726407,0.0,0.0001598635830757,3.2480626035386617e-07,0.0254432873392284,3.311663251406066e-07,0.0250126183350566,0.0,0.025012626463039,0.0195340387276208,0.0250037789979813,0.0255096455349691,0.0,0.0195340451108764,3.461605030865978e-05,0.0,0.0,0.0250037867063008,0.0,0.0,TFTP
0.0244565217391304,0.016893477240732,0.0119391480434601,0.002713382507903,4.716234642105914e-06,0.019499333791764,0.0119391480434601,0.0011207970112079,0.0156065737379626,4.584616586206096e-06,4.716234642105914e-06,4.8550758361816406e-05,5.328786102525844e-05,4.854228014867379e-05,0.0001746265225393,2.42732592118015e-05,0.0001716735478223,0.0,1.667300018366977e-08,0.0001340888222041,0.0001716351340719,0.0,0.0,3.906258239763474e-08,1.1538683436219929e-05,0.0,8.480096670388411e-09,1.6666841112936986e-08,3.076139869350451e-05,0.0,Benign
0.3505434782608695,0.2421398404504927,0.1711277886229285,0.0135932560590094,0.000135198726407,0.1602174559960227,0.1711277886229285,0.0160647571606475,0.1282323590226476,2.337408420700466e-07,0.000135198726407,0.0,0.0001598635830757,3.2491771063485853e-07,0.0254353668514374,3.3127775602425045e-07,0.0250046403044023,0.0,0.0250046484324512,0.0195275091727894,0.0249954205769542,0.0255017043898915,0.0,0.0195275155560875,3.461605030865978e-05,0.0,0.0,0.0249954282854827,0.0,0.0,TFTP
0.3505434782608695,0.2421398404504927,0.1711277886229285,0.0135932560590094,0.000135198726407,0.1602174559960227,0.1711277886229285,0.0160647571606475,0.1282323590226476,2.336871615403771e-07,0.000135198726407,0.0,0.0001598635830757,3.2484114305700617e-07,0.0254411961395079,3.312011938578741e-07,0.0250103758165132,0.0,0.0250103839445143,0.0195319940455601,0.0250011623038611,0.025507548881227,0.0,0.019532000428829,3.461605030865978e-05,0.0,0.0,0.0250011700122461,0.0,0.0,TFTP
0.1521739130434782,0.1051149694978883,0.1432697765215215,0.0115911485774499,0.0015280600240423,0.1093324324214509,0.1432697765215215,0.0136986301369863,0.1073934691495248,0.0238672079622839,0.0015280600240423,0.0,0.0028242566343386,0.0406626424671498,1.9293545337010681e-07,0.040662650309935,3.751425072599453e-07,0.0,3.8347900422440473e-07,1.1583652933659961e-07,2.7583622731508493e-06,1.934386449746098e-07,0.0,1.2234695917608564e-07,0.0006115502221196,0.0,0.0,2.766695624747539e-06,3.803576610136828e-05,0.0,DrDoS_NTP
0.2989130434782608,0.2064758329422806,0.1459229205311793,0.0115911485774499,0.0002305714713918,0.1229575825085755,0.1459229205311793,0.0136986301369863,0.1093454224224127,0.024909420289855,0.0002305714713918,0.0,0.0003730150271768,0.0416666585399209,2.471522520853488e-07,0.0416666659370636,3.668060070986132e-07,0.0,3.7514250413256985e-07,1.274184255011284e-07,3.916707759458909e-07,2.4779684558079506e-07,0.0,1.3392885526521132e-07,8.077078405353949e-05,0.0,0.0,4.000041867104876e-07,0.0,0.0,DrDoS_NTP
0.0,0.0,0.0101980222871221,0.0012118018967334,8.056900846930936e-06,0.0104948643656309,0.0101980222871221,0.0014321295143212,0.0083997163510309,0.0001044497282608,8.056900846930936e-06,0.0,0.0001065757220505,0.0024999915411177,3.3284487216526404e-06,0.0024999978852794,3.284581063564855e-06,0.0,3.2929175362747795e-06,2.597661646819297e-06,3.3250348851576703e-06,3.3371295909459657e-06,0.0220489501953125,2.604172060501032e-06,3.461605030865978e-05,0.0,0.0,3.3333682225873964e-06,9.11854992143317e-06,0.0,Benign
0.0,0.0,0.0,0.0,0.0,0.0,0.0,0.0,0.0,0.0,0.0,0.0,0.0,0.2499999936399381,0.0,0.2499999984099845,8.336500161332119e-09,0.0,1.667300018366977e-08,3.255215201593153e-08,8.33342076480619e-09,0.0,0.0050048828125,3.906258239763474e-08,1.1538683436219929e-05,0.0,0.0,1.6666841112936986e-08,0.0,0.0,Benign
0.2989130434782608,0.2064758329422806,0.1459229205311793,0.0115911485774499,0.002939786260246,0.1103671534809024,0.1459229205311793,0.0136986301369863,0.1093454224224127,0.027869406247516,0.002939786260246,0.0,0.0053820739635511,0.0466179078201773,1.976202610130412e-07,0.0466179120413103,4.4183450855060236e-07,0.0,4.501710049590838e-07,9.926794902729741e-08,4.55004773758418e-06,1.981356709829792e-07,0.0,1.0577837897465204e-07,0.0011654070270582,0.0,0.0,4.558381044388264e-06,0.0,0.0,DrDoS_NTP
0.0285326086956521,0.019709056780854,0.0139290060507034,0.0052687038988408,5.502273749123566e-06,0.032664489090662,0.0139290060507034,0.0013075965130759,0.0261434956935047,1.5539545343211791e-06,5.502273749123566e-06,9.452153205871582e-06,5.328786102525844e-05,9.443673198222285e-06,0.0008970846897734,4.723956592384168e-06,0.0008819100155671,0.0,2.5009500275504656e-08,0.0006887709631789,0.0008816342498126,0.0,0.0,5.859387359645212e-08,1.1538683436219929e-05,0.0,2.5440290011165232e-08,2.5000261669405472e-08,0.0001710687469046,0.0,Benign
0.0292119565217391,0.020178320037541,0.0142606490519107,0.001554267650158,5.633280266959842e-06,0.015338647918999,0.0142606490519107,0.0013387297633872,0.0122765091693524,3.360172546836852e-06,5.633280266959842e-06,4.8491901397705074e-05,5.328786102525844e-05,4.848342218117415e-05,0.0001748003684335,2.424383072968345e-05,0.0001718569508258,0.0,2.5009500275504656e-08,0.0001342515861441,0.000171843469591,0.0,0.0,5.859387359645212e-08,1.1538683436219929e-05,0.0,2.5440290011165232e-08,2.5000261669405472e-08,1.7542701412305688e-06,0.0,Benign
0.3505434782608695,0.2421398404504927,0.1711277886229285,0.0135932560590094,0.000135198726407,0.1602174559960227,0.1711277886229285,0.0160647571606475,0.1282323590226476,2.337868290372376e-07,0.000135198726407,0.0,0.0001598635830757,3.2498330444908253e-07,0.025430363761676,3.313433509359648e-07,0.0249997217693071,0.0,0.024999729897397,0.0195236676119267,0.0249905038587029,0.0254966882516586,0.0,0.0195236739952498,3.461605030865978e-05,0.0,0.0,0.0249905115673544,0.0,0.0,TFTP
0.3505434782608695,0.2421398404504927,0.1711277886229285,0.0135932560590094,0.000135198726407,0.1602174559960227,0.1711277886229285,0.0160647571606475,0.1282323590226476,2.3384944716032886e-07,0.000135198726407,0.0,0.0001598635830757,3.250726202223112e-07,0.0254230326286789,3.314326684963501e-07,0.0249926857631709,0.0,0.0249926938913195,0.0195184393293799,0.0249838121218288,0.0254893379984609,0.0,0.019518445712737,3.461605030865978e-05,0.0,0.0,0.0249838198306475,0.0,0.0,TFTP
0.0,0.0,0.00958555226535,0.0185721812434141,5.869091999065138e-05,0.009708618268169,0.00958555226535,0.0136052303860523,0.0095511572265151,6.7931955743789684e-09,5.869091999065138e-05,1.214173212647438e-07,0.0012789086646062,1.1944174199286905e-07,0.0582072351529887,6.509314235129868e-08,0.0834856974626569,1.0,0.0837549657196447,0.0388284692008623,0.9608833896015626,0.0717280302791112,0.9802398681640624,0.0750683858864389,0.0003461605030865,0.0001983299920735,0.0851978521882516,0.960883390579488,0.0004984147811461,0.0840003805419397,Benign
0.0040760869565217,0.002815579540122,0.0019898580072433,0.0001580611169652,3.930195535088261e-06,0.001596851670128,0.0019898580072433,0.0001867995018679,0.0014910739421238,4.73402719602645e-10,3.930195535088261e-06,3.318327665328979e-08,0.0004795907492273,4.9590651665207255e-08,0.109726707112244,3.9359075333546126e-08,0.1523204543992815,1.0,0.1523204614659622,0.0905520503217208,0.502266294610541,0.121604790481594,0.0891265869140625,0.1307971899628225,0.0001038481509259,0.0530951170126295,0.2035183853244668,0.5022654237114349,0.0,0.1532594916896444,Syn
0.3505434782608695,0.2421398404504927,0.1711277886229285,0.0135932560590094,0.0002027980896105,0.1495362922629545,0.1711277886229285,0.0160647571606475,0.1282323590226476,1.752715346469777e-07,0.0002027980896105,0.0,0.0002664393051262,2.415196280218632e-07,0.0241347985210036,2.47879681935778e-07,0.0250099756645055,0.0,0.0250099837925099,0.0234375699362643,0.0500005745893617,0.024197744069787,0.0,0.0234375762941062,5.7693417181099634e-05,0.0,0.0,0.0500005816727548,0.0,0.0,TFTP
0.75,0.5180666353824496,0.3661338733327773,0.0290832455216016,0.0001446311956912,0.4113490033014165,0.3661338733327773,0.034371108343711,0.2743576053507809,0.75,0.0001446311956912,0.0,5.328786102525844e-05,0.4999999957599588,0.0,0.4999999989399897,0.0,0.0,8.336500091834885e-09,1.3020860689957046e-08,0.0,0.0,0.0,1.953129119881737e-08,1.1538683436219929e-05,0.0,0.0,8.333420556468491e-09,0.0,0.0,LDAP
0.2989130434782608,0.2064758329422806,0.1459229205311793,0.0115911485774499,0.0005187858106316,0.1153676116487803,0.1459229205311793,0.0136986301369863,0.1093454224224127,0.0032529835445034,0.0005187858106316,0.0,0.0009058936374293,0.0054413458586846,8.448606103786446e-07,0.0054413523837027,1.3755225266197996e-06,0.0,1.383859015244591e-06,9.436294780770796e-07,6.883405551729913e-06,8.470640766607193e-07,0.0,9.50139902527277e-07,0.0001961576184157,0.0,0.0,6.891738800199442e-06,0.0,0.0,DrDoS_NTP
0.0210597826086956,0.014547160957297,0.010280933037424,0.0041886195995785,4.061202052924537e-06,0.0255230133389012,0.010280933037424,0.0009651307596513,0.0204277122486967,6.15439312242034e-06,4.061202052924537e-06,4.7680351257324216e-05,5.328786102525844e-05,4.7671871249284304e-05,0.0001765825470364,2.3838055658632767e-05,0.0001739994313673,0.0,2.5009500275504656e-08,0.0001365367472292,0.0001747685002795,0.0,0.0,5.859387359645212e-08,1.1538683436219929e-05,0.0,8.225693770276759e-07,2.5000261669405472e-08,0.0001122732890387,0.0,Benign
0.25,0.1726888784608165,0.1451269793524702,0.0115911485774499,0.0017198535661546,0.1105210611980686,0.1451269793524702,0.0136986301369863,0.1087587701309543,0.003901346570809,0.0017198535661546,0.0,0.0031439838004902,0.0065616713655874,1.7321791941713097e-06,0.0065616775813903,4.535056087764673e-06,0.0,4.543392550050012e-06,7.502443321199174e-07,1.9041866447582145e-05,1.7366968606383936e-06,0.0,7.567547578291355e-07,0.0006807823227369,0.0,0.0,1.905019939208697e-05,3.8176943795571765e-06,0.0,DrDoS_NTP
0.3505434782608695,0.2421398404504927,0.1711277886229285,0.0135932560590094,0.000135198726407,0.1602174559960227,0.1711277886229285,0.0160647571606475,0.1282323590226476,2.335116449976549e-07,0.000135198726407,0.0,0.0001598635830757,3.245907938776671e-07,0.0254603308923494,3.309508543492868e-07,0.0250291829608772,0.0,0.0250291910887215,0.0195466754731087,0.0250199541676858,0.0255267335390849,0.0,0.019546681856282,3.461605030865978e-05,0.0,0.0,0.0250199618756009,0.0,0.0,TFTP
0.3505434782608695,0.2421398404504927,0.1711277886229285,0.0135932560590094,0.000135198726407,0.1602174559960227,0.1711277886229285,0.0160647571606475,0.1282323590226476,2.3360610316769882e-07,0.000135198726407,0.0,0.0001598635830757,3.247255249120505e-07,0.0254500364614165,3.310855906490872e-07,0.0250190624496814,0.0,0.02501907057761,0.0195387714036502,0.0250098373948773,0.0255164122594256,0.0,0.019538777786875,3.461605030865978e-05,0.0,0.0,0.0250098451030454,0.0,0.0,TFTP
0.0040760869565217,0.002815579540122,0.0019898580072433,0.0001580611169652,3.1441564280706093e-06,0.0016766943069351,0.0019898580072433,0.0001867995018679,0.0014910739421238,4.0748424996223536e-10,3.1441564280706093e-06,0.0,0.0003730150271768,4.15046526540804e-08,0.1050853306426539,4.7864714040380966e-08,0.1167105104051401,1.0,0.116710517768683,0.1116414601788706,0.3334386233268897,0.105359401868093,0.0891265869140625,0.1116414659624672,8.077078405353949e-05,0.0149931867535771,0.0,0.3334386233242574,0.0,0.1174300186325305,Syn
0.0,0.0,0.0552738352213611,0.0376712328767123,0.0002620130356725,0.0607853423454035,0.0552738352213611,0.0351494396014943,0.0595719525387572,1.886149510527341e-05,0.0002620130356725,5.672900390625e-05,0.0006394543323031,5.672052593916768e-05,0.0001733313562836,2.8362381992687323e-05,0.0003422383411231,1.0,0.0004679277501546,8.7897594784349e-05,0.0017627768278002,0.0002379410779396,0.1250152587890625,0.000144924727011,0.000265389719033,0.0,0.0003628887768159,0.0014222065524285,0.004306210513505,0.0,Benign
0.0237771739130434,0.016424213984045,0.0116075050422529,0.0037671232876712,4.585228124269638e-06,0.0242810175559863,0.0116075050422529,0.0010896637608966,0.0194336629539475,5.879225643887509e-06,4.585228124269638e-06,4.861921310424805e-05,5.328786102525844e-05,4.861073464335981e-05,0.0001743424451519,2.4307486583089884e-05,0.0001714067798171,0.0,2.5009500275504656e-08,0.0001339000229002,0.0001713934648697,0.0,0.0,5.859387359645212e-08,1.1538683436219929e-05,0.0,2.5440290011165232e-08,2.5000261669405472e-08,7.99289290183926e-05,0.0,Benign
0.0040760869565217,0.002815579540122,0.0019898580072433,0.0001580611169652,3.930195535088261e-06,0.0016145945177893,0.0019898580072433,0.0001867995018679,0.0014910739421238,4.3469078654586135e-10,3.930195535088261e-06,1.7774023115634918e-08,0.0004795907492273,4.4841987836639374e-08,0.1063400137549901,4.231503731228787e-08,0.1436404070663009,1.0,0.1436404142053428,0.0998970115008379,0.4688539273924548,0.1116943886874857,0.0891265869140625,0.122096351296991,0.0001038481509259,0.0376264091557183,8.480096670388411e-09,0.4688539073375635,0.0,0.1445259333863045,Syn
0.3505434782608695,0.2421398404504927,0.1711277886229285,0.0135932560590094,0.000135198726407,0.1602174559960227,0.1711277886229285,0.0160647571606475,0.1282323590226476,2.3370320857765707e-07,0.000135198726407,0.0,0.0001598635830757,3.248640318545609e-07,0.0254394629590548,3.312240820415164e-07,0.0250086668339802,0.0,0.0250086749619955,0.0195306537106928,0.0249994456191836,0.025505811180496,0.0,0.0195306600939705,3.461605030865978e-05,0.0,0.0,0.0249994533276114,0.0,0.0,TFTP
0.0040760869565217,0.002815579540122,0.0019898580072433,0.0001580611169652,3.1441564280706093e-06,0.0016394344097584,0.0019898580072433,0.0001867995018679,0.0014910739421238,3.2392200179603914e-10,3.1441564280706093e-06,1.589377224445343e-08,0.0003730150271768,3.125435012543692e-08,0.1580359910490336,2.9667523985294448e-08,0.2210260872849073,1.0,0.2210260937788234,0.1365404777060887,0.5243198509891033,0.170095086394946,0.0891265869140625,0.1755520499926054,8.077078405353949e-05,0.0692286873116256,8.480096670388411e-09,0.5243198545478109,0.0,0.2223886827592089,Syn
0.3505434782608695,0.2421398404504927,0.1711277886229285,0.0135932560590094,0.0002027980896105,0.1495362922629545,0.1711277886229285,0.0160647571606475,0.1282323590226476,1.752672406045926e-07,0.0002027980896105,0.0,0.0002664393051262,2.415135031861612e-07,0.0241353970557788,2.478735575585143e-07,0.0250113595235323,0.0,0.0250113676515252,0.023438143667947,0.0500017996022141,0.0241983441655902,0.0,0.0234381500257852,5.7693417181099634e-05,0.0,0.0,0.0500018066855766,0.0,0.0,TFTP
0.3505434782608695,0.2421398404504927,0.1711277886229285,0.0135932560590094,0.000135198726407,0.1602174559960227,0.1711277886229285,0.0160647571606475,0.1282323590226476,2.3385716952566545e-07,0.000135198726407,0.0,0.0001598635830757,3.250836350690863e-07,0.0254227131653327,3.314436953556569e-07,0.0249922022461615,0.0,0.0249922103743141,0.0195177947967661,0.0249829871131731,0.0254890177019278,0.0,0.0195178011801274,3.461605030865978e-05,0.0,0.0,0.0249829948220124,0.0,0.0,TFTP
0.2989130434782608,0.2064758329422806,0.1459229205311793,0.0115911485774499,0.0001152857356959,0.1366195361206395,0.1459229205311793,0.0136986301369863,0.1093454224224127,0.0110708534621578,0.0001152857356959,0.0,0.0001598635830757,0.0185185101954746,3.588797504898267e-07,0.018518515497364,3.751425072599453e-07,0.0,3.8347900422440473e-07,3.4505281323152335e-07,4.416713005347281e-07,3.598157385330725e-07,0.0,3.515632415787127e-07,3.461605030865978e-05,0.0,0.0,4.500047100492986e-07,0.0,0.0,DrDoS_NTP
0.2241847826086956,0.1548568747067104,0.1159092289219254,0.0097207586933614,9.15735559675565e-05,0.1073084356438477,0.1159092289219254,0.0114881693648816,0.0858858605831302,4.3541548728661525e-06,9.15735559675565e-05,0.0,0.0001598635830757,9.160784620301369e-06,0.000924814659025,9.167144792264023e-06,0.0009091536980943,0.0,0.0009091620270153,0.0007100210081415,0.0009088345351889,0.0009272266520725,0.0,0.0007100275139496,3.461605030865978e-05,0.0,0.0,0.0009088428458884,1.0422830888295866e-05,0.0,DrDoS_UDP
0.3505434782608695,0.2421398404504927,0.1711277886229285,0.0135932560590094,0.000135198726407,0.1602174559960227,0.1711277886229285,0.0160647571606475,0.1282323590226476,2.3363693142514818e-07,0.000135198726407,0.0,0.0001598635830757,3.247694970005683e-07,0.0254466784242886,3.311295490747022e-07,0.0250157611956175,0.0,0.0250157693235737,0.0195361932731952,0.0250065373602544,0.0255130454642594,0.0,0.0195361996564367,3.461605030865978e-05,0.0,0.0,0.025006545068505,0.0,0.0,TFTP
0.2241847826086956,0.1548568747067104,0.1192256589339977,0.0102476290832455,9.4193686324282e-05,0.1097924272096775,0.1192256589339977,0.0121108343711083,0.0878739591726287,4.524999647566091e-06,9.4193686324282e-05,0.0,0.0001598635830757,9.255497021464436e-06,0.00091535933575,9.261857049850068e-06,0.0008998585004145,0.0,0.0008998668294129,0.0007027619290615,0.0008995427710362,0.0009177466685331,0.0,0.0007027684349168,3.461605030865978e-05,0.0,0.0,0.0008995510819679,2.3853962517555835e-05,0.0,DrDoS_UDP
0.3505434782608695,0.2421398404504927,0.1711277886229285,0.0135932560590094,0.000135198726407,0.1602174559960227,0.1711277886229285,0.0160647571606475,0.1282323590226476,2.3481816125744405e-07,0.000135198726407,0.0,0.0001598635830757,3.2645435196944855e-07,0.0253181366553447,3.3281442337446255e-07,0.0248895715926754,0.0,0.0248895797216836,0.0194379191394771,0.0248807443738097,0.0253841684477608,0.0,0.0194379255233585,3.461605030865978e-05,0.0,0.0,0.0248807520852051,0.0,0.0,TFTP
0.2989130434782608,0.2064758329422806,0.1459229205311793,0.0115911485774499,0.0017869289032867,0.1110584608870482,0.1459229205311793,0.0136986301369863,0.1093454224224127,0.0042081309481499,0.0017869289032867,0.0,0.0032505595225407,0.0070390469837873,8.767078164447183e-07,0.0070390530706836,3.334600064532848e-06,0.0,3.342936536825789e-06,6.985371933708852e-07,1.8341859103338425e-05,8.789943428717244e-07,0.0,7.05047619416739e-07,0.0007038596896094,0.0,0.0,1.835019206534362e-05,0.0,0.0,DrDoS_NTP
0.0040760869565217,0.002815579540122,0.0019898580072433,0.0001580611169652,2.358117321052957e-06,0.0016766943069351,0.0019898580072433,0.0001867995018679,0.0014910739421238,5.786511259264761e-10,2.358117321052957e-06,3.549060225486755e-08,0.0002664393051262,6.25011229504124e-08,0.11136875605585,5.1115882924159884e-08,0.163640821390359,1.0,0.1636408283626673,0.0786175524134408,0.2348063968437802,0.1274448271182159,0.0891265869140625,0.1100645778705939,5.7693417181099634e-05,0.1125709957522352,8.480096670388411e-09,0.2348063909735588,0.0,0.1646496467589751,Syn
0.3505434782608695,0.2421398404504927,0.1711277886229285,0.0135932560590094,0.000135198726407,0.1602174559960227,0.1711277886229285,0.0160647571606475,0.1282323590226476,2.3364681998853547e-07,0.000135198726407,0.0,0.0001598635830757,3.247836016182325e-07,0.0254455896785167,3.31143675375544e-07,0.0250146941235968,0.0,0.0250147022515619,0.0195353668554309,0.0250054790158173,0.0255119538789485,0.0,0.0195353732386779,3.461605030865978e-05,0.0,0.0,0.0250054867240943,0.0,0.0,TFTP
0.0543478260869565,0.0375410605349601,0.1260243404587458,0.0115911485774499,0.0002986948606667,0.1034996460493951,0.1260243404587458,0.0136986301369863,0.0955816635400386,0.0062709030100334,0.0002986948606667,0.0,0.0005861664712778,0.0121457406107687,4.959387358116528e-07,0.0121457469291661,8.336500161332119e-07,0.0,8.419865092753234e-07,4.320558483889502e-07,2.050021508142323e-06,4.972321850137005e-07,0.0,4.385662761697123e-07,0.0001269255177984,0.0,0.0,2.058354877447717e-06,0.0004174825582183,0.0,DrDoS_NTP
0.0,0.0,0.0,0.0,0.0,0.0,0.0,0.0,0.0,0.0,0.0,0.0054347827148437,0.0,0.0040760785110048,1.8694733660845887e-06,0.0013586935615708,1.5089065292011135e-06,0.0,0.0,1.7903683713536358e-06,1.5250159999595328e-06,0.0,0.0037078857421875,0.0,0.0,0.0,1.6960193340776826e-08,0.0,0.0,0.0,Benign
0.0,0.0,0.0,0.0,0.0,0.0,0.0,0.0,0.0,0.0,0.0,5.50815999507904e-07,0.0,3.357799287800598e-07,0.0211426350523585,6.6731979513453e-08,0.0346789236561238,1.0,1.667300018366977e-08,0.0157594738563084,0.0605169015898258,0.0,0.1250152587890625,3.906258239763474e-08,1.1538683436219929e-05,0.0,0.0352762778182787,1.6666841112936986e-08,0.0,0.0,Benign
0.3505434782608695,0.2421398404504927,0.1711277886229285,0.0135932560590094,0.000135198726407,0.1602174559960227,0.1711277886229285,0.0160647571606475,0.1282323590226476,2.3211471882400278e-07,0.000135198726407,0.0,0.0001598635830757,3.2259827900842935e-07,0.0256135594667726,3.28958330674866e-07,0.0251798151822923,0.0,0.0251798233088809,0.019664312440765,0.025170530747485,0.0256803617462914,0.0,0.0196643188231725,3.461605030865978e-05,0.0,0.0,0.0251705384516357,0.0,0.0,TFTP
0.0,0.0,0.0,0.0,0.0,0.0,0.0,0.0,0.0,0.0,0.0,2.922780227661133e-05,0.0,2.921932165019465e-05,0.0002894769949707,1.4611781148716432e-05,0.0002847831820112,0.0,3.334600036733954e-08,0.0002227413630695,0.0002851113246263,0.0,0.0037078857421875,7.81251647952695e-08,1.1538683436219929e-05,0.0,4.070446401786437e-07,3.3333682225873965e-08,0.0,0.0,Benign
0.0339673913043478,0.02346316283435,0.0165821500603612,0.0020547945205479,6.55032589181377e-06,0.019002535478598,0.0165821500603612,0.0015566625155666,0.0152089543992627,4.078062267932769e-06,6.55032589181377e-06,4.689771652221679e-05,5.328786102525844e-05,4.688923639649151e-05,0.0001807957998204,2.344673829024945e-05,0.0001777341834396,0.0,8.336500091834885e-09,0.000138815394705,0.0001776851975471,0.0,0.0,1.953129119881737e-08,1.1538683436219929e-05,0.0,8.480096670388411e-09,8.333420556468491e-09,5.372452024328121e-06,0.0,Benign
0.3396739130434782,0.2346316283435006,0.1658215006036129,0.0131717597471022,6.550325891813769e-05,0.1862993674372357,0.1658215006036129,0.0155666251556662,0.1242561618436508,0.0070765398550724,6.550325891813769e-05,0.0,5.328786102525844e-05,0.0104166582749184,0.0,0.0104166648942504,3.918155075826096e-07,0.0,4.001520044080745e-07,9.30991553010758e-07,3.916707759458909e-07,0.0,0.0,9.375019775432338e-07,1.1538683436219929e-05,0.0,0.0,4.000041867104876e-07,0.0,0.0,DrDoS_DNS
0.1032608695652173,0.0713280150164242,0.1140851924152857,0.0115911485774499,0.000135198726407,0.1036652505408109,0.1140851924152857,0.0136986301369863,0.0888964105258559,0.0170996818663838,0.000135198726407,0.0,0.0002664393051262,0.036585357683823,1.3755031378411357e-07,0.0365853651450411,1.8340300354930659e-07,0.0,1.9173950211220242e-07,1.536461545116752e-07,3.333368305922476e-07,1.379090563681432e-07,0.0,1.601565841050043e-07,5.7693417181099634e-05,0.0,0.0,3.4167024281520817e-07,0.0004510980375114,0.0,DrDoS_NTP
0.0,0.0,0.0363786857431564,0.0769230769230769,9.340764721726436e-05,0.2103480869050162,0.0363786857431564,0.012173100871731,0.2029280588372341,1.17420957864463e-05,9.340764721726436e-05,1.0583498954772949e-05,0.000213151444101,1.0197036425921662e-05,0.001445092102421,4.911647327645358e-06,0.0041735354217683,1.0,0.0046331349735386,0.0004968447453174,0.0055117744943674,0.0023395119154286,0.1250152587890625,0.001076511059828,0.0001384642012346,0.0,0.0042454331965799,0.0055117826899921,0.0271993093155486,0.0,Benign
0.0040760869565217,0.002815579540122,0.0019898580072433,0.0001580611169652,3.930195535088261e-06,0.001596851670128,0.0019898580072433,0.0001867995018679,0.0014910739421238,5.386736815274808e-10,3.930195535088261e-06,3.7758458405733116e-08,0.0004795907492273,5.75972230625502e-08,0.0949040778622212,4.5078055330192345e-08,0.124740785906046,1.0,0.1247412683831498,0.0795798835511857,0.4414068060930739,0.1047886408093656,0.0891265869140625,0.1149487287980998,0.0001038481509259,0.0325512500182434,0.1268905188313097,0.4414068200580499,0.0,0.1255097993743437,Syn
0.0,0.0,0.0,0.0,0.0,0.0,0.0,0.0,0.0,0.0,0.0,0.0,0.0,2.9017877997127277e-08,0.1844225765378363,3.5377939539526356e-08,0.2390707086521158,1.0,0.239070714995603,0.156258820209092,0.333354955782411,0.184903565856148,0.0891265869140625,0.1562588257022104,5.7693417181099634e-05,0.1762636792839328,0.0,0.3333549557818705,0.0,0.2405445460542646,UDP-lag
0.0040760869565217,0.002815579540122,0.0019898580072433,0.0001580611169652,3.930195535088262e-07,0.0019871932526638,0.0019898580072433,0.0001867995018679,0.0014910739421238,1.1046505690766969e-07,3.930195535088262e-07,1.806717300415039e-05,0.0,1.3541900346483992e-05,0.0005748526612097,4.5146732400422895e-06,0.0004614086109294,0.0,0.0,0.00054051221137,0.0004612381724904,0.0,0.249847412109375,0.0,0.0,0.0,0.0,0.0,0.0,0.0,Benign
0.3505434782608695,0.2421398404504927,0.1711277886229285,0.0135932560590094,0.000270397452814,0.1441957103964204,0.1711277886229285,0.0160647571606475,0.1282323590226476,1.558280073373973e-07,0.000270397452814,0.0,0.0003730150271768,2.137862244923965e-07,0.0235484639409162,2.2014628141292465e-07,0.0250143773365907,0.0,0.0250143854645584,0.025106672588988,0.0749859033937697,0.0236098802806663,0.0,0.0251066789359633,8.077078405353949e-05,0.0,0.0,0.0749859098525231,0.0,0.0,TFTP
0.0040760869565217,0.002815579540122,0.0019898580072433,0.0001580611169652,3.1441564280706093e-06,0.001596851670128,0.0019898580072433,0.0001867995018679,0.0014910739421238,9.668100268534523e-10,3.1441564280706093e-06,1.0165316611528397e-07,0.0003730150271768,1.1011528186789345e-07,0.0656621216408319,6.564876194991158e-08,0.0995887979612922,1.0,0.0995896391175794,0.0443392035171947,0.2459368636209274,0.0811952889342746,0.0891265869140625,0.0823442459605188,8.077078405353949e-05,0.041263779694735,0.0932824032295464,0.2459368741392826,0.0,0.1002027538325794,Syn
0.3505434782608695,0.2421398404504927,0.1711277886229285,0.0135932560590094,0.000135198726407,0.1602174559960227,0.1711277886229285,0.0160647571606475,0.1282323590226476,2.336399679815441e-07,0.000135198726407,0.0,0.0001598635830757,3.247738282128288e-07,0.0254463607969387,3.311339002137801e-07,0.0250154444086113,0.0,0.0250154525365702,0.0195359393664079,0.0250062123568446,0.025512727008511,0.0,0.0195359457496511,3.461605030865978e-05,0.0,0.0,0.0250062200651033,0.0,0.0,TFTP
0.0040760869565217,0.002815579540122,0.0019898580072433,0.0001580611169652,2.358117321052957e-06,0.0016766943069351,0.0019898580072433,0.0001867995018679,0.0014910739421238,3.3297099873212635e-10,2.358117321052957e-06,2.042222209274769e-08,0.0002664393051262,3.2364360425676586e-08,0.1756765660842318,2.8513311701739598e-08,0.2124709207243434,1.0,0.2124709272895797,0.1366249212441365,0.4080565228596856,0.1977549083271561,0.0891265869140625,0.191274895657983,5.7693417181099634e-05,0.020390598667303,0.0,0.4080565376584275,0.0,0.2137807750963584,Syn
0.0040760869565217,0.002815579540122,0.0019898580072433,0.0001580611169652,3.930195535088261e-06,0.0015835446232165,0.0019898580072433,0.0001867995018679,0.0014910739421238,5.68504263894543e-10,3.930195535088261e-06,5.230239406228065e-08,0.0004795907492273,6.12564411972736e-08,0.1010452649745028,4.1465306043987856e-08,0.1530511986574233,1.0,0.1530512057180121,0.0746860255400929,0.4779946149601686,0.1183108756621523,0.0891265869140625,0.1244767274118468,0.0001038481509259,0.0639277798393036,0.1526412482213845,0.4779946030101782,0.0,0.1539947408580519,Syn
0.3505434782608695,0.2421398404504927,0.1711277886229285,0.0135932560590094,0.000135198726407,0.1602174559960227,0.1711277886229285,0.0160647571606475,0.1282323590226476,2.3361575558550282e-07,0.000135198726407,0.0,0.0001598635830757,3.247392927019033e-07,0.025448973419592,3.310993593220595e-07,0.0250180203871612,0.0,0.0250180285150986,0.0195379645171773,0.0250088040507024,0.0255153464451002,0.0,0.0195379709004073,3.461605030865978e-05,0.0,0.0,0.0250088117588964,0.0,0.0,TFTP
0.3716032608695652,0.2566870014077897,0.1814087216603525,0.0144099051633298,7.166056525644263e-05,0.2038115079763358,0.1814087216603525,0.0170298879202988,0.1359362410569539,0.3716032608695652,7.166056525644263e-05,0.0,5.328786102525844e-05,0.4999999957599588,0.0,0.4999999989399897,0.0,0.0,8.336500091834885e-09,1.3020860689957046e-08,0.0,0.0,0.0,1.953129119881737e-08,1.1538683436219929e-05,0.0,0.0,8.333420556468491e-09,0.0,0.0,DrDoS_MSSQL
0.0040760869565217,0.002815579540122,0.0019898580072433,0.0001580611169652,5.502273749123566e-06,0.0015581402178595,0.0019898580072433,0.0001867995018679,0.0014910739421238,7.231333184300202e-10,5.502273749123566e-06,6.451226025819779e-08,0.0006927421933283,8.022427204780754e-08,0.0762371882713387,5.432820448062408e-08,0.1497234678690234,1.0,0.1497234749573538,0.0576672688272287,0.5167030877432289,0.0877587318578153,0.0891265869140625,0.0931548254047098,0.0001500028846708,0.0578708968181468,0.3082999522808,0.5167030748255165,0.0,0.15064649519263,Syn
0.0040760869565217,0.002815579540122,0.0019898580072433,0.0001580611169652,2.358117321052957e-06,0.0016766943069351,0.0019898580072433,0.0001867995018679,0.0014910739421238,6.343384472830614e-10,2.358117321052957e-06,3.8906089961528776e-08,0.0002664393051262,6.933210109474746e-08,0.0932899434054892,5.6239118220303386e-08,0.1217013563027255,1.0,0.1217013636246622,0.071715872771215,0.2141932055770485,0.1052429170140104,0.0891265869140625,0.1004022235046902,5.7693417181099634e-05,0.0354946583751572,0.0,0.2141932085555828,0.0,0.1224516322202733,Syn
0.0,0.0,0.0233935865012554,0.0664910432033719,0.0001201329768558,0.0414773755125127,0.0233935865012554,0.0160958904109589,0.0406317649228738,2.2584287802613866e-08,0.0001201329768558,8.89558494091034e-08,0.0006394543323031,9.106574966462433e-08,0.1773923119170198,5.294788756456987e-08,0.4900304086348134,1.0,0.490030412886175,0.0501173212117797,0.9836443367351664,0.2387725094095022,0.1250152587890625,0.0922158878772634,0.0002884670859054,0.0038028077503463,0.5005861103614706,0.9836442954769592,0.0044407081213932,0.4930513685988548,Benign
0.3505434782608695,0.2421398404504927,0.1711277886229285,0.0135932560590094,0.0002027980896105,0.1495362922629545,0.1711277886229285,0.0160647571606475,0.1282323590226476,1.750220701473696e-07,0.0002027980896105,0.0,0.0002664393051262,2.411638026860715e-07,0.0241692473185054,2.475238571068757e-07,0.0250812694138852,0.0,0.0250812775412953,0.0234709757686659,0.0500718420037423,0.0242322827125991,0.0,0.0234709821262904,5.7693417181099634e-05,0.0,0.0,0.0500718490853537,0.0,0.0,TFTP
0.0040760869565217,0.002815579540122,0.0019898580072433,0.0001580611169652,4.716234642105914e-06,0.0015649147338511,0.0019898580072433,0.0001867995018679,0.0014910739421238,1.0472528752456151e-09,4.716234642105914e-06,1.0277041792869569e-07,0.0005861664712778,1.1998293802101066e-07,0.0578103037812944,7.495779303892564e-08,0.1131820950483565,1.0,0.113182102441314,0.0400100561736212,0.3243509529820816,0.0692074732794642,0.0891265869140625,0.0691082903065498,0.0001269255177984,0.0504643396278887,0.0773901847833416,0.3243509615400641,0.0,0.1138798512135369,Syn
0.3505434782608695,0.2421398404504927,0.1711277886229285,0.0135932560590094,0.000135198726407,0.1602174559960227,0.1711277886229285,0.0160647571606475,0.1282323590226476,2.338444551955692e-07,0.000135198726407,0.0,0.0001598635830757,3.250654999004232e-07,0.0254241085224771,3.314255457412843e-07,0.024993569432188,0.0,0.0249935775603292,0.0195188568107319,0.0249843454607577,0.025490416698279,0.0,0.0195188631940864,3.461605030865978e-05,0.0,0.0,0.0249843531695631,0.0,0.0,TFTP
0.0040760869565217,0.002815579540122,0.0019898580072433,0.0001580611169652,7.860391070176523e-07,0.0022355924092468,0.0019898580072433,0.0001867995018679,0.0014910739421238,0.0040760869565217,7.860391070176523e-07,0.0,5.328786102525844e-05,0.4999999957599588,0.0,0.4999999989399897,0.0,0.0,8.336500091834885e-09,1.3020860689957046e-08,0.0,0.0,0.25164794921875,1.953129119881737e-08,1.1538683436219929e-05,0.0,0.0,8.333420556468491e-09,0.0,0.0,Benign
0.0040760869565217,0.002815579540122,0.0019898580072433,0.0001580611169652,2.358117321052957e-06,0.0017387940960808,0.0019898580072433,0.0001867995018679,0.0014910739421238,3.786629781432458e-10,2.358117321052957e-06,0.0,0.0002664393051262,3.796924328097043e-08,0.1380971306051937,4.432930550622681e-08,0.1722308845405981,1.0,0.1722308914412955,0.1261457975090115,0.2691132901136021,0.1384572993326757,0.0891265869140625,0.1261458031981786,5.7693417181099634e-05,0.0916865256920071,0.0,0.2691132833856994,0.0,0.1732926661428595,Syn
0.0271739130434782,0.01877053026748,0.013265720048289,0.0014752370916754,5.240260713451015e-06,0.0144071510818128,0.013265720048289,0.0012453300124533,0.0115309721982905,3.0412885331257143e-06,5.240260713451015e-06,4.663309097290039e-05,5.328786102525844e-05,4.662461115428158e-05,0.0001817837379236,2.3314425515310745e-05,0.0001787178904586,0.0,2.5009500275504656e-08,0.0001396031599674,0.0001786935414597,0.0,0.0,5.859387359645212e-08,1.1538683436219929e-05,0.0,1.6960193340776826e-08,2.5000261669405472e-08,1.7542701412305688e-06,0.0,Benign
0.3505434782608695,0.2421398404504927,0.1711277886229285,0.0135932560590094,0.000135198726407,0.1602174559960227,0.1711277886229285,0.0160647571606475,0.1282323590226476,2.3350674521703245e-07,0.000135198726407,0.0,0.0001598635830757,3.245838050432317e-07,0.025460865167256,3.309438508035108e-07,0.0250297081603874,0.0,0.0250297162882273,0.0195470856302265,0.0250204791731939,0.0255272692074246,0.0,0.0195470920133972,3.461605030865978e-05,0.0,0.0,0.025020486881096,0.0,0.0,TFTP
0.3505434782608695,0.2421398404504927,0.1711277886229285,0.0135932560590094,0.000135198726407,0.1602174559960227,0.1711277886229285,0.0160647571606475,0.1282323590226476,2.3366153758942498e-07,0.000135198726407,0.0,0.0001598635830757,3.248045941654158e-07,0.0254439997057705,3.3116465621054937e-07,0.0250131268615665,0.0,0.0250131349895446,0.0195341363840774,0.0250039039992927,0.0255103597594221,0.0,0.0195341427673324,3.461605030865978e-05,0.0,0.0,0.0250039117076092,0.0,0.0,TFTP
0.3505434782608695,0.2421398404504927,0.1711277886229285,0.0135932560590094,0.0002027980896105,0.1495362922629545,0.1711277886229285,0.0160647571606475,0.1282323590226476,1.7508731382653756e-07,0.0002027980896105,0.0,0.0002664393051262,2.41256863438542e-07,0.0241599222935887,2.476169297598898e-07,0.0250670139986093,0.0,0.0250670221261383,0.0234622306329747,0.0500531834746499,0.0242229333672469,0.0,0.0234622369906561,5.7693417181099634e-05,0.0,0.0,0.0500531905567278,0.0,0.0,TFTP
0.2989130434782608,0.2064758329422806,0.1459229205311793,0.0115911485774499,0.0004611429427836,0.1161266057025436,0.1459229205311793,0.0136986301369863,0.1093454224224127,0.0036845983787767,0.0004611429427836,0.0,0.0007993179153788,0.0061633197694096,8.361177764638989e-07,0.0061633260180458,1.25881152436115e-06,0.0,1.2671480139589026e-06,8.385434357674146e-07,5.400056655594412e-06,8.3829844071271e-07,0.0,8.450538609017674e-07,0.0001730802515432,0.0,0.0,5.408389941148051e-06,0.0,0.0,DrDoS_NTP
0.2860054347826087,0.1975598310652276,0.139621703508242,0.01109062170706,5.515374400907194e-05,0.1568640673821524,0.139621703508242,0.0131070983810709,0.1046236882723539,0.005958446557971,5.515374400907194e-05,0.0,5.328786102525844e-05,0.0104166582749184,0.0,0.0104166648942504,3.918155075826096e-07,0.0,4.001520044080745e-07,9.30991553010758e-07,3.916707759458909e-07,0.0,0.0,9.375019775432338e-07,1.1538683436219929e-05,0.0,0.0,4.000041867104876e-07,0.0,0.0,MSSQL
0.2989130434782608,0.2064758329422806,0.1459229205311793,0.0115911485774499,0.0039773578815093,0.1100876286243398,0.1459229205311793,0.0136986301369863,0.1093454224224127,0.0033684468397844,0.0039773578815093,0.0,0.0073004369604604,0.0056344844633379,1.243395621695388e-06,0.0056344905677059,3.834790074212775e-06,0.0,3.843126542335882e-06,8.664100072668895e-07,5.10172019221435e-05,1.24663850021763e-06,0.0,8.729204322198189e-07,0.0015807996307621,0.0,0.0,5.102553406725657e-05,0.0,0.0,DrDoS_NTP
0.218070652173913,0.1506335053965274,0.1154117644201146,0.0103530031612223,0.000136770804621,0.0997322613680668,0.1154117644201146,0.0122353673723536,0.0855237400255307,3.345341357093991e-06,0.000136770804621,0.0,0.0002664393051262,7.066724686822744e-06,0.0008535693985759,7.073084843671741e-06,0.0009133552941757,0.0,0.0009133636230616,0.0008281515223744,0.0017667435360842,0.0008557955780972,0.0,0.0008281580274134,5.7693417181099634e-05,0.0,0.0,0.0017667518253357,2.581478814643425e-05,0.0,UDP
0.3505434782608695,0.2421398404504927,0.1711277886229285,0.0135932560590094,0.000135198726407,0.1602174559960227,0.1711277886229285,0.0160647571606475,0.1282323590226476,2.3340420811937466e-07,0.000135198726407,0.0,0.0001598635830757,3.244375505771152e-07,0.0254720261884154,3.307976108072444e-07,0.0250406873310999,0.0,0.0250406954588483,0.0195556732948814,0.0250314709551827,0.0255384593374494,0.0,0.0195556796779961,3.461605030865978e-05,0.0,0.0,0.02503147866281,0.0,0.0,TFTP
0.2241847826086956,0.1548568747067104,0.1159092289219254,0.0097207586933614,9.15735559675565e-05,0.1073084356438477,0.1159092289219254,0.0114881693648816,0.0858858605831302,4.462337716459767e-06,9.15735559675565e-05,0.0,0.0001598635830757,9.38860314264788e-06,0.0009023932434097,9.39496328182171e-06,0.0008871119916678,0.0,0.0008871203207725,0.0006928074554843,0.0008868009706868,0.0009047467595526,0.0,0.0006928139614044,3.461605030865978e-05,0.0,0.0,0.0008868092819371,1.0422830888295866e-05,0.0,UDP
0.2989130434782608,0.2064758329422806,0.1459229205311793,0.0115911485774499,0.0003458572070877,0.118403595444374,0.1459229205311793,0.0136986301369863,0.1093454224224127,0.0023723257418909,0.0003458572070877,0.0,0.0005861664712778,0.0039682455218226,1.1490854343266977e-06,0.0039682517946422,1.9090585369450554e-06,0.0,1.917395021122024e-06,1.3358219414935088e-06,6.291732677428673e-06,1.152082344087501e-06,0.0,1.3423323633903645e-06,0.0001269255177984,0.0,0.0,6.300065940690179e-06,0.0,0.0,DrDoS_NTP
0.0,0.0,0.0076277890277661,0.0012118018967334,6.026299820468668e-06,0.0071414757517607,0.0076277890277661,0.0014321295143212,0.0063508704415644,8.026300581746268e-07,6.026299820468668e-06,2.5684162139892577e-05,5.328786102525844e-05,2.567568199696003e-05,0.0002841427086996,1.283996107660076e-05,0.0003774016988036,0.0,0.0006491299161508,0.0002172623590144,0.0006489068081139,0.0006620211227206,0.0039520263671875,0.0005069607175025,3.461605030865978e-05,0.0,1.6960193340776826e-08,0.0006489151253116,1.3426054067245323e-05,0.0,Benign
0.3505434782608695,0.2421398404504927,0.1711277886229285,0.0135932560590094,0.000135198726407,0.1602174559960227,0.1711277886229285,0.0160647571606475,0.1282323590226476,2.33839931411594e-07,0.000135198726407,0.0,0.0001598635830757,3.250590473712875e-07,0.0254245877174965,3.31419108439635e-07,0.0249940446126972,0.0,0.0249940527408344,0.0195192340087957,0.0249848287991621,0.0254908971430786,0.0,0.0195192403921477,3.461605030865978e-05,0.0,0.0,0.0249848365079554,0.0,0.0,TFTP
0.3505434782608695,0.2421398404504927,0.1711277886229285,0.0135932560590094,0.000135198726407,0.1602174559960227,0.1711277886229285,0.0160647571606475,0.1282323590226476,2.3362136058124826e-07,0.000135198726407,0.0,0.0001598635830757,3.247472874245847e-07,0.0254483620328432,3.311073463444763e-07,0.0250174201591496,0.0,0.0250174282870919,0.0195374957661855,0.0250082040444074,0.0255147334638042,0.0,0.0195375021494185,3.461605030865978e-05,0.0,0.0,0.0250082117526163,0.0,0.0,TFTP
0.3505434782608695,0.2421398404504927,0.1711277886229285,0.0135932560590094,0.000135198726407,0.1602174559960227,0.1711277886229285,0.0160647571606475,0.1282323590226476,2.332367200544193e-07,0.000135198726407,0.0,0.0001598635830757,3.241986528700367e-07,0.0254903420869325,3.305587153904781e-07,0.0250586858349482,0.0,0.0250586939625465,0.0195697162933448,0.0250494461437724,0.0255568230053434,0.0,0.0195697226763681,3.461605030865978e-05,0.0,0.0,0.0250494538509503,0.0,0.0,TFTP
0.0040760869565217,0.002815579540122,0.010695486788933,0.0012118018967334,8.449920400439762e-06,0.0108674631005054,0.010695486788933,0.0014321295143212,0.0086979313290555,0.0001672440258878,8.449920400439762e-06,0.0,0.0001598635830757,0.003816785445414,2.1709064313415783e-06,0.0038167918333836,2.1424805414623545e-06,0.0,2.1508170236934005e-06,1.6992223948363973e-06,2.175022819614416e-06,2.1765683346949094e-06,0.00390625,1.705732814367359e-06,3.461605030865978e-05,0.0,0.0,2.1833561857947447e-06,6.966827757998079e-06,0.0,Benign
0.3505434782608695,0.2421398404504927,0.1711277886229285,0.0135932560590094,0.000135198726407,0.1602174559960227,0.1711277886229285,0.0160647571606475,0.1282323590226476,2.336541396217736e-07,0.000135198726407,0.0,0.0001598635830757,3.2479404202542045e-07,0.0254448038721248,3.3115410618840174e-07,0.0250139188290818,0.0,0.0250139269570534,0.0195347552818713,0.0250046956742654,0.0255111660231087,0.0,0.0195347616651222,3.461605030865978e-05,0.0,0.0,0.025004703382562,0.0,0.0,TFTP
0.1032608695652173,0.0713280150164242,0.1422493326251373,0.0115911485774499,0.0014609846869101,0.1086459689807914,0.1422493326251373,0.0136986301369863,0.10664461038898,0.0297101449275362,0.0014609846869101,0.0,0.0027176809122881,0.0509803841090982,1.8387554478686008e-07,0.0509803886130589,4.084885079052738e-07,0.0,4.168250045917443e-07,9.1146025993855e-08,2.1166888742607727e-06,1.8435510740116447e-07,0.0,9.765645599408687e-08,0.0005884728552472,0.0,0.0,2.125022241899465e-06,7.011988224720546e-05,0.0,DrDoS_NTP
0.2989130434782608,0.2064758329422806,0.1459229205311793,0.0115911485774499,0.0023633575817664,0.1106285002009449,0.1459229205311793,0.0136986301369863,0.1093454224224127,0.0009555894567336,0.0023633575817664,0.0,0.0043163167430459,0.0015984320792814,1.2352392666585594e-05,0.0015984384351259,6.047297217030319e-05,0.0,6.048130816626209e-05,3.085943929968659e-06,0.0001068677878878,1.2384608727329116e-05,0.0,3.092454340471466e-06,0.0009346333583338,0.0,0.0,0.0001068761186367,0.0,0.0,DrDoS_NTP
0.0,0.0,0.0233935865012554,0.0753424657534246,0.0001201329768558,0.043921027231182,0.0233935865012554,0.0160958904109589,0.0430622151451758,2.5064681662918078e-08,0.0001201329768558,9.794434905052185e-08,0.0006394543323031,9.585194517169195e-08,0.1728226494606695,5.323983111529866e-08,0.4895110446747625,1.0,0.4895110489304537,0.0477758172339881,0.978457015644856,0.237506358806573,0.1250152587890625,0.0917295782577041,0.0002884670859054,0.0088737732285092,0.499355241289957,0.9784569745163332,0.0054012341581189,0.4925288028510248,Benign
0.0,0.0,0.0,0.0,0.0,0.0,0.0,0.0,0.0,0.0,0.0,0.0,0.0,3.300075504525954e-08,0.1470581876267131,3.9360815044119195e-08,0.168099315060642,1.0,0.1680993219957821,0.141255272838305,0.3013471199668669,0.1474417275313528,0.0891265869140625,0.1412552784291029,5.7693417181099634e-05,0.0423293588085067,0.0,0.3013471207665307,0.0,0.1691356262612455,UDP-lag
0.2989130434782608,0.2064758329422806,0.1459229205311793,0.0115911485774499,0.0025939290531582,0.1105100239308572,0.1459229205311793,0.0136986301369863,0.1093454224224127,0.0134376493072145,0.0025939290531582,0.0,0.004742619631248,0.0224775141880512,3.172805513193324e-07,0.0224775213651322,8.41986516294544e-07,0.0,8.503230093671583e-07,2.131617417654838e-07,8.33342076480619e-06,3.181080452138305e-07,0.0,2.1967217097134082e-07,0.0010269428258235,0.0,0.0,8.34175397702496e-06,0.0,0.0,DrDoS_NTP
0.2989130434782608,0.2064758329422806,0.1459229205311793,0.0115911485774499,0.00282450052455,0.1104108932005522,0.1459229205311793,0.0136986301369863,0.1093454224224127,0.0161307699674391,0.00282450052455,0.0,0.00516892251945,0.0269823706033559,3.310580872110153e-07,0.0269823768434326,1.2171290235544897e-06,0.0,1.2254655134997282e-06,1.763185613841989e-07,7.5584126336792144e-06,3.319215140575464e-07,0.0,1.8282899082992086e-07,0.0011192522933133,0.0,0.0,7.56674586527339e-06,0.0,0.0,DrDoS_NTP
0.0,0.0,0.0,0.0,0.0,0.0,0.0,0.0,0.0,0.0,0.0,0.0045045043945312,0.0,0.0033783699269448,2.2433679944773794e-06,0.0011261239809996,1.817357035170402e-06,0.0,0.0,2.161462906547151e-06,1.841685989022168e-06,0.0,0.0037689208984375,0.0,0.0,0.0,2.5440290011165232e-08,0.0,0.0,0.0,Benign
0.3505434782608695,0.2421398404504927,0.1711277886229285,0.0135932560590094,0.000135198726407,0.1602174559960227,0.1711277886229285,0.0160647571606475,0.1282323590226476,2.337840225344311e-07,0.000135198726407,0.0,0.0001598635830757,3.2497930137527805e-07,0.0254306685370523,3.313393574247564e-07,0.0250000218833129,0.0,0.0250000300114003,0.0195239019874226,0.0249908038618505,0.0254969938219143,0.0,0.0195239083707442,3.461605030865978e-05,0.0,0.0,0.0249908115704944,0.0,0.0,TFTP
0.0,0.0,0.0,0.0,0.0,0.0,0.0,0.0,0.0,0.0,0.0,0.0,0.0,6.032302210733811e-08,0.1232517350017613,6.668308135289173e-08,0.1211645690573373,1.0,0.1211645763837489,0.0946240706563993,0.1211198290822068,0.1235731857108456,0.0891265869140625,0.0946240765507864,3.461605030865978e-05,0.0,0.0,0.1211198343875999,0.0,0.121911535775606,UDP-lag
0.2241847826086956,0.1548568747067104,0.1159092289219254,0.0097207586933614,9.15735559675565e-05,0.1073084356438477,0.1159092289219254,0.0114881693648816,0.0858858605831302,4.549901602356878e-06,9.15735559675565e-05,0.0,0.0001598635830757,9.57300091250994e-06,0.0008850259812011,9.579360979661369e-06,0.0008700388393374,0.0,0.0008700471685844,0.0006794740685077,0.0008697341249605,0.0008873342020892,0.0,0.0006794805745146,3.461605030865978e-05,0.0,0.0,0.0008697424366375,1.0422830888295866e-05,0.0,DrDoS_UDP
0.1032608695652173,0.0713280150164242,0.142385398558616,0.0115911485774499,0.0015186275547581,0.1086700296168691,0.142385398558616,0.0136986301369863,0.1067428231145583,0.0318825910931174,0.0015186275547581,0.0,0.0028242566343386,0.0546558624287479,1.837677427613793e-07,0.0546558690896009,3.668060070986132e-07,0.0,3.7514250413256985e-07,8.451276005318305e-08,2.050021508142323e-06,1.842470242190936e-07,0.0,9.102319009660033e-08,0.0006115502221196,0.0,0.0,2.058354877447717e-06,6.761913973576582e-05,0.0,DrDoS_NTP
0.3505434782608695,0.2421398404504927,0.1711277886229285,0.0135932560590094,0.0002027980896105,0.1495362922629545,0.1711277886229285,0.0160647571606475,0.1282323590226476,1.7519862290514238e-07,0.0002027980896105,0.0,0.0002664393051262,2.414156298775883e-07,0.0241448524364287,2.477756867315856e-07,0.0250291412783764,0.0,0.0250291494062211,0.0234473233748702,0.0500213831410114,0.0242078242066542,0.0,0.0234473297326486,5.7693417181099634e-05,0.0,0.0,0.0500213902238843,0.0,0.0,TFTP
0.0,0.0,0.0,0.0,0.0,0.0,0.0,0.0,0.0,0.0,0.0,0.0,0.0,6.900332734853671e-08,0.1204764283933264,7.536338774632086e-08,0.1544806750130872,1.0,0.1544806820617592,0.0756211788859577,0.1613265425843092,0.1207906408734543,0.0891265869140625,0.0756211849040619,5.7693417181099634e-05,0.0,0.0,0.1613265552179446,0.0,0.1554330296848883,UDP-lag
0.2989130434782608,0.2064758329422806,0.1459229205311793,0.0115911485774499,0.0057642867847961,0.1098421100732104,0.1459229205311793,0.0136986301369863,0.1093454224224127,0.0048516968589232,0.0057642867847961,0.0,0.0106042843440264,0.0081155572436643,1.34713333151904e-06,0.008115563326872,7.302774141326936e-06,0.0,7.311110580539194e-06,5.981744193716317e-07,5.1333871911206136e-05,1.3506467665602723e-06,0.0,6.046848460708903e-07,0.0022961980038077,0.0,0.0,5.134220404840237e-05,0.0,0.0,DrDoS_NTP
0.0,0.0,0.0311981301763553,0.0727608008429926,8.626779199518735e-05,0.0794553308757422,0.0311981301763553,0.0160958904109589,0.0761793793623135,4.633680528122835e-07,8.626779199518735e-05,8.344026207923889e-07,0.0002664393051262,1.057701032767737e-06,0.0165140903605085,6.468597638630143e-07,0.0440062335346306,1.0,0.0440062415042727,0.0047878942452187,0.0449427965248402,0.0215229550855608,0.4455718994140625,0.0081026013199402,0.0001500028846708,0.0,0.0002221954929575,0.044942803734679,0.0098291717844298,0.0442775326388023,Benign
0.0,0.0,0.0,0.0,0.0,0.0,0.0,0.0,0.0,0.0,0.0,0.013513513671875,0.0,0.0101351267409994,7.270174201440067e-07,0.0033783763051104,5.918915114545805e-07,0.0,0.0,7.161473484250387e-07,6.08339715830852e-07,0.0,0.00372314453125,0.0,0.0,0.0,1.6960193340776826e-08,0.0,0.0,0.0,Benign
0.1521739130434782,0.1051149694978883,0.1436121173575761,0.0115911485774499,0.0017586314954341,0.1093276794224525,0.1436121173575761,0.0136986301369863,0.1076413368337006,0.0180943754313319,0.0017586314954341,0.0,0.0032505595225407,0.030753960034682,3.015019823522816e-07,0.0307539666951784,1.0087165195211864e-06,0.0,1.017053011203856e-06,1.5486285552400429e-07,4.191710644697514e-06,3.0228832443514205e-07,0.0,1.6137328510941215e-07,0.0007038596896094,0.0,0.0,4.20004396046012e-06,3.328666741882709e-05,0.0,DrDoS_NTP
0.5679347826086957,0.3923040825903331,0.2772535490092408,0.0220231822971549,0.0001095214489111,0.3114925423550581,0.2772535490092408,0.0260273972602739,0.2077563026025841,0.5679347826086957,0.0001095214489111,0.0,5.328786102525844e-05,0.4999999957599588,0.0,0.4999999989399897,0.0,0.0,8.336500091834885e-09,1.3020860689957046e-08,0.0,0.0,0.0,1.953129119881737e-08,1.1538683436219929e-05,0.0,0.0,8.333420556468491e-09,0.0,0.0,DrDoS_DNS
0.2989130434782608,0.2064758329422806,0.1459229205311793,0.0115911485774499,0.0017869289032867,0.1110584608870482,0.1459229205311793,0.0136986301369863,0.1093454224224127,0.015215606482473,0.0017869289032867,0.0,0.0032505595225407,0.0254515516700674,2.8686690488056573e-07,0.0254515584808122,8.503230164558762e-07,0.0,8.586595094589932e-07,1.884822932450906e-07,5.066719825002164e-06,2.876150774720944e-07,0.0,1.9499272261162145e-07,0.0007038596896094,0.0,0.0,5.075053118889311e-06,0.0,0.0,DrDoS_NTP
0.0,0.0,0.0101980222871221,0.0012118018967334,8.056900846930936e-06,0.0104948643656309,0.0101980222871221,0.0014321295143212,0.0083997163510309,5.7786848277106265e-05,8.056900846930936e-06,0.0,0.0001065757220505,0.0013831173961002,6.105674534253745e-06,0.0013831237374038,6.002280116159126e-06,0.0,6.010616566212952e-06,4.700530778923835e-06,6.016729792190069e-06,6.121598637946448e-06,0.0220489501953125,4.707041178914986e-06,3.461605030865978e-05,0.0,0.0,6.02506306232672e-06,9.11854992143317e-06,0.0,Benign
0.2989130434782608,0.2064758329422806,0.1459229205311793,0.0115911485774499,0.0057642867847961,0.1098421100732104,0.1459229205311793,0.0136986301369863,0.1093454224224127,0.0245614661855596,0.0057642867847961,0.0,0.0106042843440264,0.0410846262150729,1.993694525322607e-07,0.0410846307795796,4.4183450855060236e-07,0.0,4.501710049590838e-07,1.1293469900544649e-07,1.0133439650004327e-05,1.9988942453821522e-07,0.0,1.194451288638247e-07,0.0022961980038077,0.0,0.0,1.0141772817222156e-05,0.0,0.0,DrDoS_NTP
0.0,0.0,0.0162136579773663,0.0228925184404636,5.764286784796117e-05,0.0191267350568895,0.0162136579773663,0.0136986301369863,0.0185887225702095,1.660262699521833e-08,5.764286784796117e-05,1.493602246046066e-07,0.0001065757220505,1.502151587643188e-07,0.0544130130537276,8.189510315323465e-08,0.0852180221961817,1.0,0.085399056921756,0.0317009272643315,0.4463528663188224,0.0697834032615523,0.4455718994140625,0.0615123953777089,0.0001961576184157,0.0005383719562203,0.0868703477341656,0.4461736366173966,0.0011432420695743,0.0857433847538029,Benign
0.0,0.0,0.0272983645368697,0.0402792413066385,8.626779199518735e-05,0.0743955473966028,0.0272983645368697,0.0160958904109589,0.0716727955452224,4.4472210607552754e-07,8.626779199518735e-05,8.406715393066406e-07,0.0002664393051262,1.0843929487776889e-06,0.0171291197258731,6.704172480628895e-07,0.0486472298664455,1.0,0.0486472377973979,0.0046465862680046,0.0495640616762804,0.022159130268414,0.4455718994140625,0.0077443211452477,0.0001730802515432,0.0,0.0002073298834943,0.0495640687705864,0.0064341516740533,0.0489471398995237,Benign
0.0040760869565217,0.002815579540122,0.0019898580072433,0.0001580611169652,1.5720782140353049e-06,0.0018629936743723,0.0019898580072433,0.0001867995018679,0.0014910739421238,2.1820358610809087e-10,1.5720782140353049e-06,0.0,0.0001598635830757,1.8286224357744492e-08,0.3168200697831327,2.464628527509392e-08,0.3114549722909323,1.0,0.311454978030988,0.2432323050162702,0.3113399498083067,0.3176463627037351,0.0891265869140625,0.2432323099431537,3.461605030865978e-05,0.0,0.0,0.3113399586915676,0.0,0.3133750459908185,Syn
0.0271739130434782,0.01877053026748,0.013265720048289,0.0014752370916754,5.240260713451015e-06,0.0144071510818128,0.013265720048289,0.0012453300124533,0.0115309721982905,1.4201465780621438e-06,5.240260713451015e-06,2.177558135986328e-05,5.328786102525844e-05,2.1767100965846432e-05,0.000389355477448,1.0885670682442978e-05,0.0003827787414077,0.0,3.334600036733954e-08,0.0002989719931147,0.0003826873483614,0.0,0.0,7.81251647952695e-08,1.1538683436219929e-05,0.0,1.6960193340776826e-08,3.3333682225873965e-08,1.7542701412305688e-06,0.0,Benign
0.0,0.0,0.0,0.0,0.0,0.0,0.0,0.0,0.0,0.0,0.0,0.0,0.0,2.3067533745495278e-07,0.0277817314936866,2.3703539165628763e-07,0.035480536502137,1.0,0.0354805445428536,0.0245003260911845,0.0522678067097387,0.027854188545006,0.4455718994140625,0.0245003324421074,5.7693417181099634e-05,0.0,0.0,0.0522678137364504,0.0,0.0,Benign
0.3505434782608695,0.2421398404504927,0.1711277886229285,0.0135932560590094,0.000135198726407,0.1602174559960227,0.1711277886229285,0.0160647571606475,0.1282323590226476,2.334177294640312e-07,0.000135198726407,0.0,0.0001598635830757,3.244568368363237e-07,0.0254705628994099,3.308168929098701e-07,0.0250392451165719,0.0,0.0250392532443324,0.0195545404799845,0.0250300209399696,0.0255369922320653,0.0,0.0195545468631066,3.461605030865978e-05,0.0,0.0,0.0250300286476331,0.0,0.0,TFTP
0.0,0.0,0.0339726799361652,0.0753424657534246,0.0001073598413668,0.0703140933348915,0.0339726799361652,0.0160958904109589,0.068001254999369,1.4082529821133584e-05,0.0001073598413668,3.282778549194336e-05,0.0003730150271768,3.660712706231142e-05,0.0002332874918042,2.019959358426876e-05,0.0004466946881446,1.0,0.000469136542668,0.0001381097123647,0.0016500339782731,0.000326804656006,0.9802398681640624,0.0002578169538973,0.0001730802515432,0.0,0.0003613708395119,0.0016500422704424,0.0085322611065624,0.0,Benign
0.0339673913043478,0.02346316283435,0.0165821500603612,0.0020547945205479,6.55032589181377e-06,0.019002535478598,0.0165821500603612,0.0015566625155666,0.0152089543992627,4.227346705840079e-06,6.55032589181377e-06,4.8614486694335934e-05,5.328786102525844e-05,4.860600744698393e-05,0.0001743721223099,2.4305123378128815e-05,0.0001714317893176,0.0,1.667300018366977e-08,0.0001339130405822,0.0001714101317112,0.0,0.0,3.906258239763474e-08,1.1538683436219929e-05,0.0,2.5440290011165232e-08,1.6666841112936986e-08,5.372452024328121e-06,0.0,Benign
0.0040760869565217,0.002815579540122,0.0019898580072433,0.0001580611169652,4.716234642105914e-06,0.0015731946978408,0.0019898580072433,0.0001867995018679,0.0014910739421238,6.723563780935271e-10,4.716234642105914e-06,5.4983809590339665e-08,0.0005861664712778,7.39956339803784e-08,0.0813417278410822,5.2863789135903814e-08,0.1487383269719584,1.0,0.1487383340685014,0.0626856925315758,0.4546840537268636,0.0925760138040589,0.0891265869140625,0.096877889898674,0.0001269255177984,0.0602807776203254,0.3045183718919936,0.4546840590264845,0.0,0.1496552810746112,Syn
0.0040760869565217,0.002815579540122,0.0019898580072433,0.0001580611169652,7.860391070176523e-07,0.0018629936743723,0.0019898580072433,0.0001867995018679,0.0014910739421238,3.406532912558388e-07,7.860391070176523e-07,4.178680419921875e-05,5.328786102525844e-05,4.17783239993066e-05,0.0002028864779251,2.0891282123332813e-05,0.00019945910286,0.0,2.5009500275504656e-08,0.0001557946004766,0.0001994187589018,0.0,0.24652099609375,5.859387359645212e-08,1.1538683436219929e-05,0.0,8.480096670388411e-09,2.5000261669405472e-08,0.0,0.0,Benign
0.2989130434782608,0.2064758329422806,0.1459229205311793,0.0115911485774499,0.0027668576567021,0.1104341275576971,0.1459229205311793,0.0136986301369863,0.1093454224224127,0.0083905415713196,0.0027668576567021,0.0,0.0050623467973995,0.0140350793582345,1.471157656809286e-06,0.0140350858003591,7.4778406447149105e-06,0.0,7.486177082467727e-06,3.4505281323152335e-07,1.424181608705378e-05,1.4749945575389132e-06,0.0,3.515632415787127e-07,0.0010961749264408,0.0,0.0,1.425014915156112e-05,0.0,0.0,DrDoS_NTP
0.3505434782608695,0.2421398404504927,0.1711277886229285,0.0135932560590094,0.000135198726407,0.1602174559960227,0.1711277886229285,0.0160647571606475,0.1282323590226476,2.3368451321211658e-07,0.000135198726407,0.0,0.0001598635830757,3.248373655965096e-07,0.0254409115600903,3.311974387652453e-07,0.0250102841150115,0.0,0.0250102922430133,0.0195322162139989,0.0250014456401671,0.0255072635596027,0.0,0.0195322225972664,3.461605030865978e-05,0.0,0.0,0.025001453348545,0.0,0.0,TFTP
0.3505434782608695,0.2421398404504927,0.1711277886229285,0.0135932560590094,0.0002027980896105,0.1495362922629545,0.1711277886229285,0.0160647571606475,0.1282323590226476,1.7521356822578382e-07,0.0002027980896105,0.0,0.0002664393051262,2.414369472343429e-07,0.0241427924486443,2.477970102932992e-07,0.0250261818208191,0.0,0.0250261899486885,0.0234453238589207,0.0500171164295798,0.0242057588462515,0.0,0.0234453302167121,5.7693417181099634e-05,0.0,0.0,0.0500171235125594,0.0,0.0,TFTP
0.0040760869565217,0.002815579540122,0.0019898580072433,0.0001580611169652,3.930195535088262e-07,0.0022355924092468,0.0019898580072433,0.0001867995018679,0.0014910739421238,4.502570427405598e-08,3.930195535088262e-07,5.523152828216553e-06,0.0,5.514673022022497e-06,0.0,2.759456399391872e-06,0.0007546783501049,0.0,0.0,0.0017681222307271,0.0007543995815756,0.0,0.9725189208984376,0.0,0.0,0.0,0.0,0.0,0.0,0.0,Benign
0.0258152173913043,0.017832003754106,0.0126024340458745,0.0023709167544783,4.978247677778465e-06,0.0182573380088491,0.0126024340458745,0.0011830635118306,0.0146125244432134,4.164983319241806e-06,4.978247677778465e-06,4.7897308349609374e-05,5.328786102525844e-05,4.788882849502207e-05,0.0001770094448502,2.394653420500532e-05,0.0001740161043676,0.0,8.336500091834885e-09,0.0001359182595161,0.0001739768253068,0.0,0.0,1.953129119881737e-08,1.1538683436219929e-05,0.0,1.6960193340776826e-08,8.333420556468491e-09,1.8529477909286315e-05,0.0,Benign
0.5122282608695652,0.3538244955419991,0.2500588229102483,0.0198630136986301,9.877891444855164e-05,0.2809394460953515,0.2500588229102483,0.0234744707347447,0.1873782920602254,0.0104536379769299,9.877891444855164e-05,0.0,5.328786102525844e-05,0.010204073239102,0.0,0.0102040799328622,4.001520077439417e-07,0.0,4.0848850449990937e-07,9.505228443367328e-07,4.0000419671069713e-07,0.0,0.0,9.570332687420511e-07,1.1538683436219929e-05,0.0,0.0,4.083376072669561e-07,0.0,0.0,MSSQL
0.3505434782608695,0.2421398404504927,0.1711277886229285,0.0135932560590094,0.000135198726407,0.1602174559960227,0.1711277886229285,0.0160647571606475,0.1282323590226476,2.3443466839357905e-07,0.000135198726407,0.0,0.0001598635830757,3.259073543915452e-07,0.0253600891694904,3.322674017458767e-07,0.0249306371924701,0.0,0.0249306453211359,0.0194697160817558,0.024921444800825,0.0254262303775299,0.0,0.0194697224654302,3.461605030865978e-05,0.0,0.0,0.0249214525112029,0.0,0.0,TFTP
0.2010869565217391,0.1389019239793524,0.1444757473910237,0.0115911485774499,0.0018833497004142,0.1098677019785029,0.1444757473910237,0.0136986301369863,0.1082771940798734,0.0341479173000912,0.0018833497004142,0.0,0.0034637109666417,0.0576922997014607,1.6812754027142033e-07,0.0576923065960383,3.668060070986132e-07,0.0,3.7514250413256985e-07,7.94272530609194e-08,2.3750249179697644e-06,1.6856603078870245e-07,0.0,8.593768313744552e-08,0.0007500144233542,0.0,0.0,2.3833582791499887e-06,1.3924667311078962e-05,0.0,DrDoS_NTP
0.2989130434782608,0.2064758329422806,0.1459229205311793,0.0115911485774499,0.0057642867847961,0.1098421100732104,0.1459229205311793,0.0136986301369863,0.1093454224224127,0.0181379273955255,0.0057642867847961,0.0,0.0106042843440264,0.0303397976024443,2.73391903831182e-07,0.0303398045849254,8.41986516294544e-07,0.0,8.503230093671583e-07,1.5523614902820793e-07,1.3725143999635797e-05,2.741049325065445e-07,0.0,1.617465786111855e-07,0.0022961980038077,0.0,0.0,1.3733477077060071e-05,0.0,0.0,DrDoS_NTP
0.2989130434782608,0.2064758329422806,0.1459229205311793,0.0115911485774499,0.0016140002997429,0.1112473376383122,0.1459229205311793,0.0136986301369863,0.1093454224224127,0.0058162371211892,0.0016140002997429,0.0,0.0029308323563892,0.009728970059682,9.956119937658968e-07,0.00972897641623,2.300874044527665e-06,0.0,2.309210525438263e-06,5.044991889075438e-07,1.1983459059791304e-05,9.982086321123208e-07,0.0,5.110096162166686e-07,0.000634627588992,0.0,0.0,1.199179218075816e-05,0.0,0.0,DrDoS_NTP
0.0,0.0,0.0,0.0,0.0,0.0,0.0,0.0,0.0,0.0,0.0,0.0129870126953125,0.0,0.0097402513427755,7.581752871666864e-07,0.0032467510606907,6.169010119385768e-07,0.0,0.0,7.454442854140004e-07,6.333399781252706e-07,0.0,0.004364013671875,0.0,0.0,0.0,1.6960193340776826e-08,0.0,0.0,0.0,Benign
0.0040760869565217,0.002815579540122,0.0019898580072433,0.0001580611169652,2.358117321052957e-06,0.0017387940960808,0.0019898580072433,0.0001867995018679,0.0014910739421238,3.1352506881905907e-10,2.358117321052957e-06,0.0,0.0002664393051262,2.99789930027789e-08,0.1579479219812637,3.63390532626962e-08,0.1772472234556769,1.0,0.1772472303145555,0.1523538217121877,0.3250242183790911,0.1583598632129108,0.0891265869140625,0.1523538272307293,5.7693417181099634e-05,0.0357614041963728,0.0,0.3250242019199801,0.0,0.1783399299080801,Syn
0.2989130434782608,0.2064758329422806,0.1459229205311793,0.0115911485774499,0.0057642867847961,0.1098421100732104,0.1459229205311793,0.0136986301369863,0.1093454224224127,0.0259473128019323,0.0057642867847961,0.0,0.0106042843440264,0.0434027696657544,2.07470306895316e-07,0.0434027753157442,7.586215146812228e-07,0.0,7.669580084488095e-07,1.0655513518413013e-07,9.591767300291926e-06,2.080114065988169e-07,0.0,1.1306556508404205e-07,0.0022961980038077,0.0,0.0,9.6001004810517e-06,0.0,0.0,DrDoS_NTP
0.2241847826086956,0.1548568747067104,0.1159092289219254,0.0097207586933614,9.15735559675565e-05,0.1073084356438477,0.1159092289219254,0.0114881693648816,0.0858858605831302,4.590720518511046e-06,9.15735559675565e-05,0.0,0.0001598635830757,9.658960061420476e-06,0.0008771564423059,9.66532041435288e-06,0.0008623025671877,0.0,0.0008623108964992,0.0006734324144889,0.0008620007104907,0.0008794441387862,0.0,0.0006734389205352,3.461605030865978e-05,0.0,0.0,0.0008620090223611,1.0422830888295866e-05,0.0,DrDoS_UDP
0.3505434782608695,0.2421398404504927,0.1711277886229285,0.0135932560590094,0.0002027980896105,0.1495362922629545,0.1711277886229285,0.0160647571606475,0.1282323590226476,1.7501566204758218e-07,0.0002027980896105,0.0,0.0002664393051262,2.411546624506383e-07,0.024170167152623,2.475147226950445e-07,0.0250949412741498,0.0,0.0250949494014459,0.0234718351454843,0.0500736753563106,0.0242332049457201,0.0,0.0234718415031031,5.7693417181099634e-05,0.0,0.0,0.0500736824378761,0.0,0.0,TFTP
0.0625,0.0431722196152041,0.0305111561110647,0.0039251844046364,1.2052599640937337e-05,0.0356452789696577,0.0305111561110647,0.0028642590286425,0.0285292155177016,3.442520366007623e-06,1.2052599640937337e-05,2.1026514053344727e-05,5.328786102525844e-05,2.101803453057691e-05,0.000403228924869,1.051113702838968e-05,0.0003964172556716,0.0,2.5009500275504656e-08,0.00030962305096,0.0003963208247326,0.0,0.0,5.859387359645212e-08,1.1538683436219929e-05,0.0,2.5440290011165232e-08,2.5000261669405472e-08,2.226415442873774e-05,0.0,Benign
0.0040760869565217,0.002815579540122,0.0019898580072433,0.0001580611169652,4.716234642105914e-06,0.001596851670128,0.0019898580072433,0.0001867995018679,0.0014910739421238,4.781363318993711e-10,4.716234642105914e-06,1.6757540404796598e-08,0.0005861664712778,5.0171308111863e-08,0.09477106360643,4.8152600749966134e-08,0.1386567972508556,1.0,0.1386568044314433,0.0896555738155043,0.4972937924407056,0.0987628395467228,0.0891265869140625,0.105956600455329,0.0001269255177984,0.0562364524423986,1.6960193340776826e-08,0.4972938050084924,0.0,0.1395116004898798,Syn
0.2989130434782608,0.2064758329422806,0.1459229205311793,0.0115911485774499,0.0025362861853102,0.1105376246794265,0.1459229205311793,0.0136986301369863,0.1093454224224127,0.0324745034889962,0.0025362861853102,0.0,0.0046360439091974,0.054320979634885,1.655678584979982e-07,0.054320986276391,3.751425072599453e-07,0.0,3.8347900422440473e-07,8.441109666582996e-08,3.3667019889817013e-06,1.6599967315371065e-07,0.0,9.092152670990909e-08,0.0010038654589511,0.0,0.0,3.3750353253697388e-06,0.0,0.0,DrDoS_NTP
0.2241847826086956,0.1548568747067104,0.1192256589339977,0.0102476290832455,9.4193686324282e-05,0.1097924272096775,0.1192256589339977,0.0121108343711083,0.0878739591726287,4.531002086756478e-06,9.4193686324282e-05,0.0,0.0001598635830757,9.267785742692774e-06,0.0009141466602317,9.274146097117332e-06,0.0008986663808914,0.0,0.0008986747098998,0.0007018309120769,0.0008983510918668,0.0009165308302569,0.0,0.0007018374179383,3.461605030865978e-05,0.0,0.0,0.0008983594028284,2.3853962517555835e-05,0.0,UDP
0.0040760869565217,0.002815579540122,0.0019898580072433,0.0001580611169652,1.5720782140353049e-06,0.0017387940960808,0.0019898580072433,0.0001867995018679,0.0014910739421238,1.0215496488656907e-09,1.5720782140353049e-06,8.354005962610246e-08,0.0001598635830757,1.1683000889166945e-07,0.078627853666928,8.142003923220644e-08,0.0997894158376746,1.0,0.099790031906787,0.0467590963327231,0.0997535799146426,0.101773531236437,0.0891265869140625,0.0779318391921607,3.461605030865978e-05,0.0,8.480096670388411e-09,0.0997535857541975,0.0,0.1004046084830052,Syn
0.1521739130434782,0.1051149694978883,0.1369685594985842,0.0115911485774499,0.000432845534931,0.1094198284748031,0.1369685594985842,0.0136986301369863,0.1030302834957723,0.000953916369482,0.000432845534931,0.0,0.0007993179153788,0.0016999490353958,3.719898047030532e-06,0.0016999554031146,6.602508127775038e-06,0.0,6.610844572825064e-06,3.057298175101695e-06,1.960020563882416e-05,3.729599848509611e-06,0.0,3.0638085857909987e-06,0.0001730802515432,0.0,0.0,1.960853856937036e-05,0.0001175425436582,0.0,DrDoS_NTP
0.0,0.0,0.0,0.0,0.0,0.0,0.0,0.0,0.0,0.0,0.0,0.0,0.0,2.6635939797780143e-08,0.2728048358907243,3.2996000093510935e-08,0.5577259578148915,0.0,0.5577259615019092,0.1497443044719982,0.8305887392601894,0.2735163334443891,0.0,0.1497443100075289,0.0001500028846708,0.4394678865281513,0.0,0.830588693494992,0.0,0.5611642489738755,Benign
0.3505434782608695,0.2421398404504927,0.1711277886229285,0.0135932560590094,0.000135198726407,0.1602174559960227,0.1711277886229285,0.0160647571606475,0.1282323590226476,2.336961974650405e-07,0.000135198726407,0.0,0.0001598635830757,3.248540315077981e-07,0.0254402120455219,3.312140982634954e-07,0.0250094087824945,0.0,0.0250094169105037,0.0195312396494326,0.0250001956270524,0.0255065622206425,0.0,0.0195312460327064,3.461605030865978e-05,0.0,0.0,0.0250002033354615,0.0,0.0,TFTP
0.0292119565217391,0.020178320037541,0.0142606490519107,0.0026870389884088,5.633280266959842e-06,0.0206792297855331,0.0142606490519107,0.0013387297633872,0.0165509203783745,4.7269751323292246e-06,5.633280266959842e-06,4.798694610595703e-05,5.328786102525844e-05,4.7978467874767765e-05,0.0001766659988031,2.3991353083274167e-05,0.0001736826443611,0.0,8.336500091834885e-09,0.0001356643527289,0.000173651821897,0.0,0.0,1.953129119881737e-08,1.1538683436219929e-05,0.0,2.5440290011165232e-08,8.333420556468491e-09,2.3853962517555835e-05,0.0,Benign
0.2989130434782608,0.2064758329422806,0.1459229205311793,0.0115911485774499,0.0007493572820234,0.1134993040154002,0.1459229205311793,0.0136986301369863,0.1093454224224127,0.0084844313651034,0.0007493572820234,0.0,0.0013321965256314,0.0141921313782593,5.099130496209493e-07,0.0141921375585045,9.003420174238689e-07,0.0,9.086785100100024e-07,3.5130282049535814e-07,3.8083732895164286e-06,5.112429449880988e-07,0.0,3.578132488018572e-07,0.0002884670859054,0.0,0.0,3.816706614862569e-06,0.0,0.0,DrDoS_NTP
0.0,0.0,0.0,0.0,0.0,0.0,0.0,0.0,0.0,0.0,0.0,0.0064102563476562,0.0,0.0048076838683795,1.5578944717371572e-06,0.0016025619702909,1.2671480245224822e-06,0.0,0.0,1.516930292789993e-06,1.2916802185449597e-06,0.0,0.003631591796875,0.0,0.0,0.0,2.5440290011165232e-08,0.0,0.0,0.0,Benign
0.2989130434782608,0.2064758329422806,0.1459229205311793,0.0115911485774499,0.0005187858106316,0.1153676116487803,0.1459229205311793,0.0136986301369863,0.1093454224224127,0.0083031400966183,0.0005187858106316,0.0,0.0009058936374293,0.0138888805265853,4.031664082108268e-07,0.0138888865812991,7.419485143585586e-07,0.0,7.502850082651397e-07,3.657329865164461e-07,2.6916949070324e-06,4.042178995167826e-07,0.0,3.722434147289986e-07,0.0001961576184157,0.0,0.0,2.700028260295791e-06,0.0,0.0,DrDoS_NTP
0.2989130434782608,0.2064758329422806,0.1459229205311793,0.0115911485774499,0.0037467864101174,0.1101363639202893,0.1459229205311793,0.0136986301369863,0.1093454224224127,0.0011005634885061,0.0037467864101174,0.0,0.0068741340722583,0.0018409340981209,2.6622319800607497e-06,0.001840940388765,7.0026601355189794e-06,0.0,7.010996577233138e-06,2.666399656755373e-06,0.0001471098767611,2.6691753010430067e-06,0.0,2.6729100699895944e-06,0.0014884901632723,0.0,0.0,0.0001471182065038,0.0,0.0,DrDoS_NTP
0.3505434782608695,0.2421398404504927,0.1711277886229285,0.0135932560590094,0.000135198726407,0.1602174559960227,0.1711277886229285,0.0160647571606475,0.1282323590226476,2.332749020089895e-07,0.000135198726407,0.0,0.0001598635830757,3.242531139529862e-07,0.0254861578514954,3.306131642335959e-07,0.0250545759403686,0.0,0.0250545840680013,0.0195665131615673,0.0250453461007561,0.0255526278570745,0.0,0.0195665195446115,3.461605030865978e-05,0.0,0.0,0.0250453538080365,0.0,0.0,TFTP
0.218070652173913,0.1506335053965274,0.1154117644201146,0.0103530031612223,0.000136770804621,0.0997322613680668,0.1154117644201146,0.0122353673723536,0.0855237400255307,3.246822393391271e-06,0.000136770804621,0.0,0.0002664393051262,6.858362738833976e-06,0.0008784349268145,6.864722740721464e-06,0.0009188990667829,0.0,0.0009189073956226,0.0008532804360179,0.0018203524318642,0.0008807259576881,0.0,0.0008532869408933,5.7693417181099634e-05,0.0,0.0,0.0018203607197755,2.581478814643425e-05,0.0,UDP
0.1032608695652173,0.0713280150164242,0.1426293638462167,0.0115911485774499,0.001633913290454,0.1087131780543469,0.1426293638462167,0.0136986301369863,0.1069192647408579,0.0328404111897539,0.001633913290454,0.0,0.0030374080784397,0.0562015423841082,1.6240256074592977e-07,0.0562015487803778,3.417965066146169e-07,0.0,3.501330038570652e-07,8.189435972086806e-08,2.1416891365551917e-06,1.628261200435586e-07,0.0,8.840478978133223e-08,0.0006577049558645,0.0,0.0,2.150022503568871e-06,6.311681168247131e-05,0.0,DrDoS_NTP
0.0040760869565217,0.002815579540122,0.0019898580072433,0.0001580611169652,3.1441564280706093e-06,0.001596851670128,0.0019898580072433,0.0001867995018679,0.0014910739421238,6.509392857992354e-10,3.1441564280706093e-06,6.844161450862886e-08,0.0003730150271768,7.136847063666672e-08,0.0958924533915462,4.350772253148165e-08,0.1471967913811259,1.0,0.1471975487755282,0.0658549716983448,0.3652786573819137,0.1179333601783552,0.0891265869140625,0.1223018009491113,8.077078405353949e-05,0.0440858655146842,0.1497331686702082,0.3652777565738521,0.0,0.1481042421870633,Syn
0.3505434782608695,0.2421398404504927,0.1711277886229285,0.0135932560590094,0.000135198726407,0.1602174559960227,0.1711277886229285,0.0160647571606475,0.1282323590226476,2.3338299675259685e-07,0.000135198726407,0.0,0.0001598635830757,3.244072956040902e-07,0.0254743670836248,3.307673614499567e-07,0.0250429798686442,0.0,0.0250429879963735,0.0195574506423921,0.0250337459790515,0.025540806337907,0.0,0.0195574570254952,3.461605030865978e-05,0.0,0.0,0.0250337536866219,0.0,0.0,TFTP
0.0,0.0,0.031958326720985,0.0747102212855637,0.0002777338178129,0.0343080223224484,0.031958326720985,0.0183997509339975,0.0339936198889945,4.116131447000822e-08,0.0002777338178129,2.512848079204559e-07,0.0012789086646062,2.108617532073721e-07,0.1192387906701075,9.157940508655013e-08,0.4859377205916097,1.0,0.4864495859827286,0.0224794892957942,0.9783158058299962,0.1828912789571627,0.4455718994140625,0.0533234523229072,0.0004961633877574,0.0003749043944884,0.4946006206888036,0.9783157730384244,0.0028130721007626,0.4889334498512357,Benign
0.3505434782608695,0.2421398404504927,0.1711277886229285,0.0135932560590094,0.000135198726407,0.1602174559960227,0.1711277886229285,0.0160647571606475,0.1282323590226476,2.3341796260440134e-07,0.000135198726407,0.0,0.0001598635830757,3.244571693776296e-07,0.0254705500474362,3.3081722073541705e-07,0.0250392284435716,0.0,0.0250392365713322,0.0195545209486932,0.0250299959397073,0.0255369793465726,0.0,0.0195545273318154,3.461605030865978e-05,0.0,0.0,0.0250300036473715,0.0,0.0,TFTP
0.2241847826086956,0.1548568747067104,0.1192256589339977,0.0102476290832455,9.4193686324282e-05,0.1097924272096775,0.1192256589339977,0.0121108343711083,0.0878739591726287,4.523993803374318e-06,9.4193686324282e-05,0.0,0.0001598635830757,9.253437768804011e-06,0.0009149650555569,9.259798066996584e-06,0.0008996667609108,0.0,0.0008996750899108,0.0007029181793921,0.0008997427731345,0.0009173513600247,0.0,0.0007029246852464,3.461605030865978e-05,0.0,0.0,0.0008997510840613,2.3853962517555835e-05,0.0,UDP-lag
0.2989130434782608,0.2064758329422806,0.1459229205311793,0.0115911485774499,0.0002305714713918,0.1229575825085755,0.1459229205311793,0.0136986301369863,0.1093454224224127,0.0009712852753152,0.0002305714713918,0.0,0.0003730150271768,0.0016246869033133,6.206876207030977e-06,0.0016246931959238,9.43691818262796e-06,0.0,9.445254604048926e-06,3.4282067434100263e-06,1.0250107540711616e-05,6.223064253048503e-06,0.0,3.4347171516845555e-06,8.077078405353949e-05,0.0,0.0,1.0258440705012713e-05,0.0,0.0,DrDoS_NTP
0.0543478260869565,0.0375410605349601,0.1430109334503584,0.0115911485774499,0.0023161952353453,0.1084474346207173,0.1430109334503584,0.0136986301369863,0.1071896493039713,0.0380090809025866,0.0023161952353453,0.0,0.0043163167430459,0.0648734097915685,1.5526241349274968e-07,0.0648734159862624,3.50133006775949e-07,0.0,3.5846950394890004e-07,6.968571939040718e-08,2.62502754091395e-06,1.5566735069635713e-07,0.0,7.619614953035487e-08,0.0009346333583338,0.0,0.0,2.633360895844043e-06,7.046335519837963e-05,0.0,DrDoS_NTP
0.1521739130434782,0.1051149694978883,0.1369685594985842,0.0115911485774499,0.000432845534931,0.1094198284748031,0.1369685594985842,0.0136986301369863,0.1030302834957723,0.0035970596432552,0.000432845534931,0.0,0.0007993179153788,0.0064102479845334,1.9277070789426416e-06,0.0064102542412255,4.276624582763377e-06,0.0,4.284961047203131e-06,8.059912587221359e-07,5.1917211364742565e-06,1.9327346982895337e-06,0.0,8.125016840684174e-07,0.0001730802515432,0.0,0.0,5.200054427236339e-06,0.0001175425436582,0.0,DrDoS_NTP
0.25,0.1726888784608165,0.1432697765215215,0.0115911485774499,0.0005093533413474,0.1133804183961165,0.1432697765215215,0.0136986301369863,0.107461960201625,0.0290253225035833,0.0005093533413474,0.0,0.0009058936374293,0.0494505413898117,1.8643752379679202e-07,0.0494505487660656,3.834790074212775e-07,0.0,3.918155043162396e-07,9.80394201932444e-08,7.500078688325572e-07,1.8692376826404864e-07,0.0,1.0454985014859728e-07,0.0001961576184157,0.0,0.0,7.583412706386327e-07,1.177207518644202e-05,0.0,DrDoS_NTP
0.2989130434782608,0.2064758329422806,0.1459229205311793,0.0115911485774499,0.0025939290531582,0.1105100239308572,0.1459229205311793,0.0136986301369863,0.1093454224224127,0.0196366232941923,0.0025939290531582,0.0,0.004742619631248,0.0328467071269275,2.40079032856824e-07,0.0328467127933651,5.668820109705841e-07,0.0,5.752185063366071e-07,1.4381467351658837e-07,5.700059803127434e-06,2.4070517881206745e-07,0.0,1.5032510317392466e-07,0.0010269428258235,0.0,0.0,5.708393081180916e-06,0.0,0.0,DrDoS_NTP
0.2010869565217391,0.1389019239793524,0.1300040564732325,0.0115911485774499,0.0001540636649754,0.115588410056794,0.1300040564732325,0.0136986301369863,0.0991209164741343,9.84489271076107e-05,0.0001540636649754,0.0,0.0002664393051262,0.000184834405034,3.260209367161398e-05,0.0001848407606203,3.3804508154201745e-05,0.0,3.3812844372482294e-05,3.169277539142058e-05,6.761737608563743e-05,3.2687122625796426e-05,0.0,3.169928561568059e-05,5.7693417181099634e-05,0.0,0.0,6.762570781574181e-05,0.0001127745093778,0.0,DrDoS_NTP
0.373641304347826,0.2580947911778508,0.1824036506639742,0.0144889357218124,7.205358480995146e-05,0.2049293041809592,0.1824036506639742,0.0171232876712328,0.1366817780280159,0.3736413043478261,7.205358480995146e-05,0.0,5.328786102525844e-05,0.4999999957599588,0.0,0.4999999989399897,0.0,0.0,8.336500091834885e-09,1.3020860689957046e-08,0.0,0.0,0.0,1.953129119881737e-08,1.1538683436219929e-05,0.0,0.0,8.333420556468491e-09,0.0,0.0,MSSQL
0.2989130434782608,0.2064758329422806,0.1459229205311793,0.0115911485774499,0.0006917144141755,0.1138496159607131,0.1459229205311793,0.0136986301369863,0.1093454224224127,0.0011944577161968,0.0006917144141755,0.0,0.0012256208035809,0.0019979935348627,4.541511072172023e-06,0.0019979998373402,8.178106658266809e-06,0.0,8.186443090181857e-06,2.543596841357621e-06,2.5016929135948185e-05,4.553355708309947e-06,0.0,2.5501072553913416e-06,0.000265389719033,0.0,0.0,2.502526193107488e-05,0.0,0.0,DrDoS_NTP
0.1521739130434782,0.1051149694978883,0.1404125437325869,0.0115911485774499,0.0007210598741708,0.1093720559075183,0.1404125437325869,0.0136986301369863,0.1053692252434158,0.0029722817446602,0.0007210598741708,0.0,0.0013321965256314,0.0051669232012534,1.7498356419247435e-06,0.0051669295315584,4.635094089700658e-06,0.0,4.643430551152031e-06,9.76304142926542e-07,1.0475109901361382e-05,1.7543993578665077e-06,0.0,9.82814567164013e-07,0.0002884670859054,0.0,0.0,1.0483443060037365e-05,7.590591612727146e-05,0.0,DrDoS_NTP
0.3505434782608695,0.2421398404504927,0.1711277886229285,0.0135932560590094,0.000135198726407,0.1602174559960227,0.1711277886229285,0.0160647571606475,0.1282323590226476,2.3387612658492774e-07,0.000135198726407,0.0,0.0001598635830757,3.251106745957052e-07,0.0254206531775484,3.314707260621199e-07,0.0249901764766223,0.0,0.0249901846047918,0.0195162127621687,0.0249809620919272,0.0254869523415252,0.0,0.0195162191455403,3.461605030865978e-05,0.0,0.0,0.0249809698008172,0.0,0.0,TFTP
0.0040760869565217,0.002815579540122,0.0019898580072433,0.0001580611169652,3.930195535088261e-06,0.001596851670128,0.0019898580072433,0.0001867995018679,0.0014910739421238,6.670993109387123e-10,3.930195535088261e-06,4.676048457622528e-08,0.0004795907492273,7.335076707058592e-08,0.0787078884151398,5.633058527319542e-08,0.1122352770425332,1.0,0.1122352844433838,0.0642596802369534,0.3564300312117441,0.0874392747225922,0.0891265869140625,0.0928195414943453,0.0001038481509259,0.0438587381473595,0.2006505353518948,0.3564300306343206,0.0,0.112927196240667,Syn
0.2989130434782608,0.2064758329422806,0.1459229205311793,0.0115911485774499,0.0040926436172052,0.1100653190931563,0.1459229205311793,0.0136986301369863,0.1093454224224127,0.001337629275618,0.0040926436172052,0.0,0.0075135884045614,0.0022374805090164,2.709788809983503e-06,0.0022374868983948,1.0495653703117138e-05,0.0,1.0503990115711955e-05,2.191244728347321e-06,0.0001322097204336,2.716856163107784e-06,0.0,2.197755144675006e-06,0.001626954364507,0.0,0.0,0.0001322180505489,0.0,0.0,DrDoS_NTP
0.0258152173913043,0.017832003754106,0.0126024340458745,0.0023709167544783,4.978247677778465e-06,0.0182573380088491,0.0126024340458745,0.0011830635118306,0.0146125244432134,4.131343678217904e-06,4.978247677778465e-06,4.751045227050781e-05,5.328786102525844e-05,4.750197261996662e-05,0.0001784510604938,2.375310616504447e-05,0.000175433309395,0.0,1.667300018366977e-08,0.0001370250295124,0.0001753935068368,0.0,0.0,3.906258239763474e-08,1.1538683436219929e-05,0.0,8.480096670388411e-09,1.6666841112936986e-08,1.8529477909286315e-05,0.0,Benign
0.3505434782608695,0.2421398404504927,0.1711277886229285,0.0135932560590094,0.000135198726407,0.1602174559960227,0.1711277886229285,0.0160647571606475,0.1282323590226476,2.329979011260077e-07,0.000135198726407,0.0,0.0001598635830757,3.23858011914995e-07,0.0255164701494624,3.302180748448646e-07,0.0250843705919452,0.0,0.0250843787193295,0.0195897749295366,0.0250751214131488,0.0255830192120192,0.0,0.0195897813124293,3.461605030865978e-05,0.0,0.0,0.0250751291196847,0.0,0.0,TFTP
0.0040760869565217,0.002815579540122,0.0019898580072433,0.0001580611169652,3.930195535088261e-06,0.0015731946978408,0.0019898580072433,0.0001867995018679,0.0014910739421238,9.712321531214122e-10,3.930195535088261e-06,1.0590027272701262e-07,0.0004795907492273,1.1065772936136321e-07,0.0617706101006701,6.406765188634461e-08,0.0905988579078144,1.0,0.090599857532548,0.0433955149970204,0.3147648274076475,0.0751605414581229,0.0891265869140625,0.0819693232946663,0.0001038481509259,0.0265441001514292,0.092160333798314,0.314764827871865,0.0,0.0911573923744387,Syn
0.3505434782608695,0.2421398404504927,0.1711277886229285,0.0135932560590094,0.0002027980896105,0.1495362922629545,0.1711277886229285,0.0160647571606475,0.1282323590226476,1.7510276496224626e-07,0.0002027980896105,0.0,0.0002664393051262,2.412789022679568e-07,0.024157783357966,2.476389685773422e-07,0.0250573686679227,0.0,0.025057376795532,0.0234601603160942,0.0500487667616446,0.0242207888531033,0.0,0.023460166673789,5.7693417181099634e-05,0.0,0.0,0.0500487738438329,0.0,0.0,TFTP
0.0319293478260869,0.022055373064289,0.0155872210567396,0.002713382507903,6.157306338304943e-06,0.0215486268335735,0.0155872210567396,0.0014632627646326,0.0172467556430984,4.7120213591530335e-06,6.157306338304943e-06,4.6240634918212885e-05,5.328786102525844e-05,4.623215658084768e-05,0.0001833143993849,2.311819748755099e-05,0.0001802267969878,0.0,2.5009500275504656e-08,0.0001407880551289,0.0001802102240389,0.0,0.0,5.859387359645212e-08,1.1538683436219929e-05,0.0,2.5440290011165232e-08,2.5000261669405472e-08,2.1489808097312485e-05,0.0,Benign
0.0040760869565217,0.002815579540122,0.0019898580072433,0.0001580611169652,3.930195535088262e-07,0.0022355924092468,0.0019898580072433,0.0001867995018679,0.0014910739421238,9.773148288109285e-08,3.930195535088262e-07,1.1988395690917968e-05,0.0,1.1979915252644805e-05,0.0,5.992077837595804e-06,0.0003476820757285,0.0,0.0,0.0008145850569017,0.000347553646417,0.0,0.0039520263671875,0.0,0.0,0.0,0.0,0.0,0.0,0.0,Benign
0.3980978260869565,0.2749882684185828,0.1943427987074343,0.0154373024236037,7.676981945205738e-05,0.2183428586364402,0.1943427987074343,0.0182440846824408,0.1456282216807587,0.0084701665124884,7.676981945205738e-05,0.0,5.328786102525844e-05,0.0106382894824716,0.0,0.0106382957540953,3.834790074212775e-07,0.0,3.918155043162396e-07,9.114602616847836e-07,3.833373551810848e-07,0.0,0.0,9.179706863444164e-07,1.1538683436219929e-05,0.0,0.0,3.916707661540191e-07,0.0,0.0,MSSQL
0.2010869565217391,0.1389019239793524,0.1441541544844271,0.0115911485774499,0.0015374924933265,0.1099948276454919,0.1441541544844271,0.0136986301369863,0.1080441227684855,0.0262264016018306,0.0015374924933265,0.0,0.0028242566343386,0.0444078866333422,1.914676313007096e-07,0.044407892505375,3.751425072599453e-07,0.0,3.8347900422440473e-07,1.055181053030594e-07,2.525026491736276e-06,1.9196699470397058e-07,0.0,1.1202853520972281e-07,0.0006115502221196,0.0,0.0,2.5333598491664213e-06,1.6904784933941456e-05,0.0,DrDoS_NTP
0.2982336956521739,0.2060065696855936,0.1455912775299721,0.0115648050579557,5.75118613301249e-05,0.1635708446098929,0.1455912775299721,0.0136674968866749,0.1090969100987254,0.2982336956521739,5.75118613301249e-05,0.0,5.328786102525844e-05,0.4999999957599588,0.0,0.4999999989399897,0.0,0.0,8.336500091834885e-09,1.3020860689957046e-08,0.0,0.0,0.0,1.953129119881737e-08,1.1538683436219929e-05,0.0,0.0,8.333420556468491e-09,0.0,0.0,DrDoS_MSSQL
0.3206521739130434,0.2214922571562646,0.1565354965698106,0.0124341412012644,6.183507641872198e-05,0.1758666028607505,0.1565354965698106,0.0146948941469489,0.1172978167804063,0.3206521739130435,6.183507641872198e-05,0.0,5.328786102525844e-05,0.4999999957599588,0.0,0.4999999989399897,0.0,0.0,8.336500091834885e-09,1.3020860689957046e-08,0.0,0.0,0.0,1.953129119881737e-08,1.1538683436219929e-05,0.0,0.0,8.333420556468491e-09,0.0,0.0,MSSQL
0.0,0.0,0.0,0.0,0.0,0.0,0.0,0.0,0.0,0.0,0.0,5.456453561782837e-07,0.0,3.325482627800049e-07,0.0215426215218005,6.608564909588022e-08,0.0354796528331199,1.0,2.5009500275504656e-08,0.0159088137719039,0.0610903742731767,0.0,0.1250152587890625,5.859387359645212e-08,1.1538683436219929e-05,0.0,0.0360907995835661,2.5000261669405472e-08,0.0,0.0,Benign
0.0543478260869565,0.0375410605349601,0.1309989854768542,0.0115911485774499,0.0004139805963626,0.1049486436563094,0.1309989854768542,0.0136986301369863,0.0988201959340083,0.0193399921660791,0.0004139805963626,0.0,0.0007993179153788,0.0360360278615421,2.4222748127992585e-07,0.0360360331126265,3.918155075826096e-07,0.0,4.001520044080745e-07,1.380211270388429e-07,9.16676284128681e-07,2.4285923056618144e-07,0.0,1.4453155673389766e-07,0.0001730802515432,0.0,0.0,9.250096817680026e-07,0.0003265070570424,0.0,DrDoS_NTP
0.0292119565217391,0.020178320037541,0.0142606490519107,0.001554267650158,5.633280266959842e-06,0.015338647918999,0.0142606490519107,0.0013387297633872,0.0122765091693524,1.4670875309296574e-06,5.633280266959842e-06,2.117208671569824e-05,5.328786102525844e-05,2.116360681797642e-05,0.0004004559107313,1.0583923359720747e-05,0.0003936912201189,0.0,2.5009500275504656e-08,0.0003074941402055,0.0003935957961425,0.0,0.0,5.859387359645212e-08,1.1538683436219929e-05,0.0,2.5440290011165232e-08,2.5000261669405472e-08,1.7542701412305688e-06,0.0,Benign
0.0285326086956521,0.019709056780854,0.0139290060507034,0.0026870389884088,5.502273749123566e-06,0.0204929304180959,0.0139290060507034,0.0013075965130759,0.0164018133633619,4.756690020252929e-06,5.502273749123566e-06,4.862394332885742e-05,5.328786102525844e-05,4.861546275915537e-05,0.0001743254908741,2.4309851695399584e-05,0.0001713901068168,0.0,2.5009500275504656e-08,0.0001338870052182,0.0001713767980282,0.0,0.0,5.859387359645212e-08,1.1538683436219929e-05,0.0,2.5440290011165232e-08,2.5000261669405472e-08,2.4669422880780083e-05,0.0,Benign
0.2241847826086956,0.1548568747067104,0.1159092289219254,0.0097207586933614,9.15735559675565e-05,0.1073084356438477,0.1159092289219254,0.0114881693648816,0.0858858605831302,4.394123426312901e-06,9.15735559675565e-05,0.0,0.0001598635830757,9.24495301968982e-06,0.0009163896738915,9.251313226585528e-06,0.0009008755534341,0.0,0.0009008838824241,0.0007035627120058,0.0009005677817903,0.0009187796938816,0.0,0.0007035692178559,3.461605030865978e-05,0.0,0.0,0.0009005760926964,1.0422830888295866e-05,0.0,DrDoS_UDP
0.2989130434782608,0.2064758329422806,0.1459229205311793,0.0115911485774499,0.0010952144891112,0.1121718300559219,0.1459229205311793,0.0136986301369863,0.1093454224224127,0.0026878125064301,0.0010952144891112,0.0,0.0019716508579345,0.004495968841527,2.074244322028199e-06,0.0044959749402922,5.518763106801863e-06,0.0,5.5270995608865285e-06,1.108884673953387e-06,1.7600184655270672e-05,2.079654122613322e-06,0.0,1.1153950973277016e-06,0.0004269312871401,0.0,0.0,1.7608517635817922e-05,0.0,0.0,DrDoS_NTP
0.2989130434782608,0.2064758329422806,0.1459229205311793,0.0115911485774499,0.0057642867847961,0.1098421100732104,0.1459229205311793,0.0136986301369863,0.1093454224224127,0.0016080103474004,0.0057642867847961,0.0,0.0106042843440264,0.0026897543056512,2.1733367955085507e-06,0.0026897605809942,1.0962497712151736e-05,0.0,1.097083412085471e-05,1.8179477968693367e-06,0.0001549016251762,2.1790050374524483e-06,0.0,1.8244582156273456e-06,0.0022961980038077,0.0,0.0,0.0001549099547241,0.0,0.0,DrDoS_NTP
0.3505434782608695,0.2421398404504927,0.1711277886229285,0.0135932560590094,0.000135198726407,0.1602174559960227,0.1711277886229285,0.0160647571606475,0.1282323590226476,2.3361668973278335e-07,0.000135198726407,0.0,0.0001598635830757,3.247406251290435e-07,0.0254488834557761,3.3110067062424734e-07,0.0250179286856594,0.0,0.0250179368135975,0.019537886392012,0.0250087040496533,0.0255152562466512,0.0,0.0195378927752425,3.461605030865978e-05,0.0,0.0,0.0250087117578497,0.0,0.0,TFTP
0.0040760869565217,0.002815579540122,0.0019898580072433,0.0001580611169652,3.930195535088261e-06,0.0016145945177893,0.0019898580072433,0.0001867995018679,0.0014910739421238,5.230582974090697e-10,3.930195535088261e-06,2.1387273445725442e-08,0.0004795907492273,5.568173592778156e-08,0.0867466510841014,5.1348162225342014e-08,0.1033058766532269,1.0,0.1033058841285176,0.0830200226660634,0.389643913014054,0.090874399815839,0.0891265869140625,0.1014689249735136,0.0001038481509259,0.0083011138316038,1.6960193340776826e-08,0.3896439116062748,0.0,0.1039427476631161,Syn
0.0183423913043478,0.012670107930549,0.008954361032595,0.0014488935721812,3.5371759815794355e-06,0.0118610597268373,0.008954361032595,0.0008405977584059,0.0094931709544547,1.216193383528304e-06,3.5371759815794355e-06,2.183215522766113e-05,5.328786102525844e-05,2.182367449970254e-05,0.0003883208935652,1.0913957616401873e-05,0.0003817700248882,0.0,4.1682500459174426e-08,0.0002981972455343,0.0003816956712904,0.0,0.0,9.765645599408687e-08,1.1538683436219929e-05,0.0,2.5440290011165232e-08,4.1667102782342465e-08,5.372452024328121e-06,0.0,Benign
0.1521739130434782,0.1051149694978883,0.1435350868741108,0.0115911485774499,0.0017009886275861,0.1093287482786866,0.1435350868741108,0.0136986301369863,0.1075854655480376,0.0150266646915043,0.0017009886275861,0.0,0.0031439838004902,0.0255536544282672,3.211774208469706e-07,0.0255536600435287,9.003420174238689e-07,0.0,9.086785100100024e-07,1.8780937400820798e-07,4.883384568176427e-06,3.2201507809919217e-07,0.0,1.9431980337911978e-07,0.0006807823227369,0.0,0.0,4.891717866647005e-06,3.435924871893029e-05,0.0,DrDoS_NTP
0.0040760869565217,0.002815579540122,0.0019898580072433,0.0001580611169652,2.358117321052957e-06,0.0016766943069351,0.0019898580072433,0.0001867995018679,0.0014910739421238,5.671682944550482e-10,2.358117321052957e-06,3.4786321222782143e-08,0.0002664393051262,6.109256227797254e-08,0.1150827708232525,5.005946137379212e-08,0.1702595190014473,1.0,0.1702595259185789,0.0802092354687597,0.23956026338643,0.1319456192741288,0.0891265869140625,0.1122929321804038,5.7693417181099634e-05,0.1229052640312819,0.0,0.2395602740642018,0.0,0.171309147480703,Syn
0.2989130434782608,0.2064758329422806,0.1459229205311793,0.0115911485774499,0.0001152857356959,0.1366195361206395,0.1459229205311793,0.0136986301369863,0.1093454224224127,0.0001419340187456,0.0001152857356959,0.0,0.0001598635830757,0.0002374084260144,3.5680037380525484e-05,0.0002374147811175,3.507999267888556e-05,0.0,3.508832888653303e-05,2.741542259103217e-05,3.509203484059887e-05,3.577309386622898e-05,0.0,2.742193284313959e-05,3.461605030865978e-05,0.0,0.0,3.510036738384528e-05,0.0,0.0,DrDoS_NTP
0.0,0.0,0.0,0.0,0.0,0.0,0.0,0.0,0.0,0.0,0.0,0.0,0.0,2.1184006884881707e-07,0.0503950527803387,2.182001301522375e-07,0.0756761391400224,0.0,0.0756761468456484,0.025328447960583,0.0756482770098396,0.0505264872420957,0.0,0.0253284543061145,8.077078405353949e-05,0.0,0.0,0.0756482834520334,0.0,0.0761426776611144,Benign
0.0563858695652173,0.0389488503050211,0.0275263691001997,0.0043466807165437,1.0873540980410858e-05,0.0359557779153865,0.0275263691001997,0.0025840597758405,0.0287777278413889,8.192077257102266e-06,1.0873540980410858e-05,4.862394332885742e-05,5.328786102525844e-05,4.861546275915537e-05,0.0001743254908741,2.4309851695399584e-05,0.0001713901068168,0.0,2.5009500275504656e-08,0.0001338870052182,0.0001713767980282,0.0,0.0,5.859387359645212e-08,1.1538683436219929e-05,0.0,2.5440290011165232e-08,2.5000261669405472e-08,4.607699873198881e-05,0.0,Benign
0.0,0.0,0.0,0.0,0.0,0.0,0.0,0.0,0.0,0.0,0.0,0.0,0.0,2.0638607925927186e-07,0.0394668983684133,2.1274614123095362e-07,0.038798555267849,1.0,0.0387985632809049,0.0302999282062281,0.0387842319112331,0.0395698313004787,0.0891265869140625,0.0302999345193931,3.461605030865978e-05,0.0,0.0,0.0387842392750377,0.0,0.0,Syn
0.0543478260869565,0.0375410605349601,0.1260243404587458,0.0115911485774499,0.0002986948606667,0.1034996460493951,0.1260243404587458,0.0136986301369863,0.0955816635400386,0.0037503947783977,0.0002986948606667,0.0,0.0005861664712778,0.007263914099676,6.587473050955972e-07,0.0072639202586603,8.669960167785403e-07,0.0,8.753325096426629e-07,7.268008071504661e-07,3.4333693551001506e-06,6.60465372499089e-07,0.0,7.333112330123115e-07,0.0001269255177984,0.0,0.0,3.4417026898214868e-06,0.0004174825582183,0.0,DrDoS_NTP
0.3505434782608695,0.2421398404504927,0.1711277886229285,0.0135932560590094,0.000135198726407,0.1602174559960227,0.1711277886229285,0.0160647571606475,0.1282323590226476,2.3350293441870614e-07,0.000135198726407,0.0,0.0001598635830757,3.2457836948588285e-07,0.0254612819384031,3.309384267808248e-07,0.0250301166488953,0.0,0.0250301247767318,0.0195474042344163,0.0250208875108114,0.0255276870655453,0.0,0.0195474106175848,3.461605030865978e-05,0.0,0.0,0.0250208952187032,0.0,0.0,TFTP
0.2989130434782608,0.2064758329422806,0.1459229205311793,0.0115911485774499,0.0002882143392398,0.1202251917861627,0.1459229205311793,0.0136986301369863,0.1093454224224127,7.187137376250562e-05,0.0002882143392398,0.0,0.0004795907492273,0.0001202127279579,4.0620886152068846e-05,0.0001202190868993,4.835170093572629e-05,0.0,4.836003703273417e-05,4.512162536904912e-05,0.0001732851513833,4.0726828779627205e-05,0.0,4.512813550588153e-05,0.0001038481509259,0.0,0.0,0.0001732934804717,0.0,0.0,DrDoS_NTP
0.2010869565217391,0.1389019239793524,0.1415814112316537,0.0115911485774499,0.0006152066077591,0.1110118405619448,0.1415814112316537,0.0136986301369863,0.1062336185724132,0.0022450509439157,0.0006152066077591,0.0,0.0011190450815304,0.0038705052754703,2.198531092582141e-06,0.0038705115600599,4.735132091636644e-06,0.0,4.74346855225405e-06,1.315106899417614e-06,1.1833457486024791e-05,2.204265043334593e-06,0.0,1.3216173214493334e-06,0.0002423123521606,0.0,0.0,1.1841790610741726e-05,3.931506356704962e-05,0.0,DrDoS_NTP
0.25,0.1726888784608165,0.1379634885022059,0.0115911485774499,0.0001634961342596,0.1215499898147855,0.1379634885022059,0.0136986301369863,0.1042331656562764,0.0128458498023715,0.0001634961342596,0.0,0.0002664393051262,0.0227272644399194,4.171745362209432e-07,0.0227272713656617,5.251995101639235e-07,0.0,5.335360058774327e-07,2.5130261114154765e-07,5.416723497124025e-07,4.182625618822308e-07,0.0,2.578130400990911e-07,5.7693417181099634e-05,0.0,0.0,5.500057567269204e-07,2.81936273444646e-05,0.0,DrDoS_NTP
0.029891304347826,0.020647583294228,0.0145922920531179,0.0018967334035827,5.764286784796117e-06,0.0171395418042256,0.0145922920531179,0.0013698630136986,0.0137178804571389,3.7770488797012535e-06,5.764286784796117e-06,4.792944717407226e-05,5.328786102525844e-05,4.792096817677455e-05,0.0001768525532338,2.3962603617270837e-05,0.0001738743838649,0.0,2.5009500275504656e-08,0.0001358271071321,0.0001738601574161,0.0,0.0,5.859387359645212e-08,1.1538683436219929e-05,0.0,2.5440290011165232e-08,2.5000261669405472e-08,5.372452024328121e-06,0.0,Benign
0.0040760869565217,0.002815579540122,0.0019898580072433,0.0001580611169652,1.5720782140353049e-06,0.0018629936743723,0.0019898580072433,0.0001867995018679,0.0014910739421238,4.92271283095569e-10,1.5720782140353049e-06,0.0,0.0001598635830757,5.19051954733001e-08,0.1404332816003448,5.8265255189158396e-08,0.1380551603707125,1.0,0.1380551675563157,0.1078148602853487,0.1380041728937806,0.1407995432026566,0.0891265869140625,0.1078148660938581,3.461605030865978e-05,0.0,0.0,0.1380041777770607,0.0,0.1389062546238261,Syn
0.0210597826086956,0.014547160957297,0.010280933037424,0.0021601685985247,4.061202052924537e-06,0.0159596458104565,0.010280933037424,0.0009651307596513,0.012773533816727,1.6943585836145868e-06,4.061202052924537e-06,2.20716438293457e-05,5.328786102525844e-05,2.2063164662973573e-05,0.0003841317238882,1.1033701917498018e-05,0.0003776434573083,0.0,2.5009500275504656e-08,0.0002949615552468,0.0003775539611703,0.0,0.0,5.859387359645212e-08,1.1538683436219929e-05,0.0,2.5440290011165232e-08,2.5000261669405472e-08,1.782365775252989e-05,0.0,Benign
0.0319293478260869,0.022055373064289,0.0155872210567396,0.0028187565858798,6.157306338304943e-06,0.0220454251467395,0.0155872210567396,0.0014632627646326,0.0176443749817984,5.005481327084413e-06,6.157306338304943e-06,4.784460067749024e-05,5.328786102525844e-05,4.783612106010118e-05,0.0001771663221229,2.392018036888988e-05,0.0001741828343708,0.0,2.5009500275504656e-08,0.0001360679962374,0.0001741684939844,0.0,0.0,5.859387359645212e-08,1.1538683436219929e-05,0.0,2.5440290011165232e-08,2.5000261669405472e-08,2.4669422880780083e-05,0.0,Benign
1.0,0.6907555138432661,0.4881784977770364,0.0387776606954689,0.0001928415942549,0.548465337735222,0.4881784977770364,0.0458281444582814,0.365810140467708,1.0,0.0001928415942549,0.0,5.328786102525844e-05,0.4999999957599588,0.0,0.4999999989399897,0.0,0.0,8.336500091834885e-09,1.3020860689957046e-08,0.0,0.0,0.0,1.953129119881737e-08,1.1538683436219929e-05,0.0,0.0,8.333420556468491e-09,0.0,0.0,DrDoS_LDAP
0.2989130434782608,0.2064758329422806,0.1459229205311793,0.0115911485774499,0.0025939290531582,0.1105100239308572,0.1459229205311793,0.0136986301369863,0.1093454224224127,0.0116762907608695,0.0025939290531582,0.0,0.004742619631248,0.0195312416855441,3.600075535407051e-07,0.019531247921386,1.3588495262971354e-06,0.0,1.3671860150609211e-06,2.462990886489972e-07,9.591767300291926e-06,3.6094648298749707e-07,0.0,2.528095176391158e-07,0.0010269428258235,0.0,0.0,9.6001004810517e-06,0.0,0.0,DrDoS_NTP
0.3505434782608695,0.2421398404504927,0.1711277886229285,0.0135932560590094,0.000135198726407,0.1602174559960227,0.1711277886229285,0.0160647571606475,0.1282323590226476,2.336891088788644e-07,0.000135198726407,0.0,0.0001598635830757,3.2484392065611254e-07,0.0254409978519137,3.312039952761845e-07,0.0250101757405094,0.0,0.0250101838685121,0.0195318316917009,0.025000953968342,0.0255073500764823,0.0,0.0195318380749709,3.461605030865978e-05,0.0,0.0,0.0250009616767322,0.0,0.0,TFTP
0.2989130434782608,0.2064758329422806,0.1459229205311793,0.0115911485774499,0.0002305714713918,0.1229575825085755,0.1459229205311793,0.0136986301369863,0.1093454224224127,0.1494565217391304,0.0002305714713918,0.0,0.0003730150271768,0.2499999936399381,5.551530727500827e-09,0.2499999984099845,8.336500161332119e-09,0.0,1.667300018366977e-08,1.5811046162943986e-08,5.833394535364333e-08,5.5660095783570275e-09,0.0,2.2321476653639e-08,8.077078405353949e-05,0.0,0.0,6.666736445174793e-08,0.0,0.0,DrDoS_NTP
0.0040760869565217,0.002815579540122,0.0019898580072433,0.0001580611169652,7.860391070176523e-07,0.0018629936743723,0.0019898580072433,0.0001867995018679,0.0014910739421238,0.0001988335100742,7.860391070176523e-07,0.024390244140625,5.328786102525844e-05,0.0243902356291878,3.096108910506606e-07,0.0121951199761458,3.084505059692884e-07,1.0,8.336500091834885e-09,2.6041722369446424e-07,3.333368305922476e-07,0.0,0.0891265869140625,1.953129119881737e-08,1.1538683436219929e-05,0.0,3.222436734747596e-07,8.333420556468491e-09,0.0,0.0,Syn
0.0,0.0,0.0,0.0,0.0,0.0,0.0,0.0,0.0,0.0,0.0,0.0,0.0,0.4999999957599588,0.0,0.4999999989399897,0.0,0.0,8.336500091834885e-09,1.3020860689957046e-08,0.0,0.0,0.0046539306640625,1.953129119881737e-08,1.1538683436219929e-05,0.0,0.0,8.333420556468491e-09,0.0,0.0,Benign
0.0040760869565217,0.002815579540122,0.0019898580072433,0.0001580611169652,7.860391070176523e-07,0.0018629936743723,0.0019898580072433,0.0001867995018679,0.0014910739421238,5.328218243819267e-05,7.860391070176523e-07,0.0065359477539062,5.328786102525844e-05,0.0065359392877612,1.2593168154315977e-06,0.0032679717638607,1.2421385240384855e-06,1.0,1.667300018366977e-08,9.895854269886815e-07,1.266679956250541e-06,0.0,0.0891265869140625,3.906258239763474e-08,1.1538683436219929e-05,0.0,8.480096670388411e-09,1.6666841112936986e-08,0.0,0.0,Syn
0.3505434782608695,0.2421398404504927,0.1711277886229285,0.0135932560590094,0.000135198726407,0.1602174559960227,0.1711277886229285,0.0160647571606475,0.1282323590226476,2.3367345319585946e-07,0.000135198726407,0.0,0.0001598635830757,3.248215900693114e-07,0.0254415192748467,3.311816435343464e-07,0.0250110760825268,0.0,0.0250110842105221,0.0195331402882198,0.0250026289859157,0.0255078728593294,0.0,0.0195331466714812,3.461605030865978e-05,0.0,0.0,0.025002636694264,0.0,0.0,TFTP
0.0040760869565217,0.002815579540122,0.0019898580072433,0.0001580611169652,3.930195535088262e-07,0.0019871932526638,0.0019898580072433,0.0001867995018679,0.0014910739421238,6.645793950850663e-05,3.930195535088262e-07,0.0108695654296875,0.0,0.0081521655020921,8.931928416686685e-07,0.0027173892431622,7.336120141972264e-07,0.0,0.0,8.919289703588091e-07,7.583412895973634e-07,0.0,0.0288848876953125,0.0,0.0,0.0,2.5440290011165232e-08,0.0,0.0,0.0,Benign
0.0040760869565217,0.002815579540122,0.0019898580072433,0.0001580611169652,3.930195535088261e-06,0.0016394344097584,0.0019898580072433,0.0001867995018679,0.0014910739421238,3.2349902128726875e-10,3.930195535088261e-06,0.0,0.0004795907492273,3.1202464515921064e-08,0.1234068987162244,3.756252428098175e-08,0.1507953417137668,1.0,0.1507953487931615,0.1367190132400994,0.5250054081817409,0.123728754105097,0.0891265869140625,0.1367190188604304,0.0001038481509259,0.0304569737270179,0.0,0.5250053950564683,0.0,0.151724976951747,Syn
0.0,0.0,0.0,0.0,0.0,0.0,0.0,0.0,0.0,0.0,0.0,7.790346145629883e-06,0.0,7.78186618661621e-06,0.0,3.893053060501786e-06,0.0005350449168544,0.0,0.0,0.001253550829453,0.000534847278106,0.0,0.0051727294921875,0.0,0.0,0.0,0.0,0.0,0.0,0.0,Benign
0.2989130434782608,0.2064758329422806,0.1459229205311793,0.0115911485774499,0.0002882143392398,0.1202251917861627,0.1459229205311793,0.0136986301369863,0.1093454224224127,0.0005339639933516,0.0002882143392398,0.0,0.0004795907492273,0.0008931676618254,9.984813654328935e-06,0.0008931740293339,1.755666933976544e-05,0.0,1.7565005693496102e-05,6.067721171742049e-06,2.331691129992772e-05,1.001085487337719e-05,0.0,6.074231562832202e-06,0.0001038481509259,0.0,0.0,2.3325244137555307e-05,0.0,0.0,DrDoS_NTP
0.25,0.1726888784608165,0.1451269793524702,0.0115911485774499,0.0017198535661546,0.1105210611980686,0.1451269793524702,0.0136986301369863,0.1087587701309543,0.0005951206633437,0.0017198535661546,0.0,0.0031439838004902,0.0010009257336638,1.799091283849455e-05,0.0010009320862029,7.673748398506216e-05,0.0,7.674581984543195e-05,4.954437566161503e-06,0.0001248763101606,1.803783462575316e-05,0.0,4.960947964499612e-06,0.0006807823227369,0.0,0.0,0.0001248846404592,3.8176943795571765e-06,0.0,DrDoS_NTP
0.0217391304347826,0.015016424213984,0.0106125760386312,0.0012644889357218,4.1922085707608124e-06,0.011923159515983,0.0106125760386312,0.0009962640099626,0.009542873608792,2.5916941386245363e-06,4.1922085707608124e-06,4.768717193603515e-05,5.328786102525844e-05,4.767869247265079e-05,0.0001777641683995,2.3841465997995465e-05,0.0001747663893821,0.0,2.5009500275504656e-08,0.0001365172159379,0.0001747435000172,0.0,0.0,5.859387359645212e-08,1.1538683436219929e-05,0.0,1.6960193340776826e-08,2.5000261669405472e-08,1.7542701412305688e-06,0.0,Benign
0.0543478260869565,0.0375410605349601,0.1430802618975712,0.0115911485774499,0.0023738381031933,0.1084676291810547,0.1430802618975712,0.0136986301369863,0.1072403786415306,0.0304697589324149,0.0023738381031933,0.0,0.0044228924650964,0.0519801899805159,1.7763501776295214e-07,0.0519801972089285,3.918155075826096e-07,0.0,4.001520044080745e-07,8.855753980593156e-08,3.358368568216895e-06,1.7809830456712797e-07,0.0,9.506796982301557e-08,0.0009577107252062,0.0,0.0,3.3667019048132707e-06,6.88256141991756e-05,0.0,DrDoS_NTP
0.1032608695652173,0.0713280150164242,0.1353103444925481,0.0115911485774499,0.0004810559334948,0.1074188386381249,0.1353103444925481,0.0136986301369863,0.101811573539262,0.0055067664843075,0.0004810559334948,0.0,0.0009058936374293,0.0099337664385938,8.487298850530867e-07,0.0099337723151017,1.96741403807438e-06,0.0,1.975750521764868e-06,5.139410316526589e-07,3.7667061856923984e-06,8.509434427232277e-07,0.0,5.204514589003133e-07,0.0001961576184157,0.0,0.0,3.7750395120802263e-06,0.000188353202983,0.0,DrDoS_NTP
0.3505434782608695,0.2421398404504927,0.1711277886229285,0.0135932560590094,0.000270397452814,0.1441957103964204,0.1711277886229285,0.0160647571606475,0.1282323590226476,1.5579807085949406e-07,0.000270397452814,0.0,0.0003730150271768,2.1374352439952125e-07,0.0235529915076507,2.2010358958601378e-07,0.0250133019280699,0.0,0.0250133100560466,0.0251114968179455,0.0750003118782721,0.023614419655669,0.0,0.0251115031648894,8.077078405353949e-05,0.0,0.0,0.0750003183366652,0.0,0.0,TFTP
0.2989130434782608,0.2064758329422806,0.1459229205311793,0.0115911485774499,0.0031127148637899,0.1103076234950428,0.1459229205311793,0.0136986301369863,0.1093454224224127,0.0206939799331103,0.0031127148637899,0.0,0.0057018011297026,0.0346153764288435,3.283648855692352e-07,0.0346153807658647,1.6006080309757668e-06,0.0,1.6089445177241329e-06,1.3586720619695124e-07,6.491734775784023e-06,3.292212883233473e-07,0.0,1.4237763590602893e-07,0.0012346391276755,0.0,0.0,6.500068034045424e-06,0.0,0.0,DrDoS_NTP
0.3505434782608695,0.2421398404504927,0.1711277886229285,0.0135932560590094,0.0003379968160175,0.1409913552120674,0.1711277886229285,0.0160647571606475,0.1282323590226476,1.4596889264487547e-07,0.0003379968160175,0.0,0.0004795907492273,1.99723611168307e-07,0.0232382393277797,2.0608366813428659e-07,0.0250985343057193,0.0,0.0250985424329855,0.0260579294845511,0.1000633081642081,0.0232988465761051,0.0,0.0260579358253333,0.0001038481509259,0.0,0.0,0.1000633139960198,0.0,0.0,TFTP
0.3505434782608695,0.2421398404504927,0.1711277886229285,0.0135932560590094,0.000135198726407,0.1602174559960227,0.1711277886229285,0.0160647571606475,0.1282323590226476,2.342300871561076e-07,0.000135198726407,0.0,0.0001598635830757,3.2561554859298725e-07,0.0253822514801361,3.3197560720676014e-07,0.0249524204673917,0.0,0.0249524285958759,0.0194867205122665,0.0249432116958627,0.0254484504893129,0.0,0.0194867268958301,3.461605030865978e-05,0.0,0.0,0.0249432194056964,0.0,0.0,TFTP
0.3505434782608695,0.2421398404504927,0.1711277886229285,0.0135932560590094,0.000135198726407,0.1602174559960227,0.1711277886229285,0.0160647571606475,0.1282323590226476,2.3366987059819042e-07,0.000135198726407,0.0,0.0001598635830757,3.248164800074765e-07,0.0254430908876304,3.311765473372073e-07,0.0250122348560492,0.0,0.0250122429840348,0.0195334393611182,0.0250030123232709,0.0255094485710091,0.0,0.0195334457443777,3.461605030865978e-05,0.0,0.0,0.0250030200316096,0.0,0.0,TFTP
0.0285326086956521,0.019709056780854,0.0139290060507034,0.0026870389884088,5.502273749123566e-06,0.0204929304180959,0.0139290060507034,0.0013075965130759,0.0164018133633619,4.692573845470415e-06,5.502273749123566e-06,4.7968532562255857e-05,5.328786102525844e-05,4.796005296693174e-05,0.0001767465531382,2.398214631140406e-05,0.0001737576728626,0.0,1.667300018366977e-08,0.0001357164329935,0.0001737184892631,0.0,0.0,3.906258239763474e-08,1.1538683436219929e-05,0.0,8.480096670388411e-09,1.6666841112936986e-08,2.4669422880780083e-05,0.0,Benign
0.0,0.0,0.0,0.0,0.0,0.0,0.0,0.0,0.0,0.0,0.0,0.0061349692382812,0.0,0.0046012185528013,1.6305961801334626e-06,0.0015337401928013,1.325503525651807e-06,0.0,0.0,1.5852898124309036e-06,1.3500141638986029e-06,0.0,0.0037689208984375,0.0,0.0,0.0,2.5440290011165232e-08,0.0,0.0,0.0,Benign
0.2989130434782608,0.2064758329422806,0.1459229205311793,0.0115911485774499,0.0057642867847961,0.1098421100732104,0.1459229205311793,0.0136986301369863,0.1093454224224127,0.0010660617121803,0.0057642867847961,0.0,0.0106042843440264,0.0017832220354139,4.134324219918382e-06,0.0017832283525099,2.959457557272902e-05,0.0,2.960291182610568e-05,2.7454385631970493e-06,0.0002336524514036,4.145106879100081e-06,0.0,2.751948975916693e-06,0.0022961980038077,0.0,0.0,0.0002336607789828,0.0,0.0,DrDoS_NTP
0.0,0.0,0.0,0.0,0.0,0.0,0.0,0.0,0.0,0.0,0.0,0.0,0.0,4.6442774488203296e-08,0.1098613076687888,5.280283593591115e-08,0.1145849779685057,1.0,0.1145849853497682,0.1066839496893465,0.2275943295105071,0.1101478350369476,0.0891265869140625,0.1066839555052186,5.7693417181099634e-05,0.0018178531140866,0.0,0.2275943321540099,0.0,0.11529138266099,UDP-lag
0.3505434782608695,0.2421398404504927,0.1711277886229285,0.0135932560590094,0.000135198726407,0.1602174559960227,0.1711277886229285,0.0160647571606475,0.1282323590226476,2.351017171771103e-07,0.000135198726407,0.0,0.0001598635830757,3.26858803827286e-07,0.025288083232848,3.332188706924434e-07,0.0248598686426006,0.0,0.0248598767718564,0.0194144742656517,0.0248507357256356,0.0253540366434549,0.0,0.0194144806496857,3.461605030865978e-05,0.0,0.0,0.0248507434377813,0.0,0.0,TFTP
0.2989130434782608,0.2064758329422806,0.1459229205311793,0.0115911485774499,0.0057642867847961,0.1098421100732104,0.1459229205311793,0.0136986301369863,0.1093454224224127,0.0008523326018769,0.0057642867847961,0.0,0.0106042843440264,0.001425711520602,3.1937257737254907e-06,0.0014257178537051,9.978790693114546e-06,0.0,9.987127110018193e-06,3.435511606106727e-06,0.0002922447328009,3.202055274438565e-06,0.0,3.4420220143336982e-06,0.0022961980038077,0.0,0.0,0.0002922530589153,0.0,0.0,DrDoS_NTP
0.0543478260869565,0.0375410605349601,0.1359736304949625,0.0115911485774499,0.0006445520677544,0.1063976412632237,0.1359736304949625,0.0136986301369863,0.1021882705338161,0.00968809073724,0.0006445520677544,0.0,0.0012256208035809,0.0173912960152233,4.085118814634028e-07,0.0173913026043493,7.586215146812228e-07,0.0,7.669580084488095e-07,2.864589392535999e-07,2.8666967430933296e-06,4.095773142052938e-07,0.0,2.929693679822606e-07,0.000265389719033,0.0,0.0,2.875030091981629e-06,0.0002269586905031,0.0,DrDoS_NTP
1.0,0.6907555138432661,0.4881784977770364,0.0387776606954689,0.0001928415942549,0.548465337735222,0.4881784977770364,0.0458281444582814,0.365810140467708,0.5,0.0001928415942549,0.0,5.328786102525844e-05,0.2499999936399381,0.0,0.2499999984099845,8.336500161332119e-09,0.0,1.667300018366977e-08,3.255215201593153e-08,8.33342076480619e-09,0.0,0.0,3.906258239763474e-08,1.1538683436219929e-05,0.0,0.0,1.6666841112936986e-08,0.0,0.0,DrDoS_DNS
0.0040760869565217,0.002815579540122,0.0019898580072433,0.0001580611169652,4.716234642105914e-06,0.0015731946978408,0.0019898580072433,0.0001867995018679,0.0014910739421238,5.926589917321385e-10,4.716234642105914e-06,4.8466335982084274e-08,0.0005861664712778,6.421942117047829e-08,0.0910429116679588,4.634631551383125e-08,0.1599115047161874,1.0,0.1599115117195852,0.0711153050942326,0.5158273618887386,0.103273873828554,0.0891265869140625,0.1099053001908675,0.0001269255177984,0.0617169465738685,0.3326764989656317,0.5158264989840227,0.0,0.1608973395011861,Syn
0.3505434782608695,0.2421398404504927,0.1711277886229285,0.0135932560590094,0.000135198726407,0.1602174559960227,0.1711277886229285,0.0160647571606475,0.1282323590226476,2.336106179089942e-07,0.000135198726407,0.0,0.0001598635830757,3.247319645431001e-07,0.0254495315624498,3.3109202795073654e-07,0.0250185705961718,0.0,0.0250185787241046,0.0195383942055865,0.0250093540564729,0.0255159060436406,0.0,0.0195384005888137,3.461605030865978e-05,0.0,0.0,0.0250093617646531,0.0,0.0,TFTP
0.2989130434782608,0.2064758329422806,0.1459229205311793,0.0115911485774499,0.001383428828351,0.111572618638342,0.1459229205311793,0.0136986301369863,0.1093454224224127,0.0058754406580493,0.001383428828351,0.0,0.0025045294681871,0.0098280014312697,1.6623198957295988e-06,0.00982800766644,6.419105124225731e-06,0.0,6.427441570804697e-06,5.008875868272548e-07,1.0166773333063552e-05,1.6666553633739246e-06,0.0,5.073980141598927e-07,0.0005423181215023,0.0,0.0,1.0175106499448027e-05,0.0,0.0,DrDoS_NTP
0.983695652173913,0.679493195682778,0.480219065748063,0.038145416227608,0.0001896974378269,0.5395229680982346,0.480219065748063,0.0450809464508094,0.3598458446992127,0.0039665147265077,0.0001896974378269,0.0,5.328786102525844e-05,0.0020161205692725,0.0,0.0020161269125739,2.0591155398490333e-06,0.0,2.067452022775052e-06,4.837249818205656e-06,2.058354928907129e-06,0.0,0.0,4.843760217306708e-06,1.1538683436219929e-05,0.0,0.0,2.0666882980041858e-06,0.0,0.0,DrDoS_DNS
0.3505434782608695,0.2421398404504927,0.1711277886229285,0.0135932560590094,0.000135198726407,0.1602174559960227,0.1711277886229285,0.0160647571606475,0.1282323590226476,2.329790087430196e-07,0.000135198726407,0.0,0.0001598635830757,3.2383106463980666e-07,0.0255185393172279,3.30191133545369e-07,0.0250864046979846,0.0,0.0250864128253519,0.0195913630676625,0.0250771547678154,0.0255850937763453,0.0,0.0195913694505449,3.461605030865978e-05,0.0,0.0,0.0250771624743005,0.0,0.0,TFTP
0.2989130434782608,0.2064758329422806,0.1459229205311793,0.0115911485774499,0.0005187858106316,0.1153676116487803,0.1459229205311793,0.0136986301369863,0.1093454224224127,0.0061141304347826,0.0005187858106316,0.0,0.0009058936374293,0.0102272643339184,5.9840820299146e-07,0.0102272703625989,1.183783022909161e-06,0.0,1.1921195131323886e-06,4.99005342668441e-07,3.658371715749918e-06,5.999689010308888e-07,0.0,5.05515770013333e-07,0.0001961576184157,0.0,0.0,3.666705044846136e-06,0.0,0.0,DrDoS_NTP
0.25,0.1726888784608165,0.1448375406760626,0.0115911485774499,0.0012587106233709,0.1109666757006496,0.1448375406760626,0.0136986301369863,0.1085501799530156,0.001710923699356,0.0012587106233709,0.0,0.0022913780240861,0.0028833467213018,1.6601407707945682e-06,0.0028833531107015,3.1178510603382124e-06,0.0,3.1261875344380818e-06,1.72632393910147e-06,3.178366679697081e-05,1.6644705551010042e-06,0.0,1.7328343584559892e-06,0.0004961633877574,0.0,0.0,3.179199942292729e-05,5.14320086615957e-06,0.0,DrDoS_NTP
0.3505434782608695,0.2421398404504927,0.1711277886229285,0.0135932560590094,0.0004055961792211,0.1388551285298863,0.1711277886229285,0.0160647571606475,0.1282323590226476,1.4002672158512277e-07,0.0004055961792211,0.0,0.0005861664712778,1.912479562515142e-07,0.0230429407354513,1.976080217397082e-07,0.0250468563412192,0.0,0.0250468644689162,0.0266698375175596,0.1251715132577932,0.0231030386289105,0.0,0.0266698438543581,0.0001269255177984,0.0,0.0,0.1251715184618932,0.0,0.0,TFTP
0.2982336956521739,0.2060065696855936,0.1455912775299721,0.0115648050579557,5.75118613301249e-05,0.1635708446098929,0.1455912775299721,0.0136674968866749,0.1090969100987254,0.0059646739130434,5.75118613301249e-05,0.0,5.328786102525844e-05,0.0099999916047183,0.0,0.0099999979011796,4.084885079052738e-07,0.0,4.168250045917443e-07,9.700541356627071e-07,4.0833761747550333e-07,0.0,0.0,9.765645599408685e-07,1.1538683436219929e-05,0.0,0.0,4.166710278234246e-07,0.0,0.0,DrDoS_MSSQL
0.0040760869565217,0.002815579540122,0.0019898580072433,0.0001580611169652,7.860391070176523e-07,0.0018629936743723,0.0019898580072433,0.0001867995018679,0.0014910739421238,4.685157421289355e-05,7.860391070176523e-07,0.0057471264648437,5.328786102525844e-05,0.0057471180054352,1.4628362817488366e-06,0.0028735611184933,1.4338780277491244e-06,1.0,0.0,1.1263044662705032e-06,1.4416817923114709e-06,0.0,0.0891265869140625,0.0,1.1538683436219929e-05,0.0,8.480096670388411e-09,0.0,0.0,0.0,Syn
0.2010869565217391,0.1389019239793524,0.1441541544844271,0.0115911485774499,0.0015374924933265,0.1099948276454919,0.1441541544844271,0.0136986301369863,0.1080441227684855,0.02277950310559,0.0015374924933265,0.0,0.0028242566343386,0.038571420418435,2.1574014821723301e-07,0.0385714276492516,3.668060070986132e-07,0.0,3.7514250413256985e-07,1.2246979527727156e-07,2.9083638469173607e-06,2.163028163502324e-07,0.0,1.2898022507357217e-07,0.0006115502221196,0.0,0.0,2.916697194763972e-06,1.6904784933941456e-05,0.0,DrDoS_NTP
0.3505434782608695,0.2421398404504927,0.1711277886229285,0.0135932560590094,0.000135198726407,0.1602174559960227,0.1711277886229285,0.0160647571606475,0.1282323590226476,2.3335176944966747e-07,0.000135198726407,0.0,0.0001598635830757,3.243627543344178e-07,0.0254777746926512,3.3072280697789266e-07,0.0250463311417091,0.0,0.0250463392694104,0.0195600678354298,0.025037096014199,0.0255442228342594,0.0,0.0195600742185159,3.461605030865978e-05,0.0,0.0,0.0250371037216856,0.0,0.0,TFTP
0.9510869565217392,0.656968559361802,0.4643002016901161,0.0368809272918862,0.0001834091249707,0.52163822882426,0.4643002016901161,0.0435865504358655,0.3479172531622223,0.9510869565217392,0.0001834091249707,0.0,5.328786102525844e-05,0.4999999957599588,0.0,0.4999999989399897,0.0,0.0,8.336500091834885e-09,1.3020860689957046e-08,0.0,0.0,0.0,1.953129119881737e-08,1.1538683436219929e-05,0.0,0.0,8.333420556468491e-09,0.0,0.0,LDAP
0.0,0.0,0.030710141405742,0.0056902002107481,3.0328008879097752e-05,0.0168556562416443,0.030710141405742,0.0067247820672478,0.0147554192189335,0.0001345663959096,3.0328008879097752e-05,0.0008340283813476,0.0001598635830757,0.0014595411569819,5.324768315943958e-06,0.0010425332825802,7.769618150361535e-06,0.0,8.561585594314427e-06,3.8964925199966e-06,9.983438076237818e-06,7.178788329926376e-06,0.00091552734375,5.854504536845507e-06,4.615473374487971e-05,0.0,8.480096670388411e-09,9.99177124720572e-06,0.0002158309275435,0.0,Benign
0.2989130434782608,0.2064758329422806,0.1459229205311793,0.0115911485774499,0.0057642867847961,0.1098421100732104,0.1459229205311793,0.0136986301369863,0.1093454224224127,0.0175624584887344,0.0057642867847961,0.0,0.0106042843440264,0.0293771950592854,2.447086648009059e-07,0.0293772010672597,6.752565130679017e-07,0.0,6.835930075304606e-07,1.6053609349700192e-07,1.417514872093533e-05,2.4534688521880257e-07,0.0,1.6704652304547454e-07,0.0022961980038077,0.0,0.0,1.4183481787109371e-05,0.0,0.0,DrDoS_NTP
0.0197010869565217,0.013608634443923,0.0096176470350095,0.0021865121180189,3.799189017251986e-06,0.0157112466538735,0.0096176470350095,0.0009028642590286,0.0125747231993777,1.6200778563129805e-06,3.799189017251986e-06,2.1292451858520505e-05,5.328786102525844e-05,2.1283971923957663e-05,0.0003982044629639,1.0644105931259468e-05,0.0003914737110759,0.0,1.667300018366977e-08,0.0003057558552774,0.0003913707727983,0.0,0.0,3.906258239763474e-08,1.1538683436219929e-05,0.0,2.5440290011165232e-08,1.6666841112936986e-08,1.998223225459815e-05,0.0,Benign
0.1521739130434782,0.1051149694978883,0.1438762131972215,0.0115911485774499,0.001989202966826,0.1093240180213103,0.1438762131972215,0.0136986301369863,0.1078333484002019,0.0159431489819232,0.001989202966826,0.0,0.0036768624107428,0.027047905195963,2.474761064030613e-07,0.0270479119998215,4.084885079052738e-07,0.0,4.168250045917443e-07,1.7663081587771069e-07,5.383389814064799e-06,2.481215445373281e-07,0.0,1.831412453213997e-07,0.0007961691570991,0.0,0.0,5.391723100035114e-06,2.9591395680479997e-05,0.0,DrDoS_NTP
0.0230978260869565,0.015954950727358,0.0112758620410456,0.0020811380400421,4.454221606433364e-06,0.0161459451778937,0.0112758620410456,0.0010585305105853,0.0129226408317396,1.2514680938984707e-06,4.454221606433364e-06,1.6302310943603515e-05,5.328786102525844e-05,1.6293830093145396e-05,0.0005201398584275,8.149035468511372e-06,0.0005113359103956,0.0,8.336500091834885e-09,0.0003993498033115,0.0005111720297132,0.0,0.0,1.953129119881737e-08,1.1538683436219929e-05,0.0,1.6960193340776826e-08,8.333420556468491e-09,1.3876550370438796e-05,0.0,Benign
0.1032608695652173,0.0713280150164242,0.1417701769059554,0.0115911485774499,0.0012880560833662,0.1085612336972134,0.1417701769059554,0.0136986301369863,0.1062998268422432,0.0042114425132956,0.0012880560833662,0.0,0.0023979537461366,0.0072509373569421,5.795715359736146e-07,0.0072509436961328,1.2504750241998178e-06,0.0,1.2588115138670677e-06,6.818591079215594e-07,1.3208471912217812e-05,5.810831064290011e-07,0.0,6.883695340759947e-07,0.0005192407546298,0.0,0.0,1.3216805002559028e-05,7.886912666761016e-05,0.0,DrDoS_NTP
0.3505434782608695,0.2421398404504927,0.1711277886229285,0.0135932560590094,0.0003379968160175,0.1409913552120674,0.1711277886229285,0.0160647571606475,0.1282323590226476,1.4605479240328854e-07,0.0003379968160175,0.0,0.0004795907492273,1.998461348557647e-07,0.0232245005678956,2.0620620038304333e-07,0.0250170366801422,0.0,0.0250170448080877,0.0260426047450944,0.1000044575467671,0.0232850719844,0.0,0.0260426110859765,0.0001038481509259,0.0,0.0,0.10000446338005,0.0,0.0,TFTP
0.3505434782608695,0.2421398404504927,0.1711277886229285,0.0135932560590094,0.000135198726407,0.1602174559960227,0.1711277886229285,0.0160647571606475,0.1282323590226476,2.337809042770061e-07,0.000135198726407,0.0,0.0001598635830757,3.249748536282156e-07,0.0254310081963572,3.313349168787112e-07,0.0250003553433193,0.0,0.025000363471404,0.0195241619977384,0.0249911371986811,0.0254973343670787,0.0,0.0195241683810583,3.461605030865978e-05,0.0,0.0,0.0249911449073166,0.0,0.0,TFTP
0.0,0.0,0.0,0.0,0.0,0.0,0.0,0.0,0.0,0.0,0.0,0.0,0.0,2.6739341745386173e-08,0.2407791568541235,3.309940297654456e-08,0.2367017587472707,1.0,0.2367017651105066,0.1848533924306804,0.2366143324787049,0.2414071287906027,0.0891265869140625,0.1848533977376358,3.461605030865978e-05,0.0,0.0,0.2366143432301258,0.0,0.2381609919884883,UDP-lag
0.2989130434782608,0.2064758329422806,0.1459229205311793,0.0115911485774499,0.0025362861853102,0.1105376246794265,0.1459229205311793,0.0136986301369863,0.1093454224224127,0.0061201367673538,0.0025362861853102,0.0,0.0046360439091974,0.0102373112903046,6.821797338265457e-07,0.0102373172376202,2.500950048399636e-06,0.0,2.5092865276423006e-06,4.759349063117934e-07,1.7900187802803695e-05,6.83958914940372e-07,0.0,4.82445333806884e-07,0.0010038654589511,0.0,0.0,1.7908520775850786e-05,0.0,0.0,DrDoS_NTP
0.3505434782608695,0.2421398404504927,0.1711277886229285,0.0135932560590094,0.000135198726407,0.1602174559960227,0.1711277886229285,0.0160647571606475,0.1282323590226476,2.336162226582093e-07,0.000135198726407,0.0,0.0001598635830757,3.2473995891414134e-07,0.0254489091597235,3.311000149731534e-07,0.0250179620316601,0.0,0.0250179701595979,0.0195379254545946,0.0250087540501779,0.0255152820176366,0.0,0.0195379318378249,3.461605030865978e-05,0.0,0.0,0.025008761758373,0.0,0.0,TFTP
0.2989130434782608,0.2064758329422806,0.1459229205311793,0.0115911485774499,0.0024210004496143,0.110596768057712,0.1459229205311793,0.0136986301369863,0.1093454224224127,0.0023253098399864,0.0024210004496143,0.0,0.0044228924650964,0.0038896007397882,1.5941278306923612e-06,0.0038896070190848,3.2178890622741978e-06,0.0,3.2262255355401005e-06,1.2639648138966403e-06,4.498380528842382e-05,1.59828544779641e-06,0.0,1.2704752362613168e-06,0.0009577107252062,0.0,0.0,4.499213758437338e-05,0.0,0.0,DrDoS_NTP
0.4137228260869565,0.2857813233223839,0.2019705877352005,0.0160432033719704,7.97829693622917e-05,0.2269126295385531,0.2019705877352005,0.0189601494396014,0.1513440051255667,0.4137228260869565,7.97829693622917e-05,0.0,5.328786102525844e-05,0.4999999957599588,0.0,0.4999999989399897,0.0,0.0,8.336500091834885e-09,1.3020860689957046e-08,0.0,0.0,0.0,1.953129119881737e-08,1.1538683436219929e-05,0.0,0.0,8.333420556468491e-09,0.0,0.0,DrDoS_MSSQL
0.0,0.0,0.0,0.0,0.0,0.0,0.0,0.0,0.0,0.0,0.0,0.0021276596679687,0.0,0.0014184312482581,5.953032693309465e-06,0.0003546078050476,5.8522231132551474e-06,0.0,0.0,4.583343030967988e-06,5.866728218423558e-06,0.0,0.00396728515625,0.0,0.0,0.0,5.961507959283053e-06,0.0,0.0,0.0,DrDoS_NTP
0.2241847826086956,0.1548568747067104,0.1159092289219254,0.0097207586933614,9.15735559675565e-05,0.1073084356438477,0.1159092289219254,0.0114881693648816,0.0858858605831302,4.361873941917961e-06,9.15735559675565e-05,0.0,0.0001598635830757,9.1770399418187e-06,0.0009231779831244,9.18340017102163e-06,0.0009075447535632,0.0,0.0009075530824976,0.0007087645204976,0.0009072261849813,0.0009255857075859,0.0,0.0007087710263138,3.461605030865978e-05,0.0,0.0,0.000907234495721,1.0422830888295866e-05,0.0,DrDoS_UDP
0.0,0.0,0.0,0.0,0.0,0.0,0.0,0.0,0.0,0.0,0.0,5.442849397659302e-07,0.0,3.316979995952036e-07,0.0215520915904204,6.591559704397553e-08,0.0354794527571161,1.0,2.5009500275504656e-08,0.0159485770396322,0.0612430675418502,0.0,0.1250152587890625,5.859387359645212e-08,1.1538683436219929e-05,0.0,0.0360905960612461,2.5000261669405472e-08,0.0,0.0,Benign
0.3505434782608695,0.2421398404504927,0.1711277886229285,0.0135932560590094,0.000135198726407,0.1602174559960227,0.1711277886229285,0.0160647571606475,0.1282323590226476,2.3368801836531314e-07,0.000135198726407,0.0,0.0001598635830757,3.2484236519491e-07,0.0254411153556733,3.312024157530947e-07,0.0250102924515116,0.0,0.0250103005795134,0.019531923244629,0.0250010706362327,0.0255074678867014,0.0,0.0195319296278984,3.461605030865978e-05,0.0,0.0,0.02500107834462,0.0,0.0,TFTP
0.2010869565217391,0.1389019239793524,0.1447858631503008,0.0115911485774499,0.0024021355110459,0.1097451094748328,0.1447858631503008,0.0136986301369863,0.1085034018764622,0.0166753972411384,0.0024021355110459,0.0,0.0044228924650964,0.0281124415575102,3.089161450969449e-07,0.0281124471583283,1.1254275217798362e-06,0.0,1.1337640124895443e-06,1.6927119129775298e-07,6.216731890545418e-06,3.0972182392887025e-07,0.0,1.7578162078935633e-07,0.0009577107252062,0.0,0.0,6.225065155681963e-06,1.1012098550701817e-05,0.0,DrDoS_NTP
0.3376358695652174,0.2332238385734397,0.1648265715999912,0.0130927291886196,6.511023936462887e-05,0.1851815712326123,0.1648265715999912,0.0154732254047322,0.1235106248725889,0.3376358695652174,6.511023936462887e-05,0.0,5.328786102525844e-05,0.4999999957599588,0.0,0.4999999989399897,0.0,0.0,8.336500091834885e-09,1.3020860689957046e-08,0.0,0.0,0.0,1.953129119881737e-08,1.1538683436219929e-05,0.0,0.0,8.333420556468491e-09,0.0,0.0,DrDoS_NetBIOS
0.8695652173913043,0.6006569685593618,0.4245030415452491,0.0337197049525816,0.0001676883428304,0.4769263806393234,0.4245030415452491,0.0398505603985056,0.318095774319746,0.8695652173913043,0.0001676883428304,0.0,5.328786102525844e-05,0.4999999957599588,0.0,0.4999999989399897,0.0,0.0,8.336500091834885e-09,1.3020860689957046e-08,0.0,0.0,0.0,1.953129119881737e-08,1.1538683436219929e-05,0.0,0.0,8.333420556468491e-09,0.0,0.0,MSSQL
0.0339673913043478,0.02346316283435,0.0165821500603612,0.0017386722866174,6.55032589181377e-06,0.0175121405391001,0.0165821500603612,0.0015566625155666,0.0140160954351635,1.6981499768583147e-06,6.55032589181377e-06,2.154893684387207e-05,5.328786102525844e-05,2.1540457737679412e-05,0.0003935022470868,1.0772348424207127e-05,0.0003868386169862,0.0,8.336500091834885e-09,0.0003021165310182,0.0003867123905908,0.0,0.0,1.953129119881737e-08,1.1538683436219929e-05,0.0,8.480096670388411e-09,8.333420556468491e-09,1.7542701412305688e-06,0.0,Benign
0.0,0.0,0.0,0.0,0.0,0.0,0.0,0.0,0.0,0.0,0.0,0.0052816899414062,0.0,0.0035211183103403,1.526159438048949e-06,0.0008802795590917,1.7173190332344163e-06,0.0,0.0,1.8424517652189252e-06,2.3583580764401523e-06,0.0,0.0288848876953125,0.0,0.0,0.0,6.360072502791309e-07,0.0,0.0,0.0,Benign
0.0040760869565217,0.002815579540122,0.0019898580072433,0.0001580611169652,3.930195535088261e-06,0.0015731946978408,0.0019898580072433,0.0001867995018679,0.0014910739421238,9.860310042318451e-10,3.930195535088261e-06,1.075138971209526e-07,0.0004795907492273,1.1247305511297044e-07,0.0688060595748761,6.50761699286629e-08,0.1333412696814869,1.0,0.1333412769063875,0.0427442147908188,0.310040677843445,0.0869264321128037,0.0891265869140625,0.080738847066318,0.0001038481509259,0.0635867637819644,0.1967771324763415,0.3100397784163474,0.0,0.1341633036247576,Syn
0.0,0.0,0.0,0.0,0.0,0.0,0.0,0.0,0.0,0.0,0.0,0.0031446540527343,0.0,0.0031446456346348,0.0,0.0015723249096799,1.3171670254904748e-06,0.0,0.0,3.0989648901939267e-06,1.316680480839378e-06,0.0,0.00360107421875,0.0,0.0,0.0,0.0,0.0,0.0,0.0,DrDoS_NTP
0.2989130434782608,0.2064758329422806,0.1459229205311793,0.0115911485774499,0.0027092147888541,0.1104583473851289,0.1459229205311793,0.0136986301369863,0.1093454224224127,0.0221242725094145,0.0027092147888541,0.0,0.004955771075349,0.0370078658494954,2.113743903058963e-07,0.0370078729584368,3.918155075826096e-07,0.0,4.001520044080745e-07,1.2684838968675304e-07,5.283388764887124e-06,2.1192567218152357e-07,0.0,1.3335881945454713e-07,0.0010730975595684,0.0,0.0,5.291722053357492e-06,0.0,0.0,DrDoS_NTP
0.2241847826086956,0.1548568747067104,0.1192256589339977,0.0102476290832455,9.4193686324282e-05,0.1097924272096775,0.1192256589339977,0.0121108343711083,0.0878739591726287,4.482847714358679e-06,9.4193686324282e-05,0.0,0.0001598635830757,9.169199877921351e-06,0.0009233561321349,9.175560014449833e-06,0.0009079198960705,0.0,0.0009079282250017,0.0007093699905287,0.0009080011931125,0.0009257643212237,0.0,0.000709376496341,3.461605030865978e-05,0.0,0.0,0.0009080095038328,2.3853962517555835e-05,0.0,UDP
0.2989130434782608,0.2064758329422806,0.1459229205311793,0.0115911485774499,0.0012681430926551,0.1117796204623414,0.1459229205311793,0.0136986301369863,0.1093454224224127,0.0041203552359158,0.0012681430926551,0.0,0.0022913780240861,0.0068922221548053,2.1305855602435085e-06,0.006892228363341,7.86965615229752e-06,0.0,7.877992586783966e-06,7.184184392079608e-07,1.3291806119865875e-05,2.136142303433332e-06,0.0,7.249288651243792e-07,0.0004961633877574,0.0,0.0,1.3300139208123712e-05,0.0,0.0,DrDoS_NTP
0.25,0.1726888784608165,0.1448847346248734,0.0115911485774499,0.0013163534912188,0.1108940237988951,0.1448847346248734,0.0136986301369863,0.1085840197353732,0.0031972304246003,0.0013163534912188,0.0,0.0023979537461366,0.0053864084274215,9.05267789125692e-07,0.0053864148835862,2.1341440413010224e-06,0.0,2.1424805236015653e-06,9.201408024936774e-07,1.778351991209641e-05,9.076288023213396e-07,0.0,9.26651227096796e-07,0.0005192407546298,0.0,0.0,1.779185288806023e-05,4.929320416725635e-06,0.0,DrDoS_NTP
0.3505434782608695,0.2421398404504927,0.1711277886229285,0.0135932560590094,0.000135198726407,0.1602174559960227,0.1711277886229285,0.0160647571606475,0.1282323590226476,2.334885478319861e-07,0.000135198726407,0.0,0.0001598635830757,3.245578490829454e-07,0.0254628498791943,3.3091792278297855e-07,0.0250316589014251,0.0,0.0250316670292488,0.0195486090709499,0.0250224291936529,0.0255292590956557,0.0,0.0195486154541107,3.461605030865978e-05,0.0,0.0,0.0250224369015062,0.0,0.0,TFTP
0.0292119565217391,0.020178320037541,0.0142606490519107,0.001554267650158,5.633280266959842e-06,0.015338647918999,0.0142606490519107,0.0013387297633872,0.0122765091693524,3.32406592443968e-06,5.633280266959842e-06,4.797083282470703e-05,5.328786102525844e-05,4.796235405745507e-05,0.0001767126302389,2.3983296442632086e-05,0.0001737326633621,0.0,2.5009500275504656e-08,0.0001357099193841,0.0001737101558423,0.0,0.0,5.859387359645212e-08,1.1538683436219929e-05,0.0,1.6960193340776826e-08,2.5000261669405472e-08,1.7542701412305688e-06,0.0,Benign
0.2989130434782608,0.2064758329422806,0.1459229205311793,0.0115911485774499,0.0036891435422695,0.1101495009972656,0.1459229205311793,0.0136986301369863,0.1093454224224127,0.0069539930143979,0.0036891435422695,0.0,0.0067675583502078,0.0116321253880973,5.772619728289587e-07,0.0116321316937022,1.7256555333957486e-06,0.0,1.733992019101656e-06,4.165650154698346e-07,2.2916907103217022e-05,5.787675197528264e-07,0.0,4.230754433514486e-07,0.0014654127963999,0.0,0.0,2.292523995084482e-05,0.0,0.0,DrDoS_NTP
0.0217391304347826,0.015016424213984,0.0106125760386312,0.0012644889357218,4.1922085707608124e-06,0.011923159515983,0.0106125760386312,0.0009962640099626,0.009542873608792,2.6332586892270224e-06,4.1922085707608124e-06,4.845196151733398e-05,5.328786102525844e-05,4.8443480210222e-05,0.0001749699685865,2.4223860789455565e-05,0.0001720153443289,0.0,1.667300018366977e-08,0.0001343622602827,0.000171985137744,0.0,0.0,3.906258239763474e-08,1.1538683436219929e-05,0.0,1.6960193340776826e-08,1.6666841112936986e-08,1.7542701412305688e-06,0.0,Benign
0.2989130434782608,0.2064758329422806,0.1459229205311793,0.0115911485774499,0.0012105002248071,0.1118979072189125,0.1459229205311793,0.0136986301369863,0.1093454224224127,0.0026024767467012,0.0012105002248071,0.0,0.0021848023020355,0.0043532253876791,3.096407215071917e-06,0.0043532317759271,1.0904142211022412e-05,0.0,1.0912478620211863e-05,1.1425011686889104e-06,2.0091877463947725e-05,3.1044829009426624e-06,0.0,1.1490115918443673e-06,0.000473086020885,0.0,0.0,2.0100210382202e-05,0.0,0.0,DrDoS_NTP
0.0,0.0,0.0,0.0,0.0,0.0,0.0,0.0,0.0,0.0,0.0,0.0089285712890625,0.0,0.0066964201481324,1.142455945940582e-06,0.0022321407069772,9.170150177465332e-07,0.0,0.0,1.0872418836185542e-06,9.250097048934872e-07,0.0,0.2500152587890625,0.0,0.0,0.0,8.480096670388411e-09,0.0,0.0,0.0,Benign
0.0271739130434782,0.01877053026748,0.013265720048289,0.0035827186512118,5.240260713451015e-06,0.0243431173451321,0.013265720048289,0.0012453300124533,0.0194833665562841,2.60088354378422e-06,5.240260713451015e-06,2.1752843856811523e-05,5.328786102525844e-05,2.174436428641119e-05,0.000389775232089,1.0874301930892997e-05,0.0003831872299156,0.0,2.5009500275504656e-08,0.0002992844937759,0.0003830873525581,0.0,0.0,5.859387359645212e-08,1.1538683436219929e-05,0.0,1.6960193340776826e-08,2.5000261669405472e-08,6.315372369013188e-05,0.0,Benign
0.2989130434782608,0.2064758329422806,0.1459229205311793,0.0115911485774499,0.0057642867847961,0.1098421100732104,0.1459229205311793,0.0136986301369863,0.1093454224224127,0.0248266647407193,0.0057642867847961,0.0,0.0106042843440264,0.0415282310747382,2.1004958521676927e-07,0.0415282362492701,8.086405156492156e-07,0.0,8.169770089998187e-07,1.1165879369177957e-07,1.0025105180061847e-05,2.105974118912564e-07,0.0,1.1816922355846447e-07,0.0022961980038077,0.0,0.0,1.0033438349988064e-05,0.0,0.0,DrDoS_NTP
0.3505434782608695,0.2421398404504927,0.1711277886229285,0.0135932560590094,0.000135198726407,0.1602174559960227,0.1711277886229285,0.0160647571606475,0.1282323590226476,2.336575659906566e-07,0.000135198726407,0.0,0.0001598635830757,3.2479892924929495e-07,0.0254444311648876,3.311589937692837e-07,0.0250135520230747,0.0,0.0250135601510493,0.0195344684160299,0.0250043290037517,0.0255107923438201,0.0,0.0195344747992827,3.461605030865978e-05,0.0,0.0,0.0250043367120575,0.0,0.0,TFTP
0.0040760869565217,0.002815579540122,0.010695486788933,0.0012118018967334,8.449920400439762e-06,0.0108674631005054,0.010695486788933,0.0014321295143212,0.0086979313290555,3.6034485840961104e-05,8.449920400439762e-06,0.0,0.0001598635830757,0.0008223599479439,9.115744653550483e-06,0.0008223662899259,9.32854368053064e-06,0.0,9.33688010285507e-06,7.910173185508212e-06,1.0125106229239522e-05,9.13951926883418e-06,0.00390625,7.91668356460321e-06,3.461605030865978e-05,0.0,0.0,1.0133439396665684e-05,6.966827757998079e-06,0.0,Benign
0.2466032608695652,0.1703425621773815,0.1203864094382229,0.0095626975763962,4.755536597456797e-05,0.1352533407594331,0.1203864094382229,0.0113013698630136,0.0902099734984904,0.2466032608695652,4.755536597456797e-05,0.0,5.328786102525844e-05,0.4999999957599588,0.0,0.4999999989399897,0.0,0.0,8.336500091834885e-09,1.3020860689957046e-08,0.0,0.0,0.0,1.953129119881737e-08,1.1538683436219929e-05,0.0,0.0,8.333420556468491e-09,0.0,0.0,DrDoS_UDP
0.2241847826086956,0.1548568747067104,0.1159092289219254,0.0097207586933614,9.15735559675565e-05,0.1073084356438477,0.1159092289219254,0.0114881693648816,0.0858858605831302,4.406069407884784e-06,9.15735559675565e-05,0.0,0.0001598635830757,9.27010965062391e-06,0.0009139049972263,9.276469247757024e-06,0.0008984329588869,0.0,0.0008984412878972,0.0007016551304549,0.0008981260895062,0.0009162885369743,0.0,0.0007016616363175,3.461605030865978e-05,0.0,0.0,0.0008981344004733,1.0422830888295866e-05,0.0,UDP
0.25,0.1726888784608165,0.1432697765215215,0.0115911485774499,0.0005093533413474,0.1133804183961165,0.1432697765215215,0.0136986301369863,0.107461960201625,0.0077231121281464,0.0005093533413474,0.0,0.0009058936374293,0.0131578863683397,4.164396446584661e-07,0.0131578924391244,7.919675153265513e-07,0.0,8.00304008816149e-07,3.864131970543506e-07,2.841696480798911e-06,4.175257536618351e-07,0.0,3.92923625132266e-07,0.0001961576184157,0.0,0.0,2.850029830312224e-06,1.177207518644202e-05,0.0,DrDoS_NTP
0.0,0.0,0.0,0.0,0.0,0.0,0.0,0.0,0.0,0.0,0.0,0.0,0.0,7.708388147647396e-08,0.0657433461146089,8.344394475216794e-08,0.0822019764758137,0.0,0.082201984127037,0.0585680861629425,0.9495919628023431,0.0659148101935998,0.0,0.0585680922920696,0.0004384699705763,0.004181766503686,0.0,0.9495919390622956,0.0,0.0827087456402247,Benign
0.1032608695652173,0.0713280150164242,0.1433414833899161,0.0115911485774499,0.0020950562332377,0.1088391135764512,0.1433414833899161,0.0136986301369863,0.1074368495966528,0.0237727142993054,0.0020950562332377,0.0,0.0038900138548438,0.0404813923008399,2.244696329466509e-07,0.0404814003095508,4.168250080666059e-07,0.0,4.251615046835791e-07,1.1576080333783006e-07,3.800039868751623e-06,2.2505506829713549e-07,0.0,1.2227123317780912e-07,0.000842323890844,0.0,0.0,3.808373194306101e-06,4.9840233400893296e-05,0.0,DrDoS_NTP
0.0292119565217391,0.020178320037541,0.0142606490519107,0.0018703898840885,5.633280266959842e-06,0.0168290428584969,0.0142606490519107,0.0013387297633872,0.0134693681334516,3.752393632148507e-06,5.633280266959842e-06,4.845196151733398e-05,5.328786102525844e-05,4.8443480210222e-05,0.0001749826914667,2.4223860789455565e-05,0.000172023680829,0.0,1.667300018366977e-08,0.0001343622602827,0.000171985137744,0.0,0.0,3.906258239763474e-08,1.1538683436219929e-05,0.0,8.480096670388411e-09,1.6666841112936986e-08,5.372452024328121e-06,0.0,Benign
0.2010869565217391,0.1389019239793524,0.1440126536055245,0.0115911485774499,0.0014222067576306,0.1100507644550752,0.1440126536055245,0.0136986301369863,0.1079420573738266,0.0103581460674157,0.0014222067576306,0.0,0.0026111051902376,0.0175561714440763,5.384456795844414e-07,0.0175561776046988,1.2171290235544897e-06,0.0,1.2254655134997282e-06,2.772911853221347e-07,5.925062163777201e-06,5.398499904081658e-07,0.0,2.838016141104814e-07,0.0005653954883747,0.0,0.0,5.933395436205566e-06,1.820313231927358e-05,0.0,DrDoS_NTP
0.0,0.0,0.0,0.0,0.0,0.0,0.0,0.0,0.0,0.0,0.0,0.015625,0.0,0.0117187416192935,6.023858399929706e-07,0.0039062478882607,5.001900096799272e-07,0.0,0.0,6.184908917951662e-07,5.2500550818279e-07,0.0,0.0299072265625,0.0,0.0,0.0,2.5440290011165232e-08,0.0,0.0,0.0,Benign
0.0543478260869565,0.0375410605349601,0.1430109334503584,0.0115911485774499,0.0023161952353453,0.1084474346207173,0.1430109334503584,0.0136986301369863,0.1071896493039713,0.0305620090717999,0.0023161952353453,0.0,0.0043163167430459,0.0521628418350363,1.8776936067084515e-07,0.0521628495530657,6.419105124225732e-07,0.0,6.502470071631211e-07,8.825250307764498e-08,3.266700939804027e-06,1.8825907867871806e-07,0.0,9.476293309671493e-08,0.0009346333583338,0.0,0.0,3.275034278692117e-06,7.046335519837963e-05,0.0,DrDoS_NTP
0.0040760869565217,0.002815579540122,0.0019898580072433,0.0001580611169652,3.1441564280706093e-06,0.0016394344097584,0.0019898580072433,0.0001867995018679,0.0014910739421238,6.348892611522848e-10,3.1441564280706093e-06,3.115190006792545e-08,0.0003730150271768,6.939966759661182e-08,0.0807042846335868,6.018377969693358e-08,0.1065017323455747,1.0,0.1065017397942231,0.0696632707718943,0.2675092232842676,0.0868751993937957,0.0891265869140625,0.089567073696171,8.077078405353949e-05,0.0359632852139103,8.480096670388411e-09,0.2675092332633081,0.0,0.107158305245634,Syn
0.2989130434782608,0.2064758329422806,0.1459229205311793,0.0115911485774499,0.0023633575817664,0.1106285002009449,0.1459229205311793,0.0136986301369863,0.1093454224224127,0.0071004836515693,0.0023633575817664,0.0,0.0043163167430459,0.0118771642741711,1.163438007737876e-06,0.0118771707567217,3.843126574374107e-06,0.0,3.851463042427717e-06,4.09674852966617e-07,1.437515081929068e-05,1.1664723501960782e-06,0.0,4.16185280893089e-07,0.0009346333583338,0.0,0.0,1.4383483880464617e-05,0.0,0.0,DrDoS_NTP
0.0040760869565217,0.002815579540122,0.0019898580072433,0.0001580611169652,3.930195535088261e-06,0.0015835446232165,0.0019898580072433,0.0001867995018679,0.0014910739421238,8.802783932296332e-10,3.930195535088261e-06,8.098561316728593e-08,0.0004795907492273,9.950073472002605e-08,0.0715191920065482,6.536798681952127e-08,0.1216215093041802,1.0,0.1216215166267826,0.0482339725002671,0.3087000387779068,0.0857019126960303,0.0891265869140625,0.0803897105876707,0.0001038481509259,0.0538433821897725,0.1851401841388543,0.3086990643835405,0.0,0.1223712929789777,Syn
0.0040760869565217,0.002815579540122,0.0019898580072433,0.0001580611169652,1.5720782140353049e-06,0.0018629936743723,0.0019898580072433,0.0001867995018679,0.0014910739421238,3.8863569532428976e-09,1.5720782140353049e-06,0.0,0.0001598635830757,4.6824637454197996e-07,0.0177881707731488,4.746064230151219e-07,0.017486942852416,1.0,0.0174869510431362,0.0136565262914779,0.0174805000662465,0.0178345637923486,0.0891265869140625,0.0136565327129986,3.461605030865978e-05,0.0,0.0,0.01748050796265,0.0,0.0,Syn
0.2241847826086956,0.1548568747067104,0.1159092289219254,0.0097207586933614,9.15735559675565e-05,0.1073084356438477,0.1159092289219254,0.0114881693648816,0.0858858605831302,4.440514035429381e-06,9.15735559675565e-05,0.0,0.0001598635830757,9.34264540480933e-06,0.0009068283218334,9.349005716416662e-06,0.0008914719812522,0.0,0.0008914803103205,0.0006962123851741,0.0008911593497468,0.0009091934050273,0.0,0.000696218891072,3.461605030865978e-05,0.0,0.0,0.0008911676608881,1.0422830888295866e-05,0.0,UDP
0.1032608695652173,0.0713280150164242,0.1379634885022059,0.0115911485774499,0.0006539845370386,0.1078880362027216,0.1379634885022059,0.0136986301369863,0.1036196963611389,0.0136746143057503,0.0006539845370386,0.0,0.0012256208035809,0.0241935401121776,3.511164077956851e-07,0.0241935467593952,7.752945150038871e-07,0.0,7.836310086324792e-07,2.04087846721683e-07,2.058354928907129e-06,3.520321483997053e-07,0.0,2.1059827598661493e-07,0.000265389719033,0.0,0.0,2.0666882980041858e-06,0.0001452535628143,0.0,DrDoS_NTP
0.3505434782608695,0.2421398404504927,0.1711277886229285,0.0135932560590094,0.000270397452814,0.1441957103964204,0.1711277886229285,0.0160647571606475,0.1282323590226476,1.557973264898581e-07,0.000270397452814,0.0,0.0003730150271768,2.137424626629772e-07,0.0235531530753201,2.2010251670240558e-07,0.0250431299256471,0.0,0.0250431380533752,0.0251116164471049,0.075000670215365,0.0236145816447201,0.0,0.025111622794048,8.077078405353949e-05,0.0,0.0,0.0750006766737491,0.0,0.0,TFTP
0.2989130434782608,0.2064758329422806,0.1459229205311793,0.0115911485774499,0.0050725723706205,0.109916626787969,0.1459229205311793,0.0136986301369863,0.1093454224224127,0.0180910232641588,0.0050725723706205,0.0,0.0093253756794202,0.0302613397820383,2.503137537941603e-07,0.0302613456003841,8.41986516294544e-07,0.0,8.503230093671583e-07,1.5576670599511266e-07,1.2108460371263396e-05,2.509665927472957e-07,0.0,1.6227713557463602e-07,0.0020192696013384,0.0,0.0,1.2116793489105186e-05,0.0,0.0,DrDoS_NTP
0.2900815217391304,0.2003754106053495,0.1416115615154854,0.0112486828240252,5.593978311608959e-05,0.1590996597913993,0.1416115615154854,0.0132938978829389,0.1061147622144778,0.2900815217391304,5.593978311608959e-05,0.0,5.328786102525844e-05,0.4999999957599588,0.0,0.4999999989399897,0.0,0.0,8.336500091834885e-09,1.3020860689957046e-08,0.0,0.0,0.0,1.953129119881737e-08,1.1538683436219929e-05,0.0,0.0,8.333420556468491e-09,0.0,0.0,MSSQL
0.3505434782608695,0.2421398404504927,0.1711277886229285,0.0135932560590094,0.000270397452814,0.1441957103964204,0.1711277886229285,0.0160647571606475,0.1282323590226476,1.5579112945597958e-07,0.000270397452814,0.0,0.0003730150271768,2.1373362348279645e-07,0.0235540306815241,2.200936803137989e-07,0.0250277574193496,0.0,0.0250277655472058,0.0251126174257853,0.0750036535799988,0.0236154615397937,0.0,0.025112623772722,8.077078405353949e-05,0.0,0.0,0.0750036600383084,0.0,0.0,TFTP
0.0040760869565217,0.002815579540122,0.0019898580072433,0.0001580611169652,5.502273749123566e-06,0.0015835446232165,0.0019898580072433,0.0001867995018679,0.0014910739421238,4.832315523225171e-10,5.502273749123566e-06,1.4819100499153137e-08,0.0006927421933283,5.079632182240243e-08,0.0858739800379913,4.9746831285992116e-08,0.1098454108587833,1.0,0.1098454182795571,0.0878653844807938,0.5623431999174058,0.0883421206993968,0.0891265869140625,0.1013831435425684,0.0001500028846708,0.0309378143403978,0.0,0.5623432191923609,0.0,0.1105225969507927,Syn
0.3505434782608695,0.2421398404504927,0.1711277886229285,0.0135932560590094,0.0004731955424246,0.1373292414989846,0.1711277886229285,0.0160647571606475,0.1282323590226476,1.3629516687497237e-07,0.0004731955424246,0.0,0.0006927421933283,1.859254285577921e-07,0.0228683246407968,1.922854908627551e-07,0.0251047366618394,0.0,0.0251047447890538,0.0270487372450493,0.1500316074149478,0.0229279671210528,0.0,0.0270487435793809,0.0001500028846708,0.0,0.0,0.1500316036641183,0.0,0.0,TFTP
0.2989130434782608,0.2064758329422806,0.1459229205311793,0.0115911485774499,0.0034009292030297,0.1102218648384747,0.1459229205311793,0.0136986301369863,0.1093454224224127,0.0017515015955127,0.0034009292030297,0.0,0.0062346797399552,0.0029297760318018,5.0293454937583164e-06,0.0029297823100187,1.723988233363482e-05,0.0,1.724821869000638e-05,1.6743491749311315e-06,8.390088026006873e-05,5.042462442377135e-06,0.0,1.680859594624029e-06,0.0013500259620377,0.0,0.0,8.390921158308124e-05,0.0,0.0,DrDoS_NTP
0.3505434782608695,0.2421398404504927,0.1711277886229285,0.0135932560590094,0.000135198726407,0.1602174559960227,0.1711277886229285,0.0160647571606475,0.1282323590226476,2.33698534455838e-07,0.000135198726407,0.0,0.0001598635830757,3.248573648900493e-07,0.025439932974093,3.312174361236099e-07,0.0250091420144894,0.0,0.0250091501425008,0.0195310443365194,0.0249999456244295,0.0255062824213722,0.0,0.0195310507197944,3.461605030865978e-05,0.0,0.0,0.0249999533328448,0.0,0.0,TFTP
0.0217391304347826,0.015016424213984,0.0106125760386312,0.0025289778714436,4.1922085707608124e-06,0.0178847392739746,0.0106125760386312,0.0009962640099626,0.0143143094651888,4.163188669465718e-06,4.1922085707608124e-06,4.787667083740234e-05,5.328786102525844e-05,4.786819002242203e-05,0.0001770603220274,2.393621544887993e-05,0.0001740744598687,0.0,2.5009500275504656e-08,0.0001359768533901,0.0001740518260937,0.0,0.0,5.859387359645212e-08,1.1538683436219929e-05,0.0,1.6960193340776826e-08,2.5000261669405472e-08,2.80683222596891e-05,0.0,Benign
0.218070652173913,0.1506335053965274,0.1154117644201146,0.0103530031612223,0.000136770804621,0.0997322613680668,0.1154117644201146,0.0122353673723536,0.0855237400255307,3.309979000783032e-06,0.000136770804621,0.0,0.0002664393051262,6.991935334910177e-06,0.0008624071959897,6.998295319434817e-06,0.0009173401412528,0.0,0.0009173484701055,0.0008369991973451,0.0017856187341165,0.0008646564252169,0.0,0.0008370057023264,5.7693417181099634e-05,0.0,0.0,0.0017856270228961,2.581478814643425e-05,0.0,UDP
0.0271739130434782,0.01877053026748,0.013265720048289,0.0026343519494204,5.240260713451015e-06,0.0198719325266384,0.013265720048289,0.0012453300124533,0.0159047887159873,2.03449763951771e-06,5.240260713451015e-06,2.1391288757324217e-05,5.328786102525844e-05,2.1382809565897134e-05,0.0003963515411308,1.0693524380766091e-05,0.0003896563540408,0.0,2.5009500275504656e-08,0.0003043430982294,0.0003895624204923,0.0,0.0,5.859387359645212e-08,1.1538683436219929e-05,0.0,2.5440290011165232e-08,2.5000261669405472e-08,2.4669422880780083e-05,0.0,Benign
0.2989130434782608,0.2064758329422806,0.1459229205311793,0.0115911485774499,0.0008070001498714,0.1131990463801129,0.1459229205311793,0.0136986301369863,0.1093454224224127,0.0116893368957979,0.0008070001498714,0.0,0.0014387722476819,0.0195530643114275,4.3007251068019497e-07,0.0195530701870573,8.336500161332119e-07,0.0,8.419865092753234e-07,2.5246002403332985e-07,2.9750312130358104e-06,4.311941753246223e-07,0.0,2.589704529833381e-07,0.0003115444527779,0.0,0.0,2.98336455921572e-06,0.0,0.0,DrDoS_NTP
0.0,0.0,0.010214604184159,0.0012118018967334,1.0087501873393204e-05,0.0099359662633192,0.010214604184159,0.0014321295143212,0.0082837438069102,0.0001078552218735,1.0087501873393204e-05,0.0,0.0001598635830757,0.0025773111294023,3.493316343241363e-06,0.0025773174655215,3.97651057695542e-06,0.0,3.984847043897075e-06,2.3616586426383896e-06,4.033375650166196e-06,3.5024272009146813e-06,0.003936767578125,2.3681690578566065e-06,4.615473374487971e-05,0.0,0.0,4.041708969887218e-06,7.32468643779611e-06,0.0,Benign
0.2989130434782608,0.2064758329422806,0.1459229205311793,0.0115911485774499,0.0017292860354388,0.1111172252383003,0.1459229205311793,0.0136986301369863,0.1093454224224127,5.759588493110136e-05,0.0017292860354388,0.0,0.0031439838004902,9.633372825567302e-05,4.06722510157025e-05,9.634008904598116e-05,7.59705259702196e-05,0.0,7.597886183698315e-05,5.1534578963453695e-05,0.0012974636125557,4.077832760706946e-05,0.0,5.154108905853502e-05,0.0006807823227369,0.0,0.0,0.0012974719135393,0.0,0.0,DrDoS_NTP
0.0,0.0,0.0,0.0008166491043203,0.0,0.0025667912057268,0.0,0.0,0.0022011090510876,2.312305259142885e-07,0.0,2.7449300765991208e-05,0.0,1.6461100741707345e-05,0.0005972279474195,2.7428100141637102e-06,0.0007582130261733,0.0,0.0,0.0003557637812179,0.0007589746295754,0.0,0.0038909912109375,0.0,0.0,0.0,1.0176116004466093e-06,0.0,5.226480481418598e-06,0.0,Benign
0.0,0.0,0.0,0.0,0.0,0.0,0.0,0.0,0.0,0.0,0.0,0.0034965034179687,0.0,0.0034964950460717,0.0,0.0017482495926701,1.183783022909161e-06,0.0,0.0,2.7864642289783347e-06,1.183345748602479e-06,0.0,0.0186920166015625,0.0,0.0,0.0,0.0,0.0,0.0,0.0,Benign
0.9945652173913044,0.68700140778977,0.4855253537673786,0.0385669125395152,0.0001917935421123,0.5454845478562262,0.4855253537673786,0.0455790784557907,0.3638220418782095,0.004362128146453,0.0001917935421123,0.0,5.328786102525844e-05,0.0021929739946545,0.0,0.0021929803065035,1.892385536622391e-06,0.0,1.9007220209383536e-06,4.446623991686166e-06,1.8916865136110048e-06,0.0,0.0,4.453134393330361e-06,1.1538683436219929e-05,0.0,0.0,1.900019886874816e-06,0.0,0.0,DrDoS_DNS
0.2989130434782608,0.2064758329422806,0.1459229205311793,0.0115911485774499,0.0008070001498714,0.1131990463801129,0.1459229205311793,0.0136986301369863,0.1093454224224127,0.0041351606805293,0.0008070001498714,0.0,0.0014387722476819,0.006916987626005,1.5987605162800964e-06,0.0069169939883936,3.943164576310092e-06,0.0,3.951501043529736e-06,7.255512676346736e-07,8.42508839321906e-06,1.6029302158109535e-06,0.0,7.320616935046541e-07,0.0003115444527779,0.0,0.0,8.433421603146112e-06,0.0,0.0,DrDoS_NTP
0.2989130434782608,0.2064758329422806,0.1459229205311793,0.0115911485774499,0.0057642867847961,0.1098421100732104,0.1459229205311793,0.0136986301369863,0.1093454224224127,0.011046306115235,0.0057642867847961,0.0,0.0106042843440264,0.0184774491784556,5.053896788729819e-07,0.018477454950402,2.500950048399636e-06,0.0,2.5092865276423006e-06,2.590758742050067e-07,2.2541903168800744e-05,5.067077769154579e-07,0.0,2.6558630311194294e-07,0.0022961980038077,0.0,0.0,2.255023602580374e-05,0.0,0.0,DrDoS_NTP
0.2989130434782608,0.2064758329422806,0.1459229205311793,0.0115911485774499,0.0002305714713918,0.1229575825085755,0.1459229205311793,0.0136986301369863,0.1093454224224127,0.0012175684052067,0.0002305714713918,0.0,0.0003730150271768,0.002036651414989,3.903802699484875e-06,0.0020366577964065,5.843886613093815e-06,0.0,5.852223064468089e-06,2.733450851675198e-06,8.175085770274874e-06,3.9139841394934605e-06,0.0,2.739961264472888e-06,8.077078405353949e-05,0.0,0.0,8.18341898645206e-06,0.0,0.0,DrDoS_NTP
0.3505434782608695,0.2421398404504927,0.1711277886229285,0.0135932560590094,0.000135198726407,0.1602174559960227,0.1711277886229285,0.0160647571606475,0.1282323590226476,2.33562132488174e-07,0.000135198726407,0.0,0.0001598635830757,3.246628070430492e-07,0.0254548412635837,3.3102285676032805e-07,0.0250237809087727,0.0,0.025023789036662,0.0195424506106537,0.0250145457776094,0.0255212295929138,0.0,0.0195424569938545,3.461605030865978e-05,0.0,0.0,0.0250145534856598,0.0,0.0,TFTP
0.3505434782608695,0.2421398404504927,0.1711277886229285,0.0135932560590094,0.000135198726407,0.1602174559960227,0.1711277886229285,0.0160647571606475,0.1282323590226476,2.337964184302565e-07,0.000135198726407,0.0,0.0001598635830757,3.249969823431171e-07,0.0254293080638365,3.3135703020196976e-07,0.0249986880432871,0.0,0.0249986961713856,0.0195228668289823,0.0249894788479489,0.0254956298004719,0.0,0.0195228732123106,3.461605030865978e-05,0.0,0.0,0.0249894865566259,0.0,0.0,TFTP
0.3505434782608695,0.2421398404504927,0.1711277886229285,0.0135932560590094,0.000135198726407,0.1602174559960227,0.1711277886229285,0.0160647571606475,0.1282323590226476,2.3367446568902398e-07,0.000135198726407,0.0,0.0001598635830757,3.2482303424562025e-07,0.0254425914966524,3.311831038481465e-07,0.0250117430025397,0.0,0.0250117511305294,0.0195330560595259,0.0250025206514458,0.0255089478775782,0.0,0.0195330624427879,3.461605030865978e-05,0.0,0.0,0.0250025283597968,0.0,0.0,TFTP
0.029891304347826,0.020647583294228,0.0145922920531179,0.0018967334035827,5.764286784796117e-06,0.0171395418042256,0.0145922920531179,0.0013698630136986,0.0137178804571389,3.816745668914949e-06,5.764286784796117e-06,4.843318557739257e-05,5.328786102525844e-05,4.842470674762011e-05,0.0001750250915049,2.421447281946496e-05,0.00017207369983,0.0,2.5009500275504656e-08,0.000134414350084,0.0001720518051101,0.0,0.0,5.859387359645212e-08,1.1538683436219929e-05,0.0,1.6960193340776826e-08,2.5000261669405472e-08,5.372452024328121e-06,0.0,Benign
0.3505434782608695,0.2421398404504927,0.1711277886229285,0.0135932560590094,0.000135198726407,0.1602174559960227,0.1711277886229285,0.0160647571606475,0.1282323590226476,2.3315170923626486e-07,0.000135198726407,0.0,0.0001598635830757,3.2407739712838506e-07,0.0254990520531079,3.304374497404255e-07,0.0250674391601176,0.0,0.025067447287643,0.0195768513182073,0.0250585795729306,0.0255655556878302,0.0,0.0195768577011842,3.461605030865978e-05,0.0,0.0,0.0250585872798801,0.0,0.0,TFTP
0.218070652173913,0.1506335053965274,0.1154117644201146,0.0103530031612223,0.000136770804621,0.0997322613680668,0.1154117644201146,0.0122353673723536,0.0855237400255307,3.32186978555536e-06,0.000136770804621,0.0,0.0002664393051262,7.017083661538474e-06,0.0008592069397889,7.023443711211764e-06,0.0009109627186294,0.0,0.0009109710475352,0.0008340030514792,0.0017792270003899,0.0008614478224835,0.0,0.0008340095564801,5.7693417181099634e-05,0.0,0.0,0.0017792352893293,2.581478814643425e-05,0.0,UDP
0.3505434782608695,0.2421398404504927,0.1711277886229285,0.0135932560590094,0.000135198726407,0.1602174559960227,0.1711277886229285,0.0160647571606475,0.1282323590226476,2.3437667265910282e-07,0.000135198726407,0.0,0.0001598635830757,3.258246317928311e-07,0.0253663517526743,3.321847003010756e-07,0.0249367978660893,0.0,0.0249368059947038,0.0194745329864791,0.0249276115321909,0.0254325092940481,0.0,0.0194745393701221,3.461605030865978e-05,0.0,0.0,0.0249276192424147,0.0,0.0,TFTP
0.0040760869565217,0.002815579540122,0.0019898580072433,0.0001580611169652,1.5720782140353049e-06,0.0018629936743723,0.0019898580072433,0.0001867995018679,0.0014910739421238,4.161164035816016e-09,1.5720782140353049e-06,0.0,0.0001598635830757,5.019560436234764e-07,0.016612822894456,5.083160981602108e-07,0.0163316956695591,1.0,0.01633170386991,0.0127546359554469,0.0163260712876979,0.01665615050927,0.0891265869140625,0.0127546423828394,3.461605030865978e-05,0.0,0.0,0.0163260792129624,0.0,0.0,Syn
0.1032608695652173,0.0713280150164242,0.1322781813559308,0.0115911485774499,0.0003657701977988,0.1068826063524081,0.1322781813559308,0.0136986301369863,0.0998025507096191,0.0009460045538328,0.0003657701977988,0.0,0.0006927421933283,0.0017456274449451,3.40942955836968e-06,0.001745633747938,6.219029120353761e-06,0.0,6.227365568600659e-06,3.0058157463389265e-06,1.6700175212671604e-05,3.41832163237655e-06,0.0,3.0123261573634032e-06,0.0001500028846708,0.0,0.0,1.6708508215719325e-05,0.0002345709625528,0.0,DrDoS_NTP
0.0040760869565217,0.002815579540122,0.0019898580072433,0.0001580611169652,3.1441564280706093e-06,0.0016145945177893,0.0019898580072433,0.0001867995018679,0.0014910739421238,5.540226037381102e-10,3.1441564280706093e-06,4.53067384660244e-08,0.0003730150271768,5.9480024203020326e-08,0.1169981041355918,4.318671799107295e-08,0.2061056527181596,1.0,0.2061060928344647,0.0783800323796256,0.3678667262017357,0.1388334968146473,0.0891265869140625,0.1231686289494516,8.077078405353949e-05,0.1293272028061472,0.2096566524187474,0.3678667170049713,0.0,0.2073762663286278,Syn
0.0040760869565217,0.002815579540122,0.0019898580072433,0.0001580611169652,7.860391070176523e-07,0.0022355924092468,0.0019898580072433,0.0001867995018679,0.0014910739421238,0.0013586956521739,7.860391070176523e-07,0.0,5.328786102525844e-05,0.1666666595999312,0.0,0.1666666701083161,1.6673000322664237e-08,0.0,2.5009500275504656e-08,5.208344334190602e-08,1.6666841529612378e-08,0.0,0.0048675537109375,5.859387359645212e-08,1.1538683436219929e-05,0.0,0.0,2.5000261669405472e-08,0.0,0.0,Benign
0.2241847826086956,0.1548568747067104,0.1192256589339977,0.0102476290832455,9.4193686324282e-05,0.1097924272096775,0.1192256589339977,0.0121108343711083,0.0878739591726287,4.477669792242101e-06,9.4193686324282e-05,0.0,0.0001598635830757,9.158599180535758e-06,0.0009250478305479,9.164958970726186e-06,0.0009093787835987,0.0,0.0009093871125178,0.0007101903047644,0.0009090512041288,0.000927460431726,0.0,0.0007101968105713,3.461605030865978e-05,0.0,0.0,0.0009090595148229,2.3853962517555835e-05,0.0,UDP
0.0040760869565217,0.002815579540122,0.0019898580072433,0.0001580611169652,3.930195535088262e-07,0.0019871932526638,0.0019898580072433,0.0001867995018679,0.0014910739421238,3.434904738641915e-05,3.930195535088262e-07,0.0056179775390625,0.0,0.0042134747017156,1.786385683337337e-06,0.0014044922677226,1.4505510280717887e-06,0.0,0.0,1.7317744973757125e-06,1.4750154753706957e-06,0.0,0.003631591796875,0.0,0.0,0.0,2.5440290011165232e-08,0.0,0.0,0.0,Benign
0.0,0.0,0.0,0.0001580611169652,0.0,0.0011923159989766,0.0,0.0,0.0009940492947492,0.0027173913043478,0.0,0.6666666875,0.0,0.4166666617199518,7.343984970799141e-09,0.0833333339941478,0.0,0.0,0.0,8.138037858463424e-09,1.6666841529612378e-08,0.0,0.0001983642578125,0.0,0.0,0.0,8.480096670388411e-09,0.0,2.192837676538211e-07,0.0,Benign
0.0244565217391304,0.016893477240732,0.0119391480434601,0.0046364594309799,4.716234642105914e-06,0.0285659030070428,0.0119391480434601,0.0011207970112079,0.0228631337792317,3.181254177646996e-06,4.716234642105914e-06,2.208870887756348e-05,5.328786102525844e-05,2.208022835722364e-05,0.0003838730779175,1.1042234441624992e-05,0.0003773766893031,0.0,1.667300018366977e-08,0.000294733702897,0.0003772622914435,0.0,0.0,3.906258239763474e-08,1.1538683436219929e-05,0.0,8.480096670388411e-09,1.6666841112936986e-08,0.0001343113023509,0.0,Benign
0.3505434782608695,0.2421398404504927,0.1711277886229285,0.0135932560590094,0.0002027980896105,0.1495362922629545,0.1711277886229285,0.0160647571606475,0.1282323590226476,1.7182366767928085e-07,0.0002027980896105,0.0,0.0002664393051262,2.3660174021228146e-07,0.0246264452668663,2.429618069930628e-07,0.025994007807049,0.0,0.02599401592685,0.0239078761071595,0.0510039017826028,0.0246906730709872,0.0,0.0239078824619395,5.7693417181099634e-05,0.0,0.0,0.0510039088409125,0.0,0.0,TFTP
0.2989130434782608,0.2064758329422806,0.1459229205311793,0.0115911485774499,0.0057642867847961,0.1098421100732104,0.1459229205311793,0.0136986301369863,0.1093454224224127,0.0011597914231104,0.0057642867847961,0.0,0.0106042843440264,0.0019400062804811,1.0297089003549924e-05,0.0019400126546001,5.402052104543213e-05,0.0,5.402885709518189e-05,2.5230370697099008e-06,0.0002147689199505,1.0323944662512029e-05,0.0,2.5295474838774745e-06,0.0022961980038077,0.0,0.0,0.0002147772480018,0.0,0.0,DrDoS_NTP
0.2533967391304347,0.1750351947442515,0.1237028394502952,0.0098261327713382,4.886543115293072e-05,0.1389793281081778,0.1237028394502952,0.011612702366127,0.0926950967353635,0.2533967391304348,4.886543115293072e-05,0.0,5.328786102525844e-05,0.4999999957599588,0.0,0.4999999989399897,0.0,0.0,8.336500091834885e-09,1.3020860689957046e-08,0.0,0.0,0.0,1.953129119881737e-08,1.1538683436219929e-05,0.0,0.0,8.333420556468491e-09,0.0,0.0,DrDoS_NetBIOS
0.2241847826086956,0.1548568747067104,0.1159092289219254,0.0097207586933614,9.15735559675565e-05,0.1073084356438477,0.1159092289219254,0.0114881693648816,0.0858858605831302,4.403781198679254e-06,9.15735559675565e-05,0.0,0.0001598635830757,9.2652909897096e-06,0.0009137947800768,9.271651285100323e-06,0.0008985163238885,0.0,0.0008985246528981,0.0007020197399911,0.000898592761069,0.0009161780323695,0.0,0.0007020262458512,3.461605030865978e-05,0.0,0.0,0.0008986010720245,1.0422830888295866e-05,0.0,DrDoS_UDP
0.218070652173913,0.1506335053965274,0.1154117644201146,0.0103530031612223,0.000136770804621,0.0997322613680668,0.1154117644201146,0.0122353673723536,0.0855237400255307,3.289148682626641e-06,0.000136770804621,0.0,0.0002664393051262,6.947880408780543e-06,0.0008676361132889,6.954240334295032e-06,0.0009168399512431,0.0,0.0009168482801,0.0008422999592933,0.0017969271860943,0.0008698989799645,0.0,0.0008423064642401,5.7693417181099634e-05,0.0,0.0,0.0017969354745913,2.581478814643425e-05,0.0,DrDoS_UDP
0.0543478260869565,0.0375410605349601,0.1392900605070348,0.0115911485774499,0.0009904092748422,0.1073636371409863,0.1392900605070348,0.0136986301369863,0.1045095036548785,0.0329222408026755,0.0009904092748422,0.0,0.001865075135884,0.0576922997014607,1.700010206903398e-07,0.0576923065960383,3.50133006775949e-07,0.0,3.5846950394890004e-07,8.054332445614055e-08,1.2916802185449597e-06,1.7044439739935877e-07,0.0,8.705375452540056e-08,0.0004038539202676,0.0,0.0,1.3000136068090849e-06,0.0001555729422105,0.0,DrDoS_NTP
1.0,0.6907555138432661,0.4881784977770364,0.0387776606954689,0.0001928415942549,0.548465337735222,0.4881784977770364,0.0458281444582814,0.365810140467708,0.3333333333333333,0.0001928415942549,0.0,5.328786102525844e-05,0.1666666595999312,0.0,0.1666666701083161,1.6673000322664237e-08,0.0,2.5009500275504656e-08,5.208344334190602e-08,1.6666841529612378e-08,0.0,0.0,5.859387359645212e-08,1.1538683436219929e-05,0.0,0.0,2.5000261669405472e-08,0.0,0.0,DrDoS_SNMP
0.2241847826086956,0.1548568747067104,0.1192256589339977,0.0102476290832455,9.4193686324282e-05,0.1097924272096775,0.1192256589339977,0.0121108343711083,0.0878739591726287,4.625965649419179e-06,9.4193686324282e-05,0.0,0.0001598635830757,9.462203497108487e-06,0.0008953801967616,9.468563097346396e-06,0.0008802177060344,0.0,0.0008802260351965,0.0006874233040774,0.0008799092317143,0.0008977154222994,0.0,0.0006874298100326,3.461605030865978e-05,0.0,0.0,0.0008799175431369,2.3853962517555835e-05,0.0,UDP
0.2989130434782608,0.2064758329422806,0.1459229205311793,0.0115911485774499,0.0057642867847961,0.1098421100732104,0.1459229205311793,0.0136986301369863,0.1093454224224127,0.0023475460887321,0.0057642867847961,0.0,0.0106042843440264,0.0039267959198236,1.641773748567565e-06,0.0039268023316637,4.985227096476607e-06,0.0,4.993563555009096e-06,1.2431977666581422e-06,0.0001061011131775,1.6460556301623794e-06,0.0,1.249708189158021e-06,0.0022961980038077,0.0,0.0,0.0001061094439455,0.0,0.0,DrDoS_NTP
0.3505434782608695,0.2421398404504927,0.1711277886229285,0.0135932560590094,0.000135198726407,0.1602174559960227,0.1711277886229285,0.0160647571606475,0.1282323590226476,2.3370141680886105e-07,0.000135198726407,0.0,0.0001598635830757,3.248614761533108e-07,0.0254396575746566,3.312215488441081e-07,0.0250088585734839,0.0,0.0250088667014976,0.0195308026367892,0.0249996372878612,0.0255060063036713,0.0,0.0195308090200659,3.461605030865978e-05,0.0,0.0,0.0249996449962842,0.0,0.0,TFTP
0.3505434782608695,0.2421398404504927,0.1711277886229285,0.0135932560590094,0.000135198726407,0.1602174559960227,0.1711277886229285,0.0160647571606475,0.1282323590226476,2.334056845118545e-07,0.000135198726407,0.0,0.0001598635830757,3.244396564392748e-07,0.0254718903246934,3.307997267721384e-07,0.0250405456105971,0.0,0.0250405537383467,0.0195555487828992,0.0250313126201882,0.0255383231193836,0.0,0.0195555551660148,3.461605030865978e-05,0.0,0.0,0.0250313203278194,0.0,0.0,TFTP
0.0224184782608695,0.015485687470671,0.0109442190398384,0.0067702845100105,4.323215088597088e-06,0.0380671707463418,0.0109442190398384,0.0010273972602739,0.0304676105048634,9.48581393255416e-06,4.323215088597088e-06,4.8148681640625e-05,5.328786102525844e-05,4.814020345938927e-05,0.0001760596610439,2.4072220850779592e-05,0.0001730907528497,0.0,3.334600036733954e-08,0.000135208619419,0.0001730684824434,0.0,0.0,7.81251647952695e-08,1.1538683436219929e-05,0.0,8.480096670388411e-09,3.3333682225873965e-08,0.0003438369295569,0.0,Benign
0.25,0.1726888784608165,0.144666172899682,0.0115911485774499,0.001085782019827,0.1112305239991124,0.144666172899682,0.0136986301369863,0.1084278349577237,0.036092530657748,0.001085782019827,0.0,0.0019716508579345,0.0608974279337687,1.8313016157715258e-07,0.0608974355090832,4.501710087119344e-07,0.0,4.585075050509187e-07,7.583771405910596e-08,1.2916802185449597e-06,1.8360778017045557e-07,0.0,8.234814415900151e-08,0.0004269312871401,0.0,0.0,1.3000136068090849e-06,5.912671092931827e-06,0.0,DrDoS_NTP
0.0278532608695652,0.019239793524167,0.0135973630494962,0.0031348788198103,5.371267231287291e-06,0.022418023881614,0.0135973630494962,0.0012764632627646,0.0179425890118237,5.278281560428935e-06,5.371267231287291e-06,4.85601921081543e-05,5.328786102525844e-05,4.855171068530878e-05,0.0001745544453431,2.4277976084980445e-05,0.0001716151923211,0.0,2.5009500275504656e-08,0.0001340627868402,0.0001716018003888,0.0,0.0,5.859387359645212e-08,1.1538683436219929e-05,0.0,2.5440290011165232e-08,2.5000261669405472e-08,4.169132355318346e-05,0.0,Benign
0.2989130434782608,0.2064758329422806,0.1459229205311793,0.0115911485774499,0.002882143392398,0.1103885836693686,0.1459229205311793,0.0136986301369863,0.1093454224224127,0.0082618309419088,0.002882143392398,0.0,0.0052754982415005,0.0138197815763034,5.503773018953215e-07,0.0138197879483401,2.109134540817026e-06,0.0,2.1174710233260608e-06,3.503795425942371e-07,1.5066824742769592e-05,5.518127313759337e-07,0.0,3.568899709067471e-07,0.0011423296601857,0.0,0.0,1.50751577866515e-05,0.0,0.0,DrDoS_NTP
0.2989130434782608,0.2064758329422806,0.1459229205311793,0.0115911485774499,0.0004611429427836,0.1161266057025436,0.1459229205311793,0.0136986301369863,0.1093454224224127,0.0026163067262867,0.0004611429427836,0.0,0.0007993179153788,0.0043763591719091,1.617768523523472e-06,0.0043763655650386,3.4679840671141614e-06,0.0,3.476320538295147e-06,1.1835962740282852e-06,7.6084131582680516e-06,1.621987797507837e-06,0.0,1.1901066969161953e-06,0.0001730802515432,0.0,0.0,7.616746388612201e-06,0.0,0.0,DrDoS_NTP
0.2989130434782608,0.2064758329422806,0.1459229205311793,0.0115911485774499,0.0024210004496143,0.110596768057712,0.1459229205311793,0.0136986301369863,0.1093454224224127,0.0005713273789973,0.0024210004496143,0.0,0.0044228924650964,0.0009556664165263,1.8308941812659705e-05,0.0009556727477281,7.71876549937741e-05,0.0,7.719599085039104e-05,5.164339939192546e-06,0.000183110254465,1.835669304576144e-05,0.0,5.1708503361641e-06,0.0009577107252062,0.0,0.0,0.0001831185833078,0.0,0.0,DrDoS_NTP
0.3505434782608695,0.2421398404504927,0.1711277886229285,0.0135932560590094,0.0002027980896105,0.1495362922629545,0.1711277886229285,0.0160647571606475,0.1282323590226476,1.752569591268818e-07,0.0002027980896105,0.0,0.0002664393051262,2.4149883813255786e-07,0.0241368199528668,2.4785889481586844e-07,0.0250129517950631,0.0,0.0250129599230427,0.0234395206239855,0.0500047329663233,0.0241997707737115,0.0,0.0234395269818147,5.7693417181099634e-05,0.0,0.0,0.0500047400496125,0.0,0.0,TFTP
0.0040760869565217,0.002815579540122,0.0019898580072433,0.0001580611169652,5.502273749123566e-06,0.0015524947286436,0.0019898580072433,0.0001867995018679,0.0014910739421238,8.515337147070007e-10,5.502273749123566e-06,8.704566955566407e-08,0.0006927421933283,9.597472079134892e-08,0.0800650935576683,5.881194899219726e-08,0.1582233634335176,1.0,0.1582237539299928,0.0487782168158882,0.4786809471609373,0.0990943648662594,0.0891265869140625,0.0862999281326609,0.0001500028846708,0.0819270482051145,0.1609501995807711,0.4786809435272089,0.0,0.1591987911234079,Syn
0.2989130434782608,0.2064758329422806,0.1459229205311793,0.0115911485774499,0.0020751432425266,0.1108136245845788,0.1459229205311793,0.0136986301369863,0.1093454224224127,0.0008667635574077,0.0020751432425266,0.0,0.0037834381327933,0.0014498505736945,1.1353431414048834e-05,0.0014498568918422,4.869349744234091e-05,0.0,4.87018335364994e-05,3.408714791232841e-06,0.0001034510853743,1.1383042101302312e-05,0.0,3.415225199634271e-06,0.0008192465239716,0.0,0.0,0.0001034594162085,0.0,0.0,DrDoS_NTP
0.0040760869565217,0.002815579540122,0.0019898580072433,0.0001580611169652,3.930195535088261e-06,0.0015835446232165,0.0019898580072433,0.0001867995018679,0.0014910739421238,6.506217897019653e-10,3.930195535088261e-06,5.985720455646514e-08,0.0004795907492273,7.13295244484046e-08,0.0946343920461235,4.7760983331800386e-08,0.1746981884743466,1.0,0.1746986621984804,0.0652596091105008,0.4176650403357148,0.1128187252392372,0.0891265869140625,0.1087660302095949,0.0001038481509259,0.0910990937688072,0.1777083461382793,0.4176650382274001,0.0,0.1757751805728877,Syn
0.1032608695652173,0.0713280150164242,0.1413746707657827,0.0115911485774499,0.0011727703476703,0.1084912880484771,0.1413746707657827,0.0136986301369863,0.1060165115689282,0.0289596273291925,0.0011727703476703,0.0,0.0021848023020355,0.0499999919439216,1.8582444179948906e-07,0.0499999979859804,3.834790074212775e-07,0.0,3.918155043162396e-07,9.352788851818228e-08,1.7416849398444938e-06,1.863090872982383e-07,0.0,1.0003831850290719e-07,0.000473086020885,0.0,0.0,1.7500183168583831e-06,8.602334183781707e-05,0.0,DrDoS_NTP
0.0543478260869565,0.0375410605349601,0.1429381335203143,0.0115911485774499,0.0022585523674973,0.1084262318484712,0.1429381335203143,0.0136986301369863,0.1071364248323027,0.0086054052327252,0.0022585523674973,0.0,0.0042097410209954,0.014695068793688,4.861613610453077e-07,0.0146950750595707,1.0170530196825183e-06,0.0,1.0253895112956909e-06,3.299716886063284e-07,1.133345224013642e-05,4.874293100460675e-07,0.0,3.364821170517023e-07,0.0009115559914613,0.0,0.0,1.1341785377353616e-05,7.218090398450469e-05,0.0,DrDoS_NTP
0.1032608695652173,0.0713280150164242,0.1300040564732325,0.0115911485774499,0.0003081273299509,0.1064804359283909,0.1300040564732325,0.0136986301369863,0.0983344183501111,0.0006050079844591,0.0003081273299509,0.0,0.0005861664712778,0.0011359248881266,4.692499351070571e-06,0.001135931231997,7.919675153265512e-06,0.0,7.928011587334976e-06,4.68277511372274e-06,2.2000230819088343e-05,4.704737777115912e-06,0.0,4.68928551382949e-06,0.0001269255177984,0.0,0.0,2.2008563689633287e-05,0.0002671888194143,0.0,DrDoS_NTP
0.0169836956521739,0.011731581417175,0.0082910750301806,0.0027924130663856,3.275162945906885e-06,0.0178226394848288,0.0082910750301806,0.0007783312577833,0.0142646077588508,4.31258796362625e-06,3.275162945906885e-06,4.845900344848633e-05,5.328786102525844e-05,4.845052401138879e-05,0.0001749190914093,2.42273817550392e-05,0.0001719736618281,0.0,2.5009500275504656e-08,0.0001343427289913,0.0001719601374817,0.0,0.0,5.859387359645212e-08,1.1538683436219929e-05,0.0,2.5440290011165232e-08,2.5000261669405472e-08,4.496002431555657e-05,0.0,Benign
0.0040760869565217,0.002815579540122,0.0019898580072433,0.0001580611169652,7.860391070176523e-07,0.0018629936743723,0.0019898580072433,0.0001867995018679,0.0014910739421238,0.0001482213438735,7.860391070176523e-07,0.018181818359375,5.328786102525844e-05,0.018181809855919,4.02871857666153e-07,0.0090909070789398,4.084885079052738e-07,1.0,1.667300018366977e-08,3.515632560911755e-07,4.500047212995343e-07,0.0,0.0891265869140625,3.906258239763474e-08,1.1538683436219929e-05,0.0,2.5440290011165232e-08,1.6666841112936986e-08,0.0,0.0,Syn
0.0040760869565217,0.002815579540122,0.0019898580072433,0.0001580611169652,5.502273749123566e-06,0.0015581402178595,0.0019898580072433,0.0001867995018679,0.0014910739421238,7.079845906221887e-10,5.502273749123566e-06,6.316080689430238e-08,0.0006927421933283,7.836602808762218e-08,0.0770160252214769,5.3145685578676347e-08,0.1302843834468285,1.0,0.1302843906972128,0.0589011728052157,0.5277589704045312,0.0883938835643905,0.0891265869140625,0.0951478960150931,0.0001500028846708,0.0546699756934033,0.1685826257879875,0.5277580572009988,0.0,0.131087572222277,Syn
0.0,0.0,0.0,0.0,0.0,0.0,0.0,0.0,0.0,0.0,0.0,0.0081300815429687,0.0,0.0081300728896743,1.0303587605485144e-06,0.0040650386600817,1.0087165195211864e-06,1.0,0.0,7.942725137289366e-07,1.0166773333063553e-06,0.0,0.0891265869140625,0.0,1.1538683436219929e-05,0.0,8.480096670388411e-09,0.0,0.0,0.0,Syn
0.0040760869565217,0.002815579540122,0.0019898580072433,0.0001580611169652,3.1441564280706093e-06,0.0016394344097584,0.0019898580072433,0.0001867995018679,0.0014910739421238,4.2829859287177756e-10,3.1441564280706093e-06,2.1015184000134465e-08,0.0003730150271768,4.405787873930248e-08,0.1195714805332696,3.9910347518371524e-08,0.1510788994302544,1.0,0.1510789065072852,0.1032654951906634,0.3965428270618272,0.1287039238342796,0.0891265869140625,0.1327699284990679,8.077078405353949e-05,0.0527853195212504,8.480096670388411e-09,0.3965428171481528,0.0,0.1520102827518543,Syn
0.2989130434782608,0.2064758329422806,0.1459229205311793,0.0115911485774499,0.0006917144141755,0.1138496159607131,0.1459229205311793,0.0136986301369863,0.1093454224224127,0.0042149900372962,0.0006917144141755,0.0,0.0012256208035809,0.0070505203693658,9.369057785789044e-07,0.0070505267035204,2.500950048399636e-06,0.0,2.5092865276423006e-06,7.161473484250387e-07,7.083407650085262e-06,9.393493062652694e-07,0.0,7.226577743562427e-07,0.000265389719033,0.0,0.0,7.091740893554687e-06,0.0,0.0,DrDoS_NTP
0.3505434782608695,0.2421398404504927,0.1711277886229285,0.0135932560590094,0.000135198726407,0.1602174559960227,0.1711277886229285,0.0160647571606475,0.1282323590226476,2.336610703355034e-07,0.000135198726407,0.0,0.0001598635830757,3.248039276947003e-07,0.0254440492776691,3.311640005594555e-07,0.0250131768805675,0.0,0.0250131850085452,0.0195341754466601,0.0250039539998173,0.0255104094606082,0.0,0.0195341818299147,3.461605030865978e-05,0.0,0.0,0.0250039617081325,0.0,0.0,TFTP
0.0,0.0,0.0,0.0,0.0,0.0,0.0,0.0,0.0,0.0,0.0,0.0,0.0,4.506420728818641e-08,0.1583755034742336,5.142426990630094e-08,0.1556935357485591,1.0,0.15569354278712,0.1215896257592991,0.1556360245479575,0.1587885598737451,0.0891265869140625,0.1215896314781288,3.461605030865978e-05,0.0,0.0,0.1556360289904367,0.0,0.1566533674942028,UDP-lag
0.2989130434782608,0.2064758329422806,0.1459229205311793,0.0115911485774499,0.0004035000749357,0.1171024562831735,0.1459229205311793,0.0136986301369863,0.1093454224224127,0.0020433508831521,0.0004035000749357,0.0,0.0006927421933283,0.0034179602989022,1.7438539742343705e-06,0.0034179666372255,3.1178510603382124e-06,0.0,3.1261875344380818e-06,1.5319544203530223e-06,8.525089442396734e-06,1.7484020894925375e-06,0.0,1.5384648409729708e-06,0.0001500028846708,0.0,0.0,8.533422649823735e-06,0.0,0.0,DrDoS_NTP
0.3505434782608695,0.2421398404504927,0.1711277886229285,0.0135932560590094,0.0002027980896105,0.1495362922629545,0.1711277886229285,0.0160647571606475,0.1282323590226476,1.752704538137735e-07,0.0002027980896105,0.0,0.0002664393051262,2.415180863682876e-07,0.0241349545806843,2.478781471161717e-07,0.0250100423565068,0.0,0.0250100504845107,0.0234377139795378,0.05000088292593,0.0241979005364841,0.0,0.0234377203373788,5.7693417181099634e-05,0.0,0.0,0.0500008900093154,0.0,0.0,TFTP
0.3505434782608695,0.2421398404504927,0.1711277886229285,0.0135932560590094,0.0002027980896105,0.1495362922629545,0.1711277886229285,0.0160647571606475,0.1282323590226476,1.752797143574381e-07,0.0002027980896105,0.0,0.0002664393051262,2.415312952058747e-07,0.0241333499199681,2.478913644461787e-07,0.0250103508070128,0.0,0.0250103589350141,0.02343647618395,0.0499982412315475,0.0241962916906803,0.0,0.0234364825417991,5.7693417181099634e-05,0.0,0.0,0.049998248314999,0.0,0.0,TFTP
0.0,0.0,0.0,0.0,0.0,0.0,0.0,0.0,0.0,0.0,0.0,0.0,0.0,0.2499999936399381,1.0385962969820136e-08,0.2499999984099845,8.336500161332119e-09,0.0,1.667300018366977e-08,2.278650635294429e-08,1.6666841529612378e-08,1.0413050419429862e-08,0.00439453125,2.9296936798226056e-08,2.3077366872439854e-05,0.0,0.0,2.5000261669405472e-08,0.0,0.0,Benign
0.1521739130434782,0.1051149694978883,0.1423411801665178,0.0115911485774499,0.0011245599491065,0.1093453117600444,0.1423411801665178,0.0136986301369863,0.1067269498145865,0.002649487387156,0.0011245599491065,0.0,0.002078226579985,0.0045433809269147,9.192838454032748e-07,0.0045433870497677,1.467224028394453e-06,0.0,1.4755605162547746e-06,1.0957555310689494e-06,1.8333525682573615e-05,9.216814136318308e-07,0.0,1.1022659545287406e-06,0.0004500086540125,0.0,0.0,1.8341858644787148e-05,5.068663873020131e-05,0.0,DrDoS_NTP
0.0,0.0,0.0,0.0,0.0,0.0,0.0,0.0,0.0,0.0,0.0,0.0,0.0,3.504979135766012e-08,0.1399366666486494,4.140985137248738e-08,0.1590610149697283,1.0,0.1590610219802162,0.1346061181444555,0.2871621211425876,0.1403016330381323,0.0891265869140625,0.1346061237785423,5.7693417181099634e-05,0.0375935206676172,0.0,0.2871621389637211,0.0,0.1600416066345148,UDP-lag
0.3505434782608695,0.2421398404504927,0.1711277886229285,0.0135932560590094,0.000135198726407,0.1602174559960227,0.1711277886229285,0.0160647571606475,0.1282323590226476,2.336158334308242e-07,0.000135198726407,0.0,0.0001598635830757,3.2473940373709134e-07,0.0254489770915845,3.310994487290268e-07,0.0250180203871612,0.0,0.0250180285150986,0.0195379584136487,0.0250087957172817,0.0255153501266695,0.0,0.0195379647968788,3.461605030865978e-05,0.0,0.0,0.0250088034254758,0.0,0.0,TFTP
0.0278532608695652,0.019239793524167,0.0135973630494962,0.0015015806111696,5.371267231287291e-06,0.0147176500275416,0.0135973630494962,0.0012764632627646,0.0117794845219778,3.204316646124163e-06,5.371267231287291e-06,4.813014221191406e-05,5.328786102525844e-05,4.8121664234846056e-05,0.0001761275068426,2.406295113640447e-05,0.000173157444851,0.0,2.5009500275504656e-08,0.0001352606996837,0.0001731351498096,0.0,0.0,5.859387359645212e-08,1.1538683436219929e-05,0.0,1.6960193340776826e-08,2.5000261669405472e-08,1.7542701412305688e-06,0.0,Benign
0.3505434782608695,0.2421398404504927,0.1711277886229285,0.0135932560590094,0.000135198726407,0.1602174559960227,0.1711277886229285,0.0160647571606475,0.1282323590226476,2.335745048640569e-07,0.000135198726407,0.0,0.0001598635830757,3.246804544630629e-07,0.0254534789543716,3.31040499735219e-07,0.0250224470687469,0.0,0.0250224551966473,0.0195414154522134,0.0250132207637078,0.0255198637306867,0.0,0.019541421835421,3.461605030865978e-05,0.0,0.0,0.0250132284717913,0.0,0.0,TFTP
0.3505434782608695,0.2421398404504927,0.1711277886229285,0.0135932560590094,0.0002027980896105,0.1495362922629545,0.1711277886229285,0.0160647571606475,0.1282323590226476,1.7524664965175964e-07,0.0002027980896105,0.0,0.0002664393051262,2.414841331446621e-07,0.0241382318339775,2.4784418736973896e-07,0.0250144273555917,0.0,0.025014435483559,0.0234408975800239,0.0500076746638533,0.0242011863371247,0.0,0.0234409039378442,5.7693417181099634e-05,0.0,0.0,0.0500076817470689,0.0,0.0,TFTP
0.2989130434782608,0.2064758329422806,0.1459229205311793,0.0115911485774499,0.0057642867847961,0.1098421100732104,0.1459229205311793,0.0136986301369863,0.1093454224224127,0.0003416305242276,0.0057642867847961,0.0,0.0106042843440264,0.0005714462198353,6.567229914892588e-06,0.0005714525931049,1.0512326703439802e-05,0.0,1.0520663115895625e-05,8.580976602036132e-06,0.0007291326498167,6.584357793155976e-06,0.0,8.58748697676391e-06,0.0022961980038077,0.0,0.0,0.0007291409650087,0.0,0.0,DrDoS_NTP
0.2989130434782608,0.2064758329422806,0.1459229205311793,0.0115911485774499,0.0002882143392398,0.1202251917861627,0.1459229205311793,0.0136986301369863,0.1093454224224127,0.0146526001705029,0.0002882143392398,0.0,0.0004795907492273,0.0245097956493313,2.976806134635911e-07,0.0245098026194407,4.001520077439417e-07,0.0,4.0848850449990937e-07,2.1484419818286318e-07,8.416754972454253e-07,2.9845698910063294e-07,0.0,2.2135462737776667e-07,0.0001038481509259,0.0,0.0,8.500088967597861e-07,0.0,0.0,DrDoS_NTP
0.3505434782608695,0.2421398404504927,0.1711277886229285,0.0135932560590094,0.000135198726407,0.1602174559960227,0.1711277886229285,0.0160647571606475,0.1282323590226476,2.3318963067534757e-07,0.000135198726407,0.0,0.0001598635830757,3.2413148662334925e-07,0.0254955030723708,3.304915409556739e-07,0.0250637544270463,0.0,0.0250637625546024,0.0195736677177212,0.0250545045301766,0.0255619974510581,0.0,0.0195736741007188,3.461605030865978e-05,0.0,0.0,0.025054512237228,0.0,0.0,TFTP
0.0,0.0,0.0399866697083468,0.0111169652265542,5.5284750526908215e-05,0.0257952968839914,0.0399866697083468,0.0131382316313823,0.0239636888972751,8.250445890764587e-06,5.5284750526908215e-05,5.397624969482422e-05,0.0001065757220505,5.846579173405374e-05,0.000150357979954,3.148402697306016e-05,0.0002222677673014,1.0,0.0002371901006128,9.045591738191472e-05,0.0004631631926871,0.0002097147733924,0.9802398681640624,0.0001809248544472,6.923210061731956e-05,0.0,0.0002277499562766,0.0004631715145285,0.0006220198501997,0.0,Benign
0.2010869565217391,0.1389019239793524,0.1379634885022059,0.0115911485774499,0.0003269922685193,0.1124420156863825,0.1379634885022059,0.0136986301369863,0.1038399203862619,0.0054347826086956,0.0003269922685193,0.0,0.0005861664712778,0.0096153762168414,4.889692564220978e-07,0.0096153826659892,7.836310151652192e-07,0.0,7.91967508724314e-07,5.474680074728986e-07,2.591693857854725e-06,4.902445286460145e-07,0.0,5.539784345022779e-07,0.0001269255177984,0.0,0.0,2.6000272136181693e-06,6.679720485359703e-05,0.0,DrDoS_NTP
0.0040760869565217,0.002815579540122,0.0019898580072433,0.0001580611169652,7.860391070176523e-07,0.0018629936743723,0.0019898580072433,0.0001867995018679,0.0014910739421238,7.344300822561692e-05,7.860391070176523e-07,0.0090090087890625,5.328786102525844e-05,0.0090090006053237,6.057786341972004e-07,0.0045045022840603,6.752565130679017e-07,1.0,8.336500091834885e-09,7.161473484250387e-07,9.16676284128681e-07,0.0,0.0891265869140625,1.953129119881737e-08,1.1538683436219929e-05,0.0,2.374427067708755e-07,8.333420556468491e-09,0.0,0.0,Syn
0.1032608695652173,0.0713280150164242,0.1433414833899161,0.0115911485774499,0.0020950562332377,0.1088391135764512,0.1433414833899161,0.0136986301369863,0.1074368495966528,0.0311293135667123,0.0020950562332377,0.0,0.0038900138548438,0.0530085879579735,1.7087367640570198e-07,0.0530085956486087,3.751425072599453e-07,0.0,3.8347900422440473e-07,8.686519272188228e-08,2.9000304261525547e-06,1.713193290729335e-07,0.0,9.33756227499842e-08,0.000842323890844,0.0,0.0,2.908363774207504e-06,4.9840233400893296e-05,0.0,DrDoS_NTP
0.0,0.0,0.0698505562064445,0.0753424657534246,0.0009795357338618,0.0922051559320247,0.0698505562064445,0.0757471980074719,0.0916812304636308,1.7256870121217025e-07,0.0009795357338618,3.844068646430969e-07,0.001865075135884,3.336842764568736e-07,0.0950854228831051,1.4784089996157058e-07,0.4900948664540608,1.0,0.4907722947023476,0.0143590314400077,0.9863784237536292,0.1440466137337498,0.1250152587890625,0.0330257874372078,0.0008077078405353,0.010471716338363,0.4988835443927633,0.98637839076049,0.0105671722744833,0.4931162237892596,Benign
0.3919836956521739,0.2707648991083998,0.1913580116965693,0.0152002107481559,7.55907607915309e-05,0.21498947002257,0.1913580116965693,0.0179638854296388,0.143391610767573,0.3919836956521739,7.55907607915309e-05,0.0,5.328786102525844e-05,0.4999999957599588,0.0,0.4999999989399897,0.0,0.0,8.336500091834885e-09,1.3020860689957046e-08,0.0,0.0,0.0,1.953129119881737e-08,1.1538683436219929e-05,0.0,0.0,8.333420556468491e-09,0.0,0.0,MSSQL
0.3505434782608695,0.2421398404504927,0.1711277886229285,0.0135932560590094,0.000135198726407,0.1602174559960227,0.1711277886229285,0.0160647571606475,0.1282323590226476,2.3369588586979893e-07,0.000135198726407,0.0,0.0001598635830757,3.248535870618685e-07,0.0254397126545438,3.312136512286586e-07,0.0250090919954884,0.0,0.0250091001235002,0.0195312652842525,0.0250002289607355,0.0255060615272115,0.0,0.0195312716675261,3.461605030865978e-05,0.0,0.0,0.0250002366691438,0.0,0.0,TFTP
0.0040760869565217,0.002815579540122,0.0019898580072433,0.0001580611169652,7.860391070176523e-07,0.0018629936743723,0.0019898580072433,0.0001867995018679,0.0014910739421238,0.0001116736152471,7.860391070176523e-07,0.0136986298828124,5.328786102525844e-05,0.0136986217730693,5.683567635140865e-07,0.0068493128359063,5.668820109705841e-07,1.0,8.336500091834885e-09,4.687510040470224e-07,6.000062950660457e-07,0.0,0.0891265869140625,1.953129119881737e-08,1.1538683436219929e-05,0.0,2.5440290011165232e-08,8.333420556468491e-09,0.0,0.0,Syn
0.0,0.0,0.0292414359631856,0.0257112750263435,0.0002021430570213,0.0345620689818284,0.0292414359631856,0.0201743462017434,0.0341455917578363,2.7978412544327094e-07,0.0002021430570213,1.6485679149627684e-06,0.0012789086646062,1.4714842850832331e-06,0.006015355732791,6.535603988335796e-07,0.0195082690370337,1.0,0.0228244702554343,0.003341576182534,0.1112087917655736,0.0104965334048519,0.4455718994140625,0.0076659835776606,0.0003923152368314,0.0,0.0198443081387626,0.1112087973187452,0.0016896898624113,0.0,Syn
0.2989130434782608,0.2064758329422806,0.1459229205311793,0.0115911485774499,0.0020751432425266,0.1108136245845788,0.1459229205311793,0.0136986301369863,0.1093454224224127,0.0028132992327365,0.0020751432425266,0.0,0.0037834381327933,0.004705873912765,1.5013497319851817e-06,0.0047058802141747,3.2428985627581944e-06,0.0,3.251235035815605e-06,1.045703467795668e-06,3.186700100461888e-05,1.5052653761416165e-06,0.0,1.0522138915813195e-06,0.0008192465239716,0.0,0.0,3.187533362849198e-05,0.0,0.0,DrDoS_NTP
0.0,0.0,0.0578385373863519,0.0185721812434141,0.0001142376835532,0.0629829865680703,0.0578385373863519,0.0135740971357409,0.0596952758693077,7.932821998876472e-06,0.0001142376835532,2.0468210220336914e-05,0.000213151444101,2.301825671255536e-05,0.0002890888252026,1.279051115584163e-05,0.0005291593477405,1.0,0.000727851486518,0.0002245171656245,0.0016285504195414,0.0005082925352249,0.1250152587890625,0.000424100282709,0.0001038481509259,0.0,0.00056976073509,0.0016285587122478,0.0020966004290378,0.0,Benign
0.3505434782608695,0.2421398404504927,0.1711277886229285,0.0135932560590094,0.000135198726407,0.1602174559960227,0.1711277886229285,0.0160647571606475,0.1282323590226476,2.3330261503511726e-07,0.000135198726407,0.0,0.0001598635830757,3.24292642610744e-07,0.0254831302936912,3.306527119154882e-07,0.025051599809811,0.0,0.0250516079374685,0.0195641889378995,0.0250423710695431,0.0255495924031493,0.0,0.0195641953209588,3.461605030865978e-05,0.0,0.0,0.0250423787768978,0.0,0.0,TFTP
0.2989130434782608,0.2064758329422806,0.1459229205311793,0.0115911485774499,0.0032280005994858,0.1102714794771416,0.1459229205311793,0.0136986301369863,0.1093454224224127,0.0258319914117015,0.0032280005994858,0.0,0.0059149525738036,0.0432098684295507,1.9810740122096028e-07,0.0432098729715852,4.001520077439417e-07,0.0,4.0848850449990937e-07,1.0751007811978768e-07,5.391723234829605e-06,1.9862408169281254e-07,0.0,1.1402050801348253e-07,0.0012807938614204,0.0,0.0,5.400056520591582e-06,0.0,0.0,DrDoS_NTP
0.0217391304347826,0.015016424213984,0.0106125760386312,0.0033719704952581,4.1922085707608124e-06,0.0218591257793023,0.0106125760386312,0.0009962640099626,0.0174952679667857,5.291643648016798e-06,4.1922085707608124e-06,4.868312072753906e-05,5.328786102525844e-05,4.867464189215959e-05,0.0001741516449799,2.4339440394803133e-05,0.0001712067038132,0.0,1.667300018366977e-08,0.0001337242412783,0.0001711684625091,0.0,0.0,3.906258239763474e-08,1.1538683436219929e-05,0.0,8.480096670388411e-09,1.6666841112936986e-08,6.315372369013188e-05,0.0,Benign
0.2989130434782608,0.2064758329422806,0.1459229205311793,0.0115911485774499,0.0023633575817664,0.1106285002009449,0.1459229205311793,0.0136986301369863,0.1093454224224127,0.0010526915291709,0.0023633575817664,0.0,0.0043163167430459,0.0017608573654631,8.790642432141725e-06,0.001760863728439,4.020694027810481e-05,0.0,4.021527644301149e-05,2.8006906956948986e-06,9.700935112310888e-05,8.813569153969033e-06,0.0,2.807201108054828e-06,0.0009346333583338,0.0,0.0,9.701768211840618e-05,0.0,0.0,DrDoS_NTP
0.3505434782608695,0.2421398404504927,0.1711277886229285,0.0135932560590094,0.000135198726407,0.1602174559960227,0.1711277886229285,0.0160647571606475,0.1282323590226476,2.337696792390054e-07,0.000135198726407,0.0,0.0001598635830757,3.2495884272116417e-07,0.0254322291338586,3.313189130315551e-07,0.0250015557993426,0.0,0.0250015639274172,0.019525099499722,0.0249923372112712,0.025498558488886,0.0,0.0195251058830358,3.461605030865978e-05,0.0,0.0,0.0249923449198768,0.0,0.0,TFTP
0.0,0.0,0.0,0.0,0.0,0.0,0.0,0.0,0.0,0.0,0.0,0.0046728969726562,0.0,0.0035046644468337,2.1602804237904453e-06,0.0011682221256201,1.750665033879745e-06,0.0,0.0,2.083337741243253e-06,1.7750186229037185e-06,0.0,0.0037841796875,0.0,0.0,0.0,2.5440290011165232e-08,0.0,0.0,0.0,Benign
0.0183423913043478,0.012670107930549,0.008954361032595,0.0014488935721812,3.5371759815794355e-06,0.0118610597268373,0.008954361032595,0.0008405977584059,0.0094931709544547,8.978695701228251e-07,3.5371759815794355e-06,1.611785316467285e-05,5.328786102525844e-05,1.6109373800844e-05,0.0005260547498228,8.056806578850512e-06,0.0005171631240083,0.0,2.5009500275504656e-08,0.0004039201254818,0.0005170220910901,0.0,0.0,5.859387359645212e-08,1.1538683436219929e-05,0.0,2.5440290011165232e-08,2.5000261669405472e-08,5.372452024328121e-06,0.0,Benign
0.3505434782608695,0.2421398404504927,0.1711277886229285,0.0135932560590094,0.0002027980896105,0.1495362922629545,0.1711277886229285,0.0160647571606475,0.1282323590226476,1.751870945659104e-07,0.0002027980896105,0.0,0.0002664393051262,2.4139918635482336e-07,0.0241464387371823,2.47759250750754e-07,0.0250372610295335,0.0,0.0250372691573105,0.0234488663468849,0.0500246748422135,0.0242094146446113,0.0,0.0234488727046533,5.7693417181099634e-05,0.0,0.0,0.0500246819250041,0.0,0.0,TFTP
0.2989130434782608,0.2064758329422806,0.1459229205311793,0.0115911485774499,0.0017869289032867,0.1110584608870482,0.1459229205311793,0.0136986301369863,0.1093454224224127,0.0070466192759133,0.0017869289032867,0.0,0.0032505595225407,0.0117870638632189,4.585260540745779e-07,0.0117870701705932,9.75370518875858e-07,0.0,9.837070108365164e-07,4.145329770711722e-07,1.0950114884955334e-05,4.59721927911273e-07,0.0,4.210434049660157e-07,0.0007038596896094,0.0,0.0,1.0958448031756066e-05,0.0,0.0,DrDoS_NTP
0.3505434782608695,0.2421398404504927,0.1711277886229285,0.0135932560590094,0.0003379968160175,0.1409913552120674,0.1711277886229285,0.0160647571606475,0.1282323590226476,1.460496321592606e-07,0.0003379968160175,0.0,0.0004795907492273,1.9983877450763145e-07,0.0232251707065242,2.06198839209398e-07,0.0250159779446217,0.0,0.0250159860725761,0.0260435251571982,0.1000079909171713,0.0232857438708055,0.0,0.0260435314980742,0.0001038481509259,0.0,0.0,0.100007996750366,0.0,0.0,TFTP
0.0040760869565217,0.002815579540122,0.0019898580072433,0.0001580611169652,3.1441564280706093e-06,0.0016394344097584,0.0019898580072433,0.0001867995018679,0.0014910739421238,6.259927719529245e-10,3.1441564280706093e-06,3.0715378001332286e-08,0.0003730150271768,6.830836491223597e-08,0.0856167202444642,5.931073556189637e-08,0.116711902600667,1.0,0.1167119099641984,0.070653311929208,0.2713110131713798,0.0927819239775368,0.0891265869140625,0.0908399865374715,8.077078405353949e-05,0.061179123907562,1.6960193340776826e-08,0.2713110063885335,0.0,0.1174314194106988,Syn
0.1521739130434782,0.1051149694978883,0.1425117382676025,0.0115911485774499,0.0011822028169545,0.1093429466313563,0.1425117382676025,0.0136986301369863,0.1068487411782978,0.0012027535378867,0.0011822028169545,0.0,0.0021848023020355,0.0020600268522779,9.926418574613614e-06,0.0020600332847373,3.617207420002006e-05,0.0,3.61804103985634e-05,2.4215624804685978e-06,4.246711221745235e-05,9.95230749446883e-06,0.0,2.4280728952968145e-06,0.000473086020885,0.0,0.0,4.24754445763199e-05,4.838812873814566e-05,0.0,DrDoS_NTP
0.2989130434782608,0.2064758329422806,0.1459229205311793,0.0115911485774499,0.0017869289032867,0.1110584608870482,0.1459229205311793,0.0136986301369863,0.1093454224224127,0.005470073404856,0.0017869289032867,0.0,0.0032505595225407,0.0091499325656326,1.4167063158494168e-06,0.0091499393056274,4.3433165840540335e-06,0.0,4.35165304793781e-06,5.358831496963161e-07,1.410848135481688e-05,1.420401202982547e-06,0.0,5.423935768011178e-07,0.0007038596896094,0.0,0.0,1.4116814422657625e-05,0.0,0.0,DrDoS_NTP
0.2989130434782608,0.2064758329422806,0.1459229205311793,0.0115911485774499,0.0001152857356959,0.1366195361206395,0.1459229205311793,0.0136986301369863,0.1093454224224127,0.0056398687448728,0.0001152857356959,0.0,0.0001598635830757,0.0094339538640692,8.734506712548799e-07,0.0094339598140421,8.586595166172083e-07,0.0,8.66996009550828e-07,6.8359517137976e-07,8.7500918030465e-07,8.757287027780953e-07,0.0,6.901055975228928e-07,3.461605030865978e-05,0.0,0.0,8.833425789856601e-07,0.0,0.0,DrDoS_NTP
0.3505434782608695,0.2421398404504927,0.1711277886229285,0.0135932560590094,0.0002027980896105,0.1495362922629545,0.1711277886229285,0.0160647571606475,0.1282323590226476,1.7506052860267568e-07,0.0002027980896105,0.0,0.0002664393051262,2.412186581576709e-07,0.0241639210934053,2.475787231825078e-07,0.0250672640936142,0.0,0.025067272221141,0.0234658195077559,0.0500608418883328,0.0242269425962639,0.0,0.0234658258654139,5.7693417181099634e-05,0.0,0.0,0.0500608489702192,0.0,0.0,TFTP
0.2989130434782608,0.2064758329422806,0.1459229205311793,0.0115911485774499,0.0005764286784796,0.1147604103413372,0.1459229205311793,0.0136986301369863,0.1093454224224127,0.014945652173913,0.0005764286784796,0.0,0.0010124693594799,0.0249999917319196,2.772777074024624e-07,0.0249999979329799,4.001520077439417e-07,0.0,4.0848850449990937e-07,1.9908210767671498e-07,1.658350732196432e-06,2.7800087057461985e-07,0.0,2.055925369742365e-07,0.0002192349852881,0.0,0.0,1.6666841112936982e-06,0.0,0.0,DrDoS_NTP
0.0,0.0,0.010214604184159,0.0012118018967334,1.0087501873393204e-05,0.0099359662633192,0.010214604184159,0.0014321295143212,0.0082837438069102,2.7273087908600444e-05,1.0087501873393204e-05,0.0,0.0001598635830757,0.0006517120676757,1.3379730280973026e-05,0.0006517184013806,1.5372506297496425e-05,0.0,1.5380842669435365e-05,9.358743760168751e-06,1.5975167606133466e-05,1.3414625723103017e-05,0.0038909912109375,9.36525412983293e-06,4.615473374487971e-05,0.0,0.0,1.5983500627306567e-05,7.32468643779611e-06,0.0,Benign
0.0040760869565217,0.002815579540122,0.0019898580072433,0.0001580611169652,3.930195535088261e-06,0.001596851670128,0.0019898580072433,0.0001867995018679,0.0014910739421238,5.623410764670418e-10,3.930195535088261e-06,3.9417430758476254e-08,0.0004795907492273,6.050042353308903e-08,0.0999561666913032,4.7151767981549865e-08,0.1728883009433208,1.0,0.1728891081425464,0.0762305844722651,0.4228292028497198,0.1126027202026147,0.0891265869140625,0.1101108474994439,0.0001038481509259,0.0870533141425641,0.1524444421378581,0.4228291922788792,0.0,0.1739541354024722,Syn
0.2010869565217391,0.1389019239793524,0.1363716061447877,0.0115911485774499,0.0002693494006713,0.1130712991087892,0.1363716061447877,0.0136986301369863,0.1028389165687825,0.0002774059841975,0.0002693494006713,0.0,0.0004795907492273,0.0004965158538202,1.0366754661762913e-05,0.0004965222035418,1.5647610802820385e-05,0.0,1.5655947172465915e-05,1.0920162259416471e-05,4.195044013003437e-05,1.0393792014518058e-05,0.0,1.0926672618915143e-05,0.0001038481509259,0.0,0.0,4.195877250181885e-05,7.750683992227922e-05,0.0,DrDoS_NTP
0.2241847826086956,0.1548568747067104,0.1192256589339977,0.0102476290832455,9.4193686324282e-05,0.1097924272096775,0.1192256589339977,0.0121108343711083,0.0878739591726287,4.587946037689001e-06,9.4193686324282e-05,0.0,0.0001598635830757,9.384366405395816e-06,0.0009028002608267,9.390726106824937e-06,0.0008875121436755,0.0,0.0008875204727769,0.0006931199561455,0.0008872009748835,0.0009051548385047,0.0,0.0006931264620636,3.461605030865978e-05,0.0,0.0,0.0008872092861238,2.3853962517555835e-05,0.0,DrDoS_UDP
0.0040760869565217,0.002815579540122,0.0019898580072433,0.0001580611169652,4.716234642105914e-06,0.0015649147338511,0.0019898580072433,0.0001867995018679,0.0014910739421238,9.607648950317775e-10,4.716234642105914e-06,9.428305923938753e-08,0.0005861664712778,1.0937374569147973e-07,0.067899672293765,6.85922777337398e-08,0.1301518747767641,1.0,0.1301528323892636,0.0436117605717588,0.3535490009849353,0.0827529388348192,0.0891265869140625,0.0753294118276655,0.0001269255177984,0.0572656452096491,0.1323942287718418,0.3535490004795383,0.0,0.130954246659488,Syn
0.0040760869565217,0.002815579540122,0.0019898580072433,0.0001580611169652,2.358117321052957e-06,0.0017387940960808,0.0019898580072433,0.0001867995018679,0.0014910739421238,3.3359991119374656e-10,2.358117321052957e-06,0.0,0.0002664393051262,3.2441507021622884e-08,0.1595606610808513,3.8801567012747876e-08,0.2017419283817106,1.0,0.2017419350363891,0.1431857163760273,0.3054654298414681,0.1599768084693295,0.0891265869140625,0.1431857219542572,5.7693417181099634e-05,0.1192921630273808,0.0,0.305465430538173,0.0,0.2029856403965232,Syn
0.1521739130434782,0.1051149694978883,0.1447485776029239,0.0115911485774499,0.0034879175308729,0.1093119194784054,0.1447485776029239,0.0136986301369863,0.1084725956918059,0.0278260869565217,0.0034879175308729,0.0,0.0064478311840562,0.046923068840906,2.1488431555704265e-07,0.0469230761044573,7.586215146812228e-07,0.0,7.669580084488095e-07,9.840973345890345e-08,5.408390076359217e-06,2.1544475160774741e-07,0.0,1.0492016341184544e-07,0.0013961806957826,0.0,0.0,5.416723361704519e-06,1.7186726254276404e-05,0.0,DrDoS_NTP
0.0,0.0,0.0,0.0,0.0,0.0,0.0,0.0,0.0,0.0,0.0,0.0,0.0,0.2499999936399381,0.0,0.2499999984099845,8.336500161332119e-09,0.0,1.667300018366977e-08,3.255215201593153e-08,8.33342076480619e-09,0.0,0.003631591796875,3.906258239763474e-08,1.1538683436219929e-05,0.0,0.0,1.6666841112936986e-08,0.0,0.0,Benign
0.0,0.0,0.042898995840698,0.0376712328767123,0.0002880833327219,0.0637037405844378,0.042898995840698,0.0336861768368617,0.0628351177460611,1.7281378270760678e-07,0.0002880833327219,5.101240873336792e-07,0.0017052115528082,4.8747391492764e-07,0.0598892574067907,2.3877191338085525e-07,0.2823860964183769,1.0,0.2830621925582131,0.0099879931386571,0.2940491683991917,0.0869829442022528,0.1250152587890625,0.0208839991303106,0.0003807765533952,0.0,0.0095658628077749,0.2940491777147268,0.0042481938270616,0.2841269655937343,Benign
0.218070652173913,0.1506335053965274,0.1154117644201146,0.0103530031612223,0.000136770804621,0.0997322613680668,0.1154117644201146,0.0122353673723536,0.0855237400255307,3.250363791674645e-06,0.000136770804621,0.0,0.0002664393051262,6.86585259273819e-06,0.0008777458544747,6.872212421981239e-06,0.0009176319187584,0.0,0.0009176402476087,0.0008523507923273,0.0018183690777222,0.0008800350881906,0.0,0.0008523572972087,5.7693417181099634e-05,0.0,0.0,0.001818377365683,2.581478814643425e-05,0.0,DrDoS_UDP
0.2010869565217391,0.1389019239793524,0.1437521709418871,0.0115911485774499,0.0012492781540867,0.1101537385194985,0.1437521709418871,0.0136986301369863,0.1077549450676128,0.0117572792551092,0.0012492781540867,0.0,0.0022913780240861,0.019963694048558,2.912879925736916e-07,0.0199637010473028,4.751805091959308e-07,0.0,4.835170053264234e-07,2.4376262625016817e-07,4.5833814206434045e-06,2.920476957272351e-07,0.0,2.502730552568002e-07,0.0004961633877574,0.0,0.0,4.5917147266141386e-06,2.057280346463828e-05,0.0,DrDoS_NTP
0.0040760869565217,0.002815579540122,0.010695486788933,0.0012118018967334,8.449920400439762e-06,0.0108674631005054,0.010695486788933,0.0014321295143212,0.0086979313290555,7.714425137783221e-05,8.449920400439762e-06,0.0,0.0001598635830757,0.0017605549151289,4.75310381200666e-06,0.001760561238204,4.68511309066865e-06,0.0,4.69344955170304e-06,3.691413961073868e-06,4.72504957364511e-06,4.765500299493825e-06,0.0039215087890625,3.697924367634805e-06,3.461605030865978e-05,0.0,0.0,4.733382876074103e-06,6.966827757998079e-06,0.0,Benign
0.0040760869565217,0.002815579540122,0.0019898580072433,0.0001580611169652,3.930195535088262e-07,0.0019871932526638,0.0019898580072433,0.0001867995018679,0.0014910739421238,3.728128313891834e-05,3.930195535088262e-07,0.0060975610351562,0.0,0.0045731622904057,1.661754103186301e-06,0.0015243881420002,1.342176525974471e-06,0.0,0.0,1.5950554580938908e-06,1.358347584663409e-06,0.0,0.4743804931640625,0.0,0.0,0.0,1.6960193340776826e-08,0.0,0.0,0.0,Benign
0.2989130434782608,0.2064758329422806,0.1459229205311793,0.0115911485774499,0.0039197150136613,0.1100992723348047,0.1459229205311793,0.0136986301369863,0.1093454224224127,0.0239130434782608,0.0039197150136613,0.0,0.0071938612384098,0.0399999918591208,2.043125872222217e-07,0.0399999979647802,3.918155075826096e-07,0.0,4.001520044080745e-07,1.1646436315224955e-07,7.075074229320455e-06,2.0484545133189517e-07,0.0,1.229747929876481e-07,0.0015577222638896,0.0,0.0,7.083407472998218e-06,0.0,0.0,DrDoS_NTP
0.2989130434782608,0.2064758329422806,0.1459229205311793,0.0115911485774499,0.0010375716212633,0.1123316202726459,0.1459229205311793,0.0136986301369863,0.1093454224224127,0.0185532233883058,0.0010375716212633,0.0,0.001865075135884,0.0310344745417132,2.4350914314679706e-07,0.0310344803676481,4.251615082279381e-07,0.0,4.33498004775414e-07,1.5532026626112965e-07,2.408358601028989e-06,2.441442351131043e-07,0.0,1.6183069584355958e-07,0.0004038539202676,0.0,0.0,2.4166919613758624e-06,0.0,0.0,DrDoS_NTP
0.3505434782608695,0.2421398404504927,0.1711277886229285,0.0135932560590094,0.000135198726407,0.1602174559960227,0.1711277886229285,0.0160647571606475,0.1282323590226476,3.5033765488862254e-07,0.000135198726407,0.0,0.0001598635830757,4.912263442825181e-07,0.0169695092285102,4.97586397810544e-07,0.0166823538758452,0.0,0.0166823620732729,0.0130285037224197,0.0166766249655902,0.0170137671107562,0.0,0.0130285101480292,3.461605030865978e-05,0.0,0.0,0.0166766328820908,0.0,0.0,TFTP
0.0040760869565217,0.002815579540122,0.0019898580072433,0.0001580611169652,5.502273749123566e-06,0.0015581402178595,0.0019898580072433,0.0001867995018679,0.0014910739421238,8.152200741195007e-10,5.502273749123566e-06,7.272750884294509e-08,0.0006927421933283,9.152024750817465e-08,0.0723072970657196,6.151655073280771e-08,0.1420005341195653,1.0,0.1420005412722779,0.0511532071926582,0.4583366253817613,0.0846022942008626,0.0891265869140625,0.0826321176614982,0.0001500028846708,0.0587734089326598,0.226408896828973,0.4583366305900668,0.0,0.1428759509102911,Syn
0.3505434782608695,0.2421398404504927,0.1711277886229285,0.0135932560590094,0.000135198726407,0.1602174559960227,0.1711277886229285,0.0160647571606475,0.1282323590226476,2.3377201769969495e-07,0.000135198726407,0.0,0.0001598635830757,3.2496217820000537e-07,0.0254319739303809,3.313222508916696e-07,0.0250013057043377,0.0,0.0250013138324144,0.0195249041868088,0.0249920872086482,0.0254983026198165,0.0,0.0195249105701238,3.461605030865978e-05,0.0,0.0,0.0249920949172601,0.0,0.0,TFTP
0.3505434782608695,0.2421398404504927,0.1711277886229285,0.0135932560590094,0.000270397452814,0.1441957103964204,0.1711277886229285,0.0160647571606475,0.1282323590226476,1.557985036358081e-07,0.000270397452814,0.0,0.0003730150271768,2.137441416928736e-07,0.0235528997078386,2.2010420053362401e-07,0.0250237642357723,0.0,0.0250237723636618,0.0251114284584259,0.075000103542753,0.0236143276164353,0.0,0.0251114348053702,8.077078405353949e-05,0.0,0.0,0.0750001100011513,0.0,0.0,TFTP
0.2989130434782608,0.2064758329422806,0.1459229205311793,0.0115911485774499,0.0054760724455563,0.1098708706445018,0.1459229205311793,0.0136986301369863,0.1093454224224127,0.0020543108681498,0.0054760724455563,0.0,0.0100714057337738,0.0034362933648719,2.132082686085944e-06,0.0034362996450769,7.0193331358416444e-06,0.0,7.0276695774168085e-06,1.421960670220016e-06,0.0001151845418111,2.137643333903671e-06,0.0,1.4284710915560714e-06,0.0021808111694455,0.0,0.0,0.000115192872352,0.0,0.0,DrDoS_NTP
0.3505434782608695,0.2421398404504927,0.1711277886229285,0.0135932560590094,0.000135198726407,0.1602174559960227,0.1711277886229285,0.0160647571606475,0.1282323590226476,2.315147829188178e-07,0.000135198726407,0.0,0.0001598635830757,3.2174255646974613e-07,0.0256799325669424,3.28102616590334e-07,0.0252450649690551,0.0,0.0252450730950997,0.0197152695798345,0.0252357564318112,0.0257469079529908,0.0,0.0197152759619102,3.461605030865978e-05,0.0,0.0,0.0252357641343312,0.0,0.0,TFTP
0.2989130434782608,0.2064758329422806,0.1459229205311793,0.0115911485774499,0.0055337153134042,0.109864874436834,0.1459229205311793,0.0136986301369863,0.1093454224224127,0.0014660085916988,0.0055337153134042,0.0,0.0101779814558243,0.0024522240940998,3.460767527527124e-06,0.0024522305511938,2.2375166433015405e-05,0.0,2.2383502746576668e-05,1.99508900362716e-06,0.0001631100446295,3.469793495199575e-06,0.0,2.0015994212319027e-06,0.002203888536318,0.0,0.0,0.0001631183739723,0.0,0.0,DrDoS_NTP
0.0292119565217391,0.020178320037541,0.0142606490519107,0.0026870389884088,5.633280266959842e-06,0.0206792297855331,0.0142606490519107,0.0013387297633872,0.0165509203783745,4.766084516286468e-06,5.633280266959842e-06,4.838397598266601e-05,5.328786102525844e-05,4.837549555527296e-05,0.0001752031831404,2.4189868022049517e-05,0.0001722487663334,0.0,2.5009500275504656e-08,0.0001345510691233,0.0001722268069462,0.0,0.0,5.859387359645212e-08,1.1538683436219929e-05,0.0,1.6960193340776826e-08,2.5000261669405472e-08,2.3853962517555835e-05,0.0,Benign
0.218070652173913,0.1506335053965274,0.1154117644201146,0.0103530031612223,0.000136770804621,0.0997322613680668,0.1154117644201146,0.0122353673723536,0.0855237400255307,3.2460942397124937e-06,0.000136770804621,0.0,0.0002664393051262,6.856822735638214e-06,0.0008789520466312,6.863182556697203e-06,0.0009218668608404,0.0,0.0009218751896553,0.0008534718579317,0.0018207607694817,0.000881244426196,0.0,0.0008534783628059,5.7693417181099634e-05,0.0,0.0,0.0018207690573828,2.581478814643425e-05,0.0,UDP
0.2989130434782608,0.2064758329422806,0.1459229205311793,0.0115911485774499,0.0005764286784796,0.1147604103413372,0.1459229205311793,0.0136986301369863,0.1093454224224127,0.0014261118486558,0.0005764286784796,0.0,0.0010124693594799,0.0023854877233528,2.861554563365196e-06,0.0023854939787867,5.802204112287155e-06,0.0,5.810540564008915e-06,2.14809936790118e-06,1.7458516502268968e-05,2.869017734114589e-06,0.0,2.15460978450976e-06,0.0002192349852881,0.0,0.0,1.7466849486357957e-05,0.0,0.0,DrDoS_NTP
0.3505434782608695,0.2421398404504927,0.1711277886229285,0.0135932560590094,0.0002027980896105,0.1495362922629545,0.1711277886229285,0.0160647571606475,0.1282323590226476,1.710075796286057e-07,0.0002027980896105,0.0,0.0002664393051262,2.354377076340055e-07,0.024748805236461,2.417977729816153e-07,0.0262569660316379,0.0,0.0262569741492468,0.0240219705868516,0.0512473043363013,0.0248133521654932,0.0,0.0240219769408888,5.7693417181099634e-05,0.0,0.0,0.0512473113885258,0.0,0.0,TFTP
0.0040760869565217,0.002815579540122,0.0019898580072433,0.0001580611169652,4.716234642105914e-06,0.0015835446232165,0.0019898580072433,0.0001867995018679,0.0014910739421238,5.075295534898855e-10,4.716234642105914e-06,3.112847916781902e-08,0.0005861664712778,5.377687665754162e-08,0.1033851173380792,4.457269734839282e-08,0.1823433926963005,1.0,0.1823433995126949,0.0836588228458164,0.5354209924585792,0.113454267192163,0.0891265869140625,0.1140802211067164,0.0001269255177984,0.0859552882620318,0.4772246990888577,0.5354210040731759,0.0,0.1834675161388098,Syn
0.3505434782608695,0.2421398404504927,0.1711277886229285,0.0135932560590094,0.000135198726407,0.1602174559960227,0.1711277886229285,0.0160647571606475,0.1282323590226476,2.336686245030122e-07,0.000135198726407,0.0,0.0001598635830757,3.248147026313934e-07,0.0254432396033261,3.311747591978602e-07,0.025012376576552,0.0,0.0250123847045364,0.0195335443418091,0.0250031456580031,0.0255095976745676,0.0,0.0195335507250679,3.461605030865978e-05,0.0,0.0,0.0250031533663385,0.0,0.0,TFTP
0.3505434782608695,0.2421398404504927,0.1711277886229285,0.0135932560590094,0.0002027980896105,0.1495362922629545,0.1711277886229285,0.0160647571606475,0.1282323590226476,1.7496950846614425e-07,0.0002027980896105,0.0,0.0002664393051262,2.410888309850833e-07,0.024176460947743,2.474488893647505e-07,0.0250602447604783,0.0,0.0250602528880637,0.0234780265648346,0.0500868838282228,0.0242395151555778,0.0,0.0234780329224131,5.7693417181099634e-05,0.0,0.0,0.0500868909094581,0.0,0.0,TFTP
1.0,0.6907555138432661,0.4881784977770364,0.0387776606954689,0.0001928415942549,0.548465337735222,0.4881784977770364,0.0458281444582814,0.365810140467708,0.0227272727272727,0.0001928415942549,0.0,5.328786102525844e-05,0.0113636279799185,0.0,0.0113636346228205,3.584695069372811e-07,0.0,3.66806004040735e-07,8.528663877068602e-07,3.583370928866662e-07,0.0,0.0,8.593768127479643e-07,1.1538683436219929e-05,0.0,0.0,3.666705044846136e-07,0.0,0.0,DrDoS_LDAP
0.0,0.0,0.0,0.0,0.0,0.0,0.0,0.0,0.0,0.0,0.0,1.2182048797607422e-05,0.0,1.2173568554154305e-05,0.0,6.0889043911458055e-06,0.0003421549761215,0.0,0.0,0.0008016358107526,0.0003420285884499,0.0,0.0039520263671875,0.0,0.0,0.0,0.0,0.0,0.0,0.0,Benign
0.0,0.0,0.0,0.0,0.0,0.0,0.0,0.0,0.0,0.0,0.0,2.497110702097416e-08,0.0,5.394768448976585e-08,0.1053303627012046,4.7822193576824184e-08,0.1502260587907498,1.0,0.1502260658748903,0.0869061734668382,0.3337225179720843,0.1141483019188457,0.0891265869140625,0.1117365149910863,8.077078405353949e-05,0.0753527263414624,8.480096670388411e-09,0.3337225262957752,0.0,0.1511521844992941,UDP-lag
0.25,0.1726888784608165,0.1444305270257468,0.0115911485774499,0.0009128534162831,0.1115933210949041,0.1444305270257468,0.0136986301369863,0.1082610022521429,0.0121376811594202,0.0009128534162831,0.0,0.001651923691783,0.0205128122066884,3.276388467718443e-07,0.020512818235967,6.835930132292338e-07,0.0,6.919295076222955e-07,2.392058228889643e-07,3.2417006775096085e-06,3.284933559567808e-07,0.0,2.457162519252631e-07,0.0003576991865228,0.0,0.0,3.250034017022712e-06,6.952292156250494e-06,0.0,DrDoS_NTP
0.0040760869565217,0.002815579540122,0.0019898580072433,0.0001580611169652,6.288312856141219e-06,0.0015649147338511,0.0019898580072433,0.0001867995018679,0.0014910739421238,6.311861358125233e-10,6.288312856141219e-06,3.097019903361797e-08,0.0007993179153788,6.894541755108235e-08,0.0782140935536732,5.98203776275482e-08,0.1130111134300475,1.0,0.1130111208244305,0.0663839816067317,0.5381573711677525,0.0836643628681981,0.0891265869140625,0.0840863883072253,0.0001730802515432,0.0372285582858994,0.0339204121218436,0.538157366047098,0.0,0.1137078155235209,Syn
0.3505434782608695,0.2421398404504927,0.1711277886229285,0.0135932560590094,0.000135198726407,0.1602174559960227,0.1711277886229285,0.0160647571606475,0.1282323590226476,2.34033049820738e-07,0.000135198726407,0.0,0.0001598635830757,3.253345030889915e-07,0.0254036077884311,3.316945713060484e-07,0.0249734201112981,0.0,0.0249734282396072,0.0195031267969803,0.02496421191619,0.0254698624966247,0.0,0.0195031331804371,3.461605030865978e-05,0.0,0.0,0.0249642196254987,0.0,0.0,TFTP
0.3926630434782608,0.2712341623650868,0.1916896546977765,0.0152265542676501,7.572176730936717e-05,0.2153620687574444,0.1916896546977765,0.0179950186799501,0.1436401230912603,0.3926630434782608,7.572176730936717e-05,0.0,5.328786102525844e-05,0.4999999957599588,0.0,0.4999999989399897,0.0,0.0,8.336500091834885e-09,1.3020860689957046e-08,0.0,0.0,0.0,1.953129119881737e-08,1.1538683436219929e-05,0.0,0.0,8.333420556468491e-09,0.0,0.0,DrDoS_MSSQL
0.2989130434782608,0.2064758329422806,0.1459229205311793,0.0115911485774499,0.0020751432425266,0.1108136245845788,0.1459229205311793,0.0136986301369863,0.1093454224224127,0.0001393931133606,0.0020751432425266,0.0,0.0037834381327933,0.0002331581842436,2.9750429327754894e-05,0.0002331645369678,9.153477177142668e-05,0.0,9.154310750843888e-05,2.122978013509313e-05,0.0006433150827807,2.9828020905697647e-05,0.0,2.123629042747175e-05,0.0008192465239716,0.0,0.0,0.0006433234001182,0.0,0.0,DrDoS_NTP
0.2989130434782608,0.2064758329422806,0.1459229205311793,0.0115911485774499,0.0005764286784796,0.1147604103413372,0.1459229205311793,0.0136986301369863,0.1093454224224127,0.0004913908326126,0.0005764286784796,0.0,0.0010124693594799,0.0008219543741671,5.943730342229204e-06,0.0008219607113118,9.595311685693269e-06,0.0,9.603648105793789e-06,6.246586744521785e-06,5.068386509155125e-05,5.959232082087779e-06,0.0,6.253097134447446e-06,0.0002192349852881,0.0,0.0,5.069219724499783e-05,0.0,0.0,DrDoS_NTP
0.2010869565217391,0.1389019239793524,0.1411472633379835,0.0115911485774499,0.0005575637399111,0.1111834640026504,0.1411472633379835,0.0136986301369863,0.1059372512449885,0.0025496511003757,0.0005575637399111,0.0,0.0010124693594799,0.0044091626331454,9.39903223982826e-07,0.0044091687877644,1.6339540316210951e-06,0.0,1.6422905180914724e-06,1.1591992962424486e-06,9.441765726525417e-06,9.423545692544814e-07,0.0,1.1657097192891937e-06,0.0002192349852881,0.0,0.0,9.450098911035267e-06,4.285431110984947e-05,0.0,DrDoS_NTP
0.2989130434782608,0.2064758329422806,0.1459229205311793,0.0115911485774499,0.0021327861103745,0.1107725986984878,0.1459229205311793,0.0136986301369863,0.1093454224224127,0.0005714468641467,0.0021327861103745,0.0,0.0038900138548438,0.0009558662825961,6.502625348861318e-06,0.0009558726378652,2.0916278904782283e-05,0.0,2.0924615230505563e-05,5.171689803491269e-06,0.0001612766920612,6.51958473307827e-06,0.0,5.178200200414973e-06,0.000842323890844,0.0,0.0,0.0001612850214498,0.0,0.0,DrDoS_NTP
0.3505434782608695,0.2421398404504927,0.1711277886229285,0.0135932560590094,0.0002027980896105,0.1495362922629545,0.1711277886229285,0.0160647571606475,0.1282323590226476,1.7522139218374733e-07,0.0002027980896105,0.0,0.0002664393051262,2.41448106988432e-07,0.0241417147188499,2.478081712630571e-07,0.0250254815548056,0.0,0.0250254896826807,0.0234442764934233,0.0500148830728149,0.0242046783056487,0.0,0.0234442828512216,5.7693417181099634e-05,0.0,0.0,0.0500148901558503,0.0,0.0,TFTP
0.3505434782608695,0.2421398404504927,0.1711277886229285,0.0135932560590094,0.000135198726407,0.1602174559960227,0.1711277886229285,0.0160647571606475,0.1282323590226476,2.226814562138173e-07,0.000135198726407,0.0,0.0001598635830757,3.091430826131334e-07,0.0266985928542908,3.155031483324217e-07,0.0262464787144349,0.0,0.0262464868321313,0.0204973342228749,0.0262368086011835,0.0267682249905398,0.0,0.020497340599859,3.461605030865978e-05,0.0,0.0,0.026236816278677,0.0,0.0,TFTP
0.0040760869565217,0.002815579540122,0.0019898580072433,0.0001580611169652,3.1441564280706093e-06,0.0016394344097584,0.0019898580072433,0.0001867995018679,0.0014910739421238,4.1329567723457577e-10,3.1441564280706093e-06,2.0279040560126303e-08,0.0003730150271768,4.2217521072199326e-08,0.1371950542432605,3.843806063523392e-08,0.2223006047755724,1.0,0.2223006112588635,0.1070140968722751,0.410937603087019,0.1497919088648419,0.0891265869140625,0.1375895675717441,8.077078405353949e-05,0.1275210437483114,8.480096670388411e-09,0.410937601146892,0.0,0.223671057426805,Syn
0.0224184782608695,0.015485687470671,0.0109442190398384,0.0032929399367755,4.323215088597088e-06,0.021672826411865,0.0109442190398384,0.0010273972602739,0.017346160951773,5.195399638031904e-06,4.323215088597088e-06,4.84027099609375e-05,5.328786102525844e-05,4.839423087981805e-05,0.0001751226144616,2.4199235011205117e-05,0.0001721737378319,0.0,2.5009500275504656e-08,0.0001344989793219,0.0001721601395801,0.0,0.0,5.859387359645212e-08,1.1538683436219929e-05,0.0,2.5440290011165232e-08,2.5000261669405472e-08,5.800055312436585e-05,0.0,Benign
0.0,0.0,0.0,0.0,0.0,0.0,0.0,0.0,0.0,0.0,0.0,0.0,0.0,0.3749999946999485,0.0,0.3749999986749871,0.0,0.0,8.336500091834885e-09,1.3020860689957046e-08,8.33342076480619e-09,0.0,0.00384521484375,1.953129119881737e-08,2.3077366872439854e-05,0.0,0.0,1.6666841112936986e-08,0.0,0.0,Benign
0.2989130434782608,0.2064758329422806,0.1459229205311793,0.0115911485774499,0.0006917144141755,0.1138496159607131,0.1459229205311793,0.0136986301369863,0.1093454224224127,0.0071311262857636,0.0006917144141755,0.0,0.0012256208035809,0.0119284210445308,9.285930321629064e-07,0.0119284275927679,2.509286548560968e-06,0.0,2.5176230277341358e-06,4.206304333745045e-07,4.183377223932708e-06,9.310148795197424e-07,0.0,4.27140861229651e-07,0.000265389719033,0.0,0.0,4.191710539903651e-06,0.0,0.0,DrDoS_NTP
0.2989130434782608,0.2064758329422806,0.1459229205311793,0.0115911485774499,0.0003458572070877,0.118403595444374,0.1459229205311793,0.0136986301369863,0.1093454224224127,0.0033711997384766,0.0003458572070877,0.0,0.0005861664712778,0.0056390893120984,8.742803098158435e-07,0.0056390955481844,1.2338020238771536e-06,0.0,1.2421385136833978e-06,9.380938339923884e-07,4.425046426112087e-06,8.765605051049784e-07,0.0,9.446042584786252e-07,0.0001269255177984,0.0,0.0,4.433379736041238e-06,0.0,0.0,DrDoS_NTP
0.0040760869565217,0.002815579540122,0.0019898580072433,0.0001580611169652,3.1441564280706093e-06,0.0016766943069351,0.0019898580072433,0.0001867995018679,0.0014910739421238,3.3029605122086706e-10,3.1441564280706093e-06,0.0,0.0003730150271768,3.2036233528179585e-08,0.1314235486464389,3.8396296405609314e-08,0.1644683023963728,1.0,0.1644683093617829,0.13773139819469,0.4113612241981771,0.1317663121207394,0.0891265869140625,0.1377314038084299,8.077078405353949e-05,0.0409316878449664,0.0,0.4113612389143006,0.0,0.1654822290403492,Syn
0.2989130434782608,0.2064758329422806,0.1459229205311793,0.0115911485774499,0.0057642867847961,0.1098421100732104,0.1459229205311793,0.0136986301369863,0.1093454224224127,0.0253746216874584,0.0057642867847961,0.0,0.0106042843440264,0.0424448136116018,1.976249395312988e-07,0.0424448182824633,4.4183450855060236e-07,0.0,4.501710049590838e-07,1.0910696443795485e-07,9.808436240176888e-06,1.9814036170319898e-07,0.0,1.1561739432125325e-07,0.0022961980038077,0.0,0.0,9.816769415519882e-06,0.0,0.0,DrDoS_NTP
0.2989130434782608,0.2064758329422806,0.1459229205311793,0.0115911485774499,0.0057642867847961,0.1098421100732104,0.1459229205311793,0.0136986301369863,0.1093454224224127,0.0050161611592257,0.0057642867847961,0.0,0.0106042843440264,0.0083906611665032,1.902354776821309e-06,0.0083906678196428,7.511186645360239e-06,0.0,7.519523082835066e-06,5.783486804774495e-07,4.965052091671529e-05,1.9073162752694268e-06,0.0,5.848591073057822e-07,0.0022961980038077,0.0,0.0,4.965885309599574e-05,0.0,0.0,DrDoS_NTP
0.2989130434782608,0.2064758329422806,0.1459229205311793,0.0115911485774499,0.0001729286035438,0.1275115619922364,0.1459229205311793,0.0136986301369863,0.1093454224224127,2.443830409426017e-05,0.0001729286035438,0.0,0.0002664393051262,4.087013802189377e-05,0.0001491179079293,4.087649639910032e-05,0.0001701062857919,0.0,0.0001701146208739,0.0001433297265377,0.000305778208123,0.0001495068197547,0.0,0.0001433362360351,5.7693417181099634e-05,0.0,0.0,0.000305786533899,0.0,0.0,DrDoS_NTP
0.0,0.0,0.0101980222871221,0.0012118018967334,8.056900846930936e-06,0.0104948643656309,0.0101980222871221,0.0014321295143212,0.0083997163510309,0.0001541693406064,8.056900846930936e-06,0.0,0.0001065757220505,0.0036900284515783,2.259959420972841e-06,0.0036900347530367,2.225845543075676e-06,0.0,2.2341820246117494e-06,1.7578162688143206e-06,2.250023606497672e-06,2.2658535818815134e-06,0.2502899169921875,1.7643266879638114e-06,3.461605030865978e-05,0.0,0.0,2.258356970802961e-06,9.11854992143317e-06,0.0,Benign
0.2989130434782608,0.2064758329422806,0.1459229205311793,0.0115911485774499,0.0012105002248071,0.1118979072189125,0.1459229205311793,0.0136986301369863,0.1093454224224127,0.009612823756575,0.0012105002248071,0.0,0.0021848023020355,0.0160796241218178,6.16784470194661e-07,0.0160796307265685,2.08412504033303e-06,0.0,2.092461523050556e-06,3.0456111306497805e-07,5.433390338653636e-06,6.183930950573732e-07,0.0,3.110715416757858e-07,0.000473086020885,0.0,0.0,5.441723623373925e-06,0.0,0.0,DrDoS_NTP
0.0040760869565217,0.002815579540122,0.0019898580072433,0.0001580611169652,1.5720782140353049e-06,0.0018629936743723,0.0019898580072433,0.0001867995018679,0.0014910739421238,1.770837011755326e-09,1.5720782140353049e-06,0.0,0.0001598635830757,2.0874259285222442e-07,0.0390387330286382,2.1510265557062805e-07,0.0383776453747033,1.0,0.0383776533912682,0.0299712214560347,0.0383634858302388,0.0391405492701185,0.0891265869140625,0.0299712277713398,3.461605030865978e-05,0.0,0.0,0.0383634932045622,0.0,0.0,Syn
0.3505434782608695,0.2421398404504927,0.1711277886229285,0.0135932560590094,0.000135198726407,0.1602174559960227,0.1711277886229285,0.0160647571606475,0.1282323590226476,2.332871663456418e-07,0.000135198726407,0.0,0.0001598635830757,3.242706072705302e-07,0.0254848304262119,3.3063065819687454e-07,0.0250532671098433,0.0,0.0250532752374868,0.0195654841066556,0.0250440294202753,0.0255512969697562,0.0,0.0195654904897065,3.461605030865978e-05,0.0,0.0,0.0250440371275886,0.0,0.0,TFTP
0.9789402173913044,0.676208352885969,0.4778975647396124,0.0379610115911485,0.000188780392202,0.5369147769541134,0.4778975647396124,0.0448630136986301,0.3581062584334016,0.4894701086956522,0.000188780392202,0.0,5.328786102525844e-05,0.2499999936399381,0.0,0.2499999984099845,8.336500161332119e-09,0.0,1.667300018366977e-08,3.255215201593153e-08,8.33342076480619e-09,0.0,0.0,3.906258239763474e-08,1.1538683436219929e-05,0.0,0.0,1.6666841112936986e-08,0.0,0.0,DrDoS_SNMP
0.2989130434782608,0.2064758329422806,0.1459229205311793,0.0115911485774499,0.0012105002248071,0.1118979072189125,0.1459229205311793,0.0136986301369863,0.1093454224224127,0.0031338861273307,0.0012105002248071,0.0,0.0021848023020355,0.0052421283591791,1.2501678749260597e-06,0.0052421346098428,3.4012920658235043e-06,0.0,3.409628537560468e-06,9.47664572054558e-07,1.6683508371141993e-05,1.253428416044313e-06,0.0,9.541749964784854e-07,0.000473086020885,0.0,0.0,1.669184137460639e-05,0.0,0.0,DrDoS_NTP
0.0040760869565217,0.002815579540122,0.0019898580072433,0.0001580611169652,4.716234642105914e-06,0.0015731946978408,0.0019898580072433,0.0001867995018679,0.0014910739421238,6.125420196747232e-10,4.716234642105914e-06,5.0092324614524845e-08,0.0005861664712778,6.665840595211814e-08,0.0908224819590602,4.7972304149718935e-08,0.1620506173115845,1.0,0.1620506242971496,0.0688069115380613,0.4990836778862538,0.1037848388379765,0.0891265869140625,0.1063379586816316,0.0001269255177984,0.0737412981614164,0.2201983284304806,0.4990836904092929,0.0,0.1630496393507878,Syn
0.0040760869565217,0.002815579540122,0.0019898580072433,0.0001580611169652,4.716234642105914e-06,0.0015835446232165,0.0019898580072433,0.0001867995018679,0.0014910739421238,5.278265754424231e-10,4.716234642105914e-06,3.2373365014791493e-08,0.0005861664712778,5.6266644704833006e-08,0.0901621328624409,4.644002519148772e-08,0.1291201828627983,1.0,0.129120190122888,0.0804418092030466,0.5148319347783824,0.0971281196735054,0.0891265869140625,0.1096932098997396,0.0001269255177984,0.0310203982749223,0.523892604528046,0.5148310885653936,0.0,0.1299161945457086,Syn
0.0040760869565217,0.002815579540122,0.0019898580072433,0.0001580611169652,3.930195535088261e-06,0.001596851670128,0.0019898580072433,0.0001867995018679,0.0014910739421238,6.255712215938615e-10,3.930195535088261e-06,4.384956508874893e-08,0.0004795907492273,6.825665473441907e-08,0.0820981436051046,5.2691934043490826e-08,0.1177919378790684,1.0,0.117791945233596,0.0685255095754595,0.3800913794587228,0.0907472752263487,0.0891265869140625,0.098981302538685,0.0001038481509259,0.0319676247992789,0.0736168809688856,0.3800913782897594,0.0,0.1185181129172817,Syn
0.2989130434782608,0.2064758329422806,0.1459229205311793,0.0115911485774499,0.001441071696199,0.1114815384422256,0.1459229205311793,0.0136986301369863,0.1093454224224127,0.0076801912507261,0.001441071696199,0.0,0.0026111051902376,0.012846856993711,3.805786061083139e-07,0.01284686314159,7.919675153265513e-07,0.0,8.00304008816149e-07,3.8132522205204236e-07,8.100084983391618e-06,3.8157118655997307e-07,0.0,3.878356501630826e-07,0.0005653954883747,0.0,0.0,8.108418201443841e-06,0.0,0.0,DrDoS_NTP
0.3505434782608695,0.2421398404504927,0.1711277886229285,0.0135932560590094,0.000135198726407,0.1602174559960227,0.1711277886229285,0.0160647571606475,0.1282323590226476,2.3369978087004173e-07,0.000135198726407,0.0,0.0001598635830757,3.248591427211767e-07,0.0254392499834907,3.312191944606345e-07,0.0250086501609799,0.0,0.0250086582889953,0.0195309393558285,0.0249998122896972,0.025505597649474,0.0,0.0195309457391042,3.461605030865978e-05,0.0,0.0,0.0249998199981159,0.0,0.0,TFTP
0.3505434782608695,0.2421398404504927,0.1711277886229285,0.0135932560590094,0.000135198726407,0.1602174559960227,0.1711277886229285,0.0160647571606475,0.1282323590226476,2.336723628284178e-07,0.000135198726407,0.0,0.0001598635830757,3.248200348165132e-07,0.0254427053284194,3.311800938135789e-07,0.0250118930595426,0.0,0.0250119011875311,0.0195332318411479,0.0250027456538064,0.0255090620062279,0.0,0.0195332382244087,3.461605030865978e-05,0.0,0.0,0.0250027533621518,0.0,0.0,TFTP
0.2010869565217391,0.1389019239793524,0.1440126536055245,0.0115911485774499,0.0014222067576306,0.1100507644550752,0.1440126536055245,0.0136986301369863,0.1079420573738266,0.0086056009334889,0.0014222067576306,0.0,0.0026111051902376,0.014585755937655,3.539633561931405e-07,0.014585762559339,8.086405156492156e-07,0.0,8.169770089998187e-07,3.350878641158652e-07,7.133408174674099e-06,3.548865218738225e-07,0.0,3.415982925279306e-07,0.0005653954883747,0.0,0.0,7.141741416893497e-06,1.820313231927358e-05,0.0,DrDoS_NTP
0.0,0.0,0.0,0.0,0.0,0.0,0.0,0.0,0.0,0.0,0.0,0.0114942529296874,0.0,0.011494244490953,7.250860605710739e-07,0.0057471243570072,7.086025137132301e-07,1.0,0.0,5.598970178172428e-07,7.166741857733324e-07,0.0,0.0891265869140625,0.0,1.1538683436219929e-05,0.0,8.480096670388411e-09,0.0,0.0,0.0,UDP-lag
0.218070652173913,0.1506335053965274,0.1200879327613247,0.0105637513171759,0.0004743746010851,0.0939321395457461,0.1200879327613247,0.0124844333748443,0.0894999372045275,2.491139935067065e-06,0.0004743746010851,0.0,0.0010124693594799,5.054980309055088e-06,0.0008267658615534,5.061340340200258e-06,0.0009233841038697,0.0,0.000923392432672,0.0010150727705395,0.0082289696689401,0.0008289221352354,0.0,0.0010150792743615,0.0002192349852881,0.0,0.0,0.0082289777966342,2.1533861036504905e-05,0.0,DrDoS_UDP
0.0040760869565217,0.002815579540122,0.0019898580072433,0.0001580611169652,2.358117321052957e-06,0.0016766943069351,0.0019898580072433,0.0001867995018679,0.0014910739421238,4.890869060479704e-10,2.358117321052957e-06,2.9997330158948896e-08,0.0002664393051262,5.151457855214888e-08,0.1272700404424439,4.287597662545827e-08,0.1821070362437264,1.0,0.1821070430620912,0.0930144188130604,0.2778054063083878,0.1448467512889616,0.0891265869140625,0.1302201965582271,5.7693417181099634e-05,0.1051594431604758,8.480096670388411e-09,0.2778054076966005,0.0,0.1832297025901344,Syn
0.0040760869565217,0.002815579540122,0.0019898580072433,0.0001580611169652,5.502273749123566e-06,0.0015524947286436,0.0019898580072433,0.0001867995018679,0.0014910739421238,8.631020179442562e-10,5.502273749123566e-06,8.822820335626602e-08,0.0006927421933283,9.739376600048588e-08,0.0715988154916016,5.963972339943159e-08,0.126602042951066,1.0,0.1266020502321481,0.0481244312528654,0.4722651048480583,0.086639623134534,0.0891265869140625,0.0851431483488285,0.0001500028846708,0.0457842302005124,0.0842815862231128,0.4722646097029149,0.0,0.1273825307428029,Syn
0.0224184782608695,0.015485687470671,0.0109442190398384,0.0016069546891464,4.323215088597088e-06,0.0137240534012096,0.0109442190398384,0.0010273972602739,0.0109842448965785,1.3899245962949228e-06,4.323215088597088e-06,2.176562690734863e-05,5.328786102525844e-05,2.175714782284596e-05,0.00038954627762,1.08806934561751e-05,0.0003829621444112,0.0,1.667300018366977e-08,0.000299108712154,0.0003828623501974,0.0,0.0,3.906258239763474e-08,1.1538683436219929e-05,0.0,2.5440290011165232e-08,1.6666841112936986e-08,5.372452024328121e-06,0.0,Benign
0.8029891304347826,0.5546691694040357,0.3920020274269409,0.0311380400421496,0.0001548497040824,0.4404117046216252,0.3920020274269409,0.036799501867995,0.2937415665983905,0.4014945652173913,0.0001548497040824,0.0,5.328786102525844e-05,0.2499999936399381,0.0,0.2499999984099845,8.336500161332119e-09,0.0,1.667300018366977e-08,3.255215201593153e-08,8.33342076480619e-09,0.0,0.0,3.906258239763474e-08,1.1538683436219929e-05,0.0,0.0,1.6666841112936986e-08,0.0,0.0,MSSQL
0.3505434782608695,0.2421398404504927,0.1711277886229285,0.0135932560590094,0.000135198726407,0.1602174559960227,0.1711277886229285,0.0160647571606475,0.1282323590226476,2.331482201529938e-07,0.000135198726407,0.0,0.0001598635830757,3.240724204514292e-07,0.0254989125173934,3.304324727525762e-07,0.0250674725061182,0.0,0.0250674806336433,0.0195771442875772,0.0250589545768651,0.0255654157881951,0.0,0.0195771506705521,3.461605030865978e-05,0.0,0.0,0.0250589622838052,0.0,0.0,TFTP
0.218070652173913,0.1506335053965274,0.1154117644201146,0.0103530031612223,0.000136770804621,0.0997322613680668,0.1154117644201146,0.0122353673723536,0.0855237400255307,3.258233018039575e-06,0.000136770804621,0.0,0.0002664393051262,6.8824955543867615e-06,0.0008757786418755,6.888855469349286e-06,0.0009229756153618,0.0,0.0009229839441675,0.0008502921484451,0.0018139773649791,0.0008780627449384,0.0,0.0008502986533399,5.7693417181099634e-05,0.0,0.0,0.0018139856530498,2.581478814643425e-05,0.0,DrDoS_UDP
0.3505434782608695,0.2421398404504927,0.1711277886229285,0.0135932560590094,0.000135198726407,0.1602174559960227,0.1711277886229285,0.0160647571606475,0.1282323590226476,2.3351716721910197e-07,0.000135198726407,0.0,0.0001598635830757,3.245986705346817e-07,0.0254597176696043,3.3095872216241377e-07,0.0250285827328656,0.0,0.0250285908607149,0.0195462128256454,0.0250193624948115,0.0255261187170043,0.0,0.0195462192088217,3.461605030865978e-05,0.0,0.0,0.0250193702027414,0.0,0.0,TFTP
0.2989130434782608,0.2064758329422806,0.1459229205311793,0.0115911485774499,0.0015563574318949,0.1113196256741147,0.1459229205311793,0.0136986301369863,0.1093454224224127,0.0001845944094122,0.0015563574318949,0.0,0.0028242566343386,0.0003087676255528,1.9408115469490385e-05,0.0003087739731633,5.670487409738108e-05,0.0,5.6713210124752725e-05,1.6105330291261063e-05,0.0003643371558373,1.945873343831304e-05,0.0,1.6111840617002058e-05,0.0006115502221196,0.0,0.0,0.0003643454801493,0.0,0.0,DrDoS_NTP
0.1032608695652173,0.0713280150164242,0.1415814112316537,0.0115911485774499,0.0012304132155182,0.108527848996115,0.1415814112316537,0.0136986301369863,0.1061644677128129,0.015871728314947,0.0012304132155182,0.0,0.0022913780240861,0.0273631758315616,3.857799137623649e-07,0.0273631815317399,1.2338020238771536e-06,0.0,1.2421385136833978e-06,1.7608442639353774e-07,3.3417017266872828e-06,3.86786059654166e-07,0.0,1.8259485584078402e-07,0.0004961633877574,0.0,0.0,3.350035063700333e-06,8.229121385855312e-05,0.0,DrDoS_NTP
0.0,0.0,0.0,0.0,0.0,0.0,0.0,0.0,0.0,0.0,0.0,0.0102040820312499,0.0,0.0076530528093059,9.762805804460788e-07,0.0025510183932001,7.919675153265513e-07,0.0,0.0,9.505228443367328e-07,8.083418141862005e-07,0.0,0.0017852783203125,0.0,0.0,0.0,1.6960193340776826e-08,0.0,0.0,0.0,Benign
0.3505434782608695,0.2421398404504927,0.1711277886229285,0.0135932560590094,0.000135198726407,0.1602174559960227,0.1711277886229285,0.0160647571606475,0.1282323590226476,2.3354680501018658e-07,0.000135198726407,0.0,0.0001598635830757,3.246409445936414e-07,0.0254564991681908,3.310010116579716e-07,0.0250254148628043,0.0,0.02502542299068,0.019543732351647,0.0250161874615001,0.0255228918214732,0.0,0.0195437387348395,3.461605030865978e-05,0.0,0.0,0.0250161951695094,0.0,0.0,TFTP
0.0,0.0,0.0042450304787083,0.0008166491043203,4.1922085707608124e-06,0.0023065635630002,0.0042450304787083,0.0009651307596513,0.0020191626299593,3.997699563763029e-09,4.1922085707608124e-06,1.838941872119904e-07,0.0001598635830757,3.133347351801115e-07,0.0324566387626572,2.2774770648072897e-07,0.0451580210699206,0.0,0.0453331038683894,0.0177015604850724,0.0453163837777264,0.040040045018819,0.0038604736328125,0.0265523509307402,4.615473374487971e-05,0.0,8.480096670388411e-09,0.0453163909782255,4.558214346959682e-06,0.0454364207423607,Benign
0.2989130434782608,0.2064758329422806,0.1459229205311793,0.0115911485774499,0.0038044292779654,0.1101236286119684,0.1459229205311793,0.0136986301369863,0.1093454224224127,0.0304919024259122,0.0038044292779654,0.0,0.0069807097943088,0.0510046287376033,1.8754783143059322e-07,0.0510046347068603,3.834790074212775e-07,0.0,3.918155043162396e-07,8.995327864882824e-08,5.383389814064799e-06,1.8803697167190278e-07,0.0,9.64637086568254e-08,0.0015115675301448,0.0,0.0,5.391723100035114e-06,0.0,0.0,DrDoS_NTP
0.3505434782608695,0.2421398404504927,0.1711277886229285,0.0135932560590094,0.0002027980896105,0.1495362922629545,0.1711277886229285,0.0160647571606475,0.1282323590226476,1.7527036617923308e-07,0.0002027980896105,0.0,0.0002664393051262,2.415179613701823e-07,0.0241349655966617,2.478780279068819e-07,0.0250107009400195,0.0,0.0250107090680179,0.0234377261865949,0.0500009079261923,0.0241979115811922,0.0,0.0234377325444358,5.7693417181099634e-05,0.0,0.0,0.0500009150095771,0.0,0.0,TFTP
0.0,0.0,0.0,0.0,0.0,0.0,0.0,0.0,0.0,0.0,0.0,0.0,0.0,1.940862057365285e-08,0.3040694430768312,2.5768681716787313e-08,0.2989203106863553,1.0,0.2989203165309062,0.2334432803975658,0.2988099016805517,0.3048624813094087,0.0891265869140625,0.2334432853881801,3.461605030865978e-05,0.0,0.0,0.2988098942102261,0.0,0.300763110394539,UDP-lag
0.0040760869565217,0.002815579540122,0.0019898580072433,0.0001580611169652,3.930195535088261e-06,0.001596851670128,0.0019898580072433,0.0001867995018679,0.0014910739421238,5.005669362004836e-10,3.930195535088261e-06,3.508735820651054e-08,0.0004795907492273,5.2922795596132287e-08,0.1058002822675311,4.17391782114405e-08,0.1494998829346965,1.0,0.1494998900248907,0.0856380750805623,0.4750098586451002,0.1177589200596402,0.0891265869140625,0.1236993234282603,0.0001038481509259,0.0644019659027324,0.3312945824122252,0.4750093717647578,0.0,0.1504215318963731,Syn
0.2989130434782608,0.2064758329422806,0.1459229205311793,0.0115911485774499,0.0001152857356959,0.1366195361206395,0.1459229205311793,0.0136986301369863,0.1093454224224127,0.000120943978749,0.0001152857356959,0.0,0.0001598635830757,0.0002022978133588,4.187899181958839e-05,0.0002023041700811,4.1173974296819337e-05,0.0,4.1182310453664336e-05,3.2174546449397675e-05,4.11837654196722e-05,4.198821569068398e-05,0.0,3.218105667052115e-05,3.461605030865978e-05,0.0,0.0,4.119209781062375e-05,0.0,0.0,DrDoS_NTP
0.0,0.0,0.0476736814235387,0.015858798735511,0.0001129931216337,0.0270134082783991,0.0476736814235387,0.0187422166874221,0.0257387758401852,5.819357884505925e-06,0.0001129931216337,3.150747489929199e-05,0.0003730150271768,3.937586418714937e-05,0.0002261204796588,2.36284857271582e-05,0.0003471985587191,1.0,0.0003513751423707,0.0001304974678645,0.0010579527663544,0.0002843137371214,0.1250152587890625,0.0002254159532394,0.0001269255177984,0.0,0.0003636774258062,0.0010579610733259,0.0007299969362232,0.0,Benign
0.3505434782608695,0.2421398404504927,0.1711277886229285,0.0135932560590094,0.000135198726407,0.1602174559960227,0.1711277886229285,0.0160647571606475,0.1282323590226476,2.3367649070167554e-07,0.000135198726407,0.0,0.0001598635830757,3.2482592263578336e-07,0.025442384029077,3.311859946734242e-07,0.0250115345900357,0.0,0.0250115427180271,0.0195328863814325,0.0250023039825059,0.0255087398689102,0.0,0.0195328927646956,3.461605030865978e-05,0.0,0.0,0.0250023116908623,0.0,0.0,TFTP
0.2010869565217391,0.1389019239793524,0.1339837724877192,0.0115911485774499,0.0002117065328234,0.1140152128715882,0.1339837724877192,0.0136986301369863,0.101393028064419,0.0097152751058099,0.0002117065328234,0.0,0.0003730150271768,0.0176991067142553,3.570142263534532e-07,0.0176991131518769,4.501710087119344e-07,0.0,4.585075050509187e-07,3.087804044110045e-07,9.333431256582934e-07,3.579453489556043e-07,0.0,3.1529083299434284e-07,8.077078405353949e-05,0.0,0.0,9.416765228809396e-07,9.209917875491232e-05,0.0,DrDoS_NTP
0.3505434782608695,0.2421398404504927,0.1711277886229285,0.0135932560590094,0.000135198726407,0.1602174559960227,0.1711277886229285,0.0160647571606475,0.1282323590226476,2.334101915096967e-07,0.000135198726407,0.0,0.0001598635830757,3.244460850253988e-07,0.0254713982777003,3.308061342714653e-07,0.0250400620935878,0.0,0.0250400702213414,0.0195551715848355,0.0250308292817838,0.0255378297890914,0.0,0.0195551779679535,3.461605030865978e-05,0.0,0.0,0.0250308369894271,0.0,0.0,TFTP
0.0040760869565217,0.002815579540122,0.0019898580072433,0.0001580611169652,3.930195535088261e-06,0.0016394344097584,0.0019898580072433,0.0001867995018679,0.0014910739421238,4.156874227521412e-10,3.930195535088261e-06,0.0,0.0004795907492273,4.251090852484196e-08,0.095175739210276,4.887097083148329e-08,0.1095781843461118,1.0,0.1095781917691133,0.1063983729132237,0.4085731866136828,0.0954239654024373,0.0891265869140625,0.1063983787309551,0.0001038481509259,0.0118775923655842,0.0,0.4085731763992463,0.0,0.1102537230335104,Syn
0.0,0.0,0.0,0.0,0.0,0.0,0.0,0.0,0.0,0.0,0.0,2.4158090591430663e-05,0.0,2.4149610666954133e-05,0.0,1.2076925300752153e-05,0.0001725322073389,0.0,0.0,0.000404232626143,0.0001724684761484,0.0,0.247344970703125,0.0,0.0,0.0,0.0,0.0,0.0,0.0,Benign
0.0,0.0,0.0373170462761818,0.0189936775553213,0.0001695224340801,0.0185471363931508,0.0373170462761818,0.0224470734744707,0.0181522049249851,1.8800610424092203e-08,0.0001695224340801,1.8120206892490385e-07,0.0008526057764041,1.7684022189146898e-07,0.0508097235477299,9.259924801139977e-08,0.0834633473057244,1.0,0.0842244440588164,0.0269468302911446,0.5058861909226198,0.0674044394189223,0.9802398681640624,0.0538936732522795,0.0002538510355968,0.0004722599855562,0.0856739926561006,0.5058861949421738,0.0007442541280795,0.0839778926002073,Benign
0.3505434782608695,0.2421398404504927,0.1711277886229285,0.0135932560590094,0.000135198726407,0.1602174559960227,0.1711277886229285,0.0160647571606475,0.1282323590226476,2.333818314046177e-07,0.000135198726407,0.0,0.0001598635830757,3.2440563340230737e-07,0.0254744809153918,3.307656925198995e-07,0.0250430965796465,0.0,0.0250431047073748,0.0195575482988487,0.025033870980363,0.0255409204665567,0.0,0.0195575546819512,3.461605030865978e-05,0.0,0.0,0.0250338786879302,0.0,0.0,TFTP
0.3505434782608695,0.2421398404504927,0.1711277886229285,0.0135932560590094,0.000270397452814,0.1441957103964204,0.1711277886229285,0.0160647571606475,0.1282323590226476,1.5579448756398404e-07,0.000270397452814,0.0,0.0003730150271768,2.1373841334231626e-07,0.0235535276185536,2.2009847848771345e-07,0.0250111094285274,0.0,0.0250111175565224,0.025112075432451,0.0750020368963704,0.0236149571647934,0.0,0.0251120817793912,8.077078405353949e-05,0.0,0.0,0.0750020433547204,0.0,0.0,TFTP
0.0258152173913043,0.017832003754106,0.0126024340458745,0.0020284510010537,4.978247677778465e-06,0.0166427434910597,0.0126024340458745,0.0011830635118306,0.0133202601704396,3.7639718635575255e-06,4.978247677778465e-06,4.817884063720703e-05,5.328786102525844e-05,4.817036017966503e-05,0.0001759494295508,2.408730034910257e-05,0.0001729823783476,0.0,2.5009500275504656e-08,0.0001351239806444,0.0001729601479735,0.0,0.0,5.859387359645212e-08,1.1538683436219929e-05,0.0,1.6960193340776826e-08,2.5000261669405472e-08,1.0422830888295866e-05,0.0,Benign
0.3505434782608695,0.2421398404504927,0.1711277886229285,0.0135932560590094,0.000135198726407,0.1602174559960227,0.1711277886229285,0.0160647571606475,0.1282323590226476,2.3427227433180174e-07,0.000135198726407,0.0,0.0001598635830757,3.256757225495265e-07,0.025377666997518,3.320357780957885e-07,0.0249479187573045,0.0,0.0249479268858263,0.019483212204062,0.0249387199820704,0.0254438540499854,0.0,0.0194832185876485,3.461605030865978e-05,0.0,0.0,0.0249387276920165,0.0,0.0,TFTP
